source_id,z_spec,Usage
2,0.5998657,Private
5,0.2044096,Public
15,0.1396966,Private
18,0.1178311,Private
20,0.2659881,Public
22,0.3993947,Private
26,0.04895276,Private
28,0.5394448,Private
36,0.07627275,Public
37,0.304402,Public
42,0.08105966,Public
45,0.02993071,Private
48,0.08054091,Private
50,0.1309245,Private
51,0.1054941,Public
55,0.08449697,Public
56,0.5819622,Private
58,0.03434445,Public
60,0.6300759,Private
64,0.03850097,Private
66,0.06905285,Private
74,0.4718752,Public
77,0.228219,Private
79,0.3304005,Private
94,0.05824341,Private
111,0.506193,Public
112,0.09880916,Public
117,0.09866443,Public
125,0.1027108,Public
126,0.1562832,Private
129,0.335986,Private
132,0.05869368,Private
136,0.1561162,Public
138,0.190347,Public
148,0.2369344,Public
153,0.4984083,Public
155,0.4348536,Public
159,0.1125069,Public
162,0.1268754,Public
163,0.431703,Private
169,0.3605291,Public
174,0.4711338,Private
178,0.1604485,Private
183,0.5906169,Public
184,0.5425636,Private
192,0.6579251,Private
193,0.6927139,Public
203,0.2534606,Public
205,0.1589206,Private
206,0.4337879,Public
207,0.1656052,Public
209,0.1346359,Public
211,0.07534426,Private
215,0.1627754,Private
228,0.03666924,Private
229,0.40183,Private
235,0.624745,Public
238,0.05654807,Private
244,0.1886365,Public
246,0.5705295,Public
255,0.1987704,Private
260,0.5206785,Public
276,0.057213,Private
281,0.1281285,Private
282,0.6145586,Private
287,0.08353627,Private
294,0.1081771,Private
296,0.5021896,Public
301,0.2003357,Public
302,0.1149076,Public
306,0.7489087,Public
307,0.4394497,Public
319,0.223515,Private
320,0.1460116,Public
329,0.06148952,Public
336,0.4510658,Public
338,0.1565758,Public
340,0.1238068,Private
358,0.1218135,Private
363,0.464153,Private
364,0.124555,Private
366,0.1462689,Public
368,0.09968811,Private
370,0.2990763,Public
384,0.2179931,Public
386,0.3226203,Public
389,0.09552798,Private
390,0.2148981,Public
395,0.5899507,Public
404,0.05921166,Private
412,0.4158296,Public
415,0.1249879,Private
427,0.1242933,Public
432,0.1756688,Public
434,0.2352773,Public
440,0.6370391,Private
442,0.5759979,Public
443,0.5987218,Public
445,0.1520499,Public
453,0.55368,Private
463,0.5972271,Private
486,0.1005088,Private
490,0.4291269,Public
492,0.7112445,Private
493,0.5821083,Private
495,0.4708298,Private
496,0.1594914,Public
500,0.4781398,Public
507,0.5429386,Public
511,0.3375304,Private
515,0.5767885,Public
518,0.1245703,Public
526,0.606089,Public
527,0.09984811,Private
528,0.399404,Public
533,0.1232344,Private
534,0.1412377,Private
552,0.7700056,Private
555,0.3540212,Public
557,0.6347514,Private
559,0.3920757,Private
560,0.0738344,Private
565,0.2660441,Public
567,0.08971159,Public
569,0.03900028,Public
570,0.4166925,Public
587,0.5808208,Public
589,0.1050726,Public
591,0.5508717,Public
594,0.07226059,Private
595,0.7279655,Public
597,0.07827444,Private
610,0.634982,Private
615,0.3140665,Public
619,0.06914588,Private
634,0.1627583,Public
636,0.1661705,Private
637,0.6548941,Public
639,0.06755447,Private
645,0.7930217,Public
654,0.5150532,Public
660,0.5424173,Public
661,0.2773602,Private
663,0.0929459,Private
670,0.28817,Public
671,0.46416,Public
684,0.326316,Public
691,0.1174963,Private
692,0.5817361,Public
693,0.2385806,Public
694,0.547508,Private
704,0.2068844,Private
706,0.09747883,Public
717,0.1087871,Private
719,0.5467946,Public
727,0.4394681,Private
728,0.5843807,Public
731,0.6297652,Private
737,0.2558349,Private
755,0.2985047,Private
757,0.1039393,Public
760,0.2756136,Private
765,0.1639141,Public
767,0.4002944,Public
769,0.3559173,Private
781,0.643544,Public
786,0.1430647,Private
792,0.5166962,Private
798,0.4958761,Public
799,0.1731062,Private
801,0.0909733,Public
806,0.2796558,Private
814,0.2248162,Public
823,0.4646214,Private
824,0.07991295,Public
834,0.1232764,Public
835,0.5518205,Public
840,0.07472818,Private
846,0.07669956,Private
854,0.1167089,Private
858,0.5572795,Private
860,0.1534109,Private
863,0.5060735,Private
864,0.4545442,Public
865,0.06555589,Private
868,0.5185825,Private
869,0.0832239,Public
877,0.4932291,Public
882,0.361458,Private
887,0.5013611,Public
888,0.05549928,Private
891,0.5358077,Public
893,0.1262953,Public
901,0.5081043,Private
903,0.1144895,Public
908,0.2021029,Public
909,0.388103,Private
916,0.6524773,Private
917,0.05718452,Public
922,0.1098494,Public
924,0.2750366,Private
929,0.2366798,Private
944,0.4297573,Private
946,0.1288595,Public
947,0.2063197,Public
956,0.5137339,Public
958,0.1175989,Public
968,0.1037034,Private
973,0.07937439,Public
981,0.5803746,Private
982,0.1027878,Private
987,0.299459,Private
992,0.1513502,Public
997,0.07549866,Private
1007,0.2396368,Private
1010,0.5388051,Private
1014,0.0807283,Public
1015,0.5539055,Public
1016,0.1500238,Private
1044,0.54034,Public
1049,0.1733495,Public
1051,0.5320029,Public
1055,0.1411534,Private
1058,0.02516172,Private
1062,0.5594255,Public
1067,0.4866866,Private
1069,0.1074399,Public
1071,0.06001048,Private
1073,0.4943181,Private
1074,0.04683118,Public
1079,0.4763,Public
1080,0.5076373,Public
1082,0.1431182,Private
1089,0.5584979,Private
1094,0.1111045,Private
1095,0.08058508,Private
1102,0.12646,Public
1105,0.06068318,Private
1110,0.3668022,Public
1112,0.6363627,Public
1115,0.1428332,Private
1125,0.1252223,Private
1128,0.03929891,Public
1129,0.7507368,Private
1130,0.06106674,Private
1132,0.03824142,Private
1134,0.07210852,Private
1140,0.09635537,Public
1150,0.0948646,Public
1151,0.3284479,Public
1159,0.6441433,Private
1160,0.371902,Private
1161,0.6571288,Public
1168,0.3090875,Public
1177,0.03245946,Public
1184,0.5558847,Private
1195,0.2654029,Private
1207,0.4409956,Public
1211,0.06628598,Public
1212,0.5831274,Private
1214,0.08108034,Public
1218,0.5202381,Private
1223,0.7163329,Public
1225,0.1445506,Public
1238,0.04730567,Private
1239,0.184703,Public
1242,0.5068327,Public
1244,0.07049798,Public
1245,0.6074481,Public
1252,0.5113443,Public
1263,0.3141507,Public
1269,0.0159717,Public
1279,0.6648126,Public
1283,0.08446493,Private
1286,0.5568551,Private
1293,0.4600982,Public
1299,0.07812463,Public
1301,0.5519768,Private
1306,0.03851632,Private
1307,0.6185709,Private
1310,0.1346596,Public
1312,0.2370584,Public
1313,0.7303546,Public
1316,0.3906085,Public
1320,0.5448862,Private
1324,0.0718529,Public
1333,0.3364915,Public
1341,0.5953274,Public
1342,0.581314,Private
1353,0.1018834,Public
1354,0.09523836,Private
1358,0.7811711,Public
1359,0.1685768,Private
1367,0.3163691,Public
1375,0.5920101,Private
1378,0.3324488,Private
1379,0.2093121,Private
1381,0.480946,Private
1391,0.4293473,Private
1401,0.119829,Private
1403,0.2327817,Private
1407,0.4956215,Public
1408,0.429932,Private
1431,0.06751772,Private
1435,0.1797843,Private
1436,0.08620642,Public
1439,0.1952441,Public
1454,0.1360552,Private
1460,0.08903298,Public
1461,0.4135679,Public
1462,0.518935,Public
1466,0.5521129,Public
1468,0.1199338,Public
1476,0.4740985,Public
1481,0.4903484,Public
1502,0.05763981,Public
1505,0.1050974,Public
1509,0.08480053,Private
1511,0.07627865,Public
1515,0.4144584,Private
1524,0.08285759,Private
1528,0.517599,Public
1532,0.1511342,Public
1537,0.7199521,Private
1538,0.3290818,Private
1539,0.06983744,Private
1541,0.0256089,Private
1542,0.4472273,Private
1552,0.5166985,Private
1559,0.2171038,Public
1560,0.5124493,Private
1561,0.1758857,Public
1567,0.2123657,Private
1577,0.587827,Private
1582,0.05583756,Public
1587,0.08488318,Private
1589,0.1582936,Public
1591,0.07450181,Private
1597,0.08411975,Public
1600,0.124827,Private
1605,0.2794089,Public
1607,0.04075322,Private
1609,0.5502301,Private
1614,0.4415169,Private
1617,0.3208137,Private
1620,0.07074345,Private
1622,0.09254885,Private
1626,0.3892474,Public
1629,0.06328428,Private
1630,0.4842724,Public
1643,0.1233685,Private
1645,0.2426626,Public
1648,0.08473481,Private
1651,0.06912308,Private
1652,0.7143999,Public
1657,0.6033329,Private
1658,0.6574363,Private
1659,0.2470418,Private
1663,0.07203262,Public
1669,0.5508511,Private
1674,0.1204962,Private
1694,0.5285091,Public
1695,0.5014842,Public
1700,0.1416899,Public
1701,0.7289857,Private
1708,0.5050007,Public
1711,0.1152137,Private
1725,0.05250018,Private
1737,0.1474292,Public
1740,0.07995322,Private
1746,0.1408097,Private
1750,0.6851315,Public
1753,0.4462479,Public
1754,0.05108444,Public
1756,0.505659,Public
1759,0.4814206,Public
1766,0.03382362,Private
1769,0.1309347,Public
1776,0.07860605,Public
1778,0.629819,Private
1779,0.2368793,Private
1780,0.0463069,Private
1783,0.0607446,Private
1789,0.5555953,Public
1799,0.1772147,Public
1802,0.1001842,Private
1813,0.1542461,Private
1814,0.490344,Private
1816,0.5062062,Public
1821,0.06619078,Private
1828,0.5861849,Private
1831,0.5830593,Public
1832,0.2979091,Private
1843,0.1109871,Private
1845,0.08570995,Public
1849,0.0541596,Public
1865,0.1247219,Private
1868,0.1102113,Public
1875,0.52397,Public
1881,0.1542731,Public
1883,0.07391761,Public
1885,0.1335866,Private
1893,0.02318443,Private
1894,0.1164697,Public
1898,0.06493007,Private
1906,0.4993022,Private
1908,0.5725522,Public
1909,0.5827327,Private
1917,0.1844977,Public
1919,0.1327507,Private
1920,0.0563955,Private
1922,0.08365417,Private
1924,0.6548671,Public
1925,0.1831191,Private
1932,0.1930009,Public
1933,0.05912431,Public
1936,0.1738172,Public
1942,0.5182289,Private
1949,0.5456728,Public
1950,0.5561573,Private
1951,0.0631709,Private
1961,0.5506676,Public
1963,0.07039843,Public
1969,0.5924982,Public
1979,0.4192513,Private
1980,0.0920866,Private
1982,0.07281385,Public
1986,0.4597277,Private
1987,0.5376961,Public
1988,0.2064172,Private
1995,0.06781314,Private
1996,0.462589,Private
1999,0.2626401,Private
2011,0.2656307,Private
2013,0.05035583,Public
2015,0.08033812,Public
2016,0.0508956,Public
2017,0.1252334,Private
2019,0.07689962,Private
2023,0.4326984,Private
2024,0.1330669,Private
2035,0.4511684,Public
2036,0.1048098,Private
2042,0.05742747,Public
2049,0.305655,Public
2050,0.4305347,Private
2056,0.7035807,Private
2064,0.2080229,Private
2076,0.2892581,Public
2079,0.1064154,Private
2093,0.06946956,Public
2096,0.4411277,Private
2100,0.04890494,Private
2103,0.06749712,Public
2105,0.6034734,Public
2106,0.07363115,Public
2108,0.07702054,Private
2118,0.5163049,Public
2123,0.5823054,Private
2124,0.07619593,Private
2147,0.178534,Private
2155,0.5218623,Public
2159,0.5440773,Private
2164,0.1659421,Public
2169,0.6159275,Private
2175,0.2122559,Private
2176,0.5921305,Private
2179,0.0820992,Private
2187,0.1169071,Public
2196,0.2203391,Private
2198,0.6383801,Public
2199,0.1087444,Public
2200,0.1487822,Public
2203,0.03983741,Public
2204,0.1142089,Public
2219,0.2388374,Public
2224,0.1079207,Public
2243,0.4111053,Private
2244,0.08537712,Private
2246,0.6110046,Public
2251,0.1065974,Public
2257,0.5100233,Public
2260,0.6300476,Private
2261,0.1124325,Public
2263,0.7934064,Public
2274,0.07278806,Public
2282,0.06472443,Public
2291,0.2018266,Public
2315,0.07252807,Private
2335,0.08375146,Private
2336,0.2266962,Private
2340,0.2791404,Private
2347,0.1232909,Private
2352,0.1767502,Public
2356,0.20664,Private
2365,0.5726268,Private
2366,0.0869586,Public
2368,0.1237387,Private
2369,0.04969751,Public
2379,0.1289851,Private
2382,0.5810804,Private
2384,0.3320206,Private
2387,0.4930564,Private
2389,0.4985051,Private
2395,0.5666097,Private
2396,0.4486776,Private
2402,0.4602655,Public
2407,0.2937178,Private
2413,0.1578549,Public
2419,0.143194,Public
2426,0.1825987,Public
2429,0.265944,Private
2431,0.1460376,Public
2438,0.2211383,Public
2443,0.1605845,Public
2451,0.07524934,Public
2452,0.2916576,Public
2454,0.06377484,Private
2459,0.08360893,Public
2460,0.4847364,Private
2461,0.5160318,Private
2462,0.5482459,Public
2466,0.1961174,Public
2469,0.07508354,Private
2470,0.03303131,Public
2473,0.1539939,Public
2482,0.06129524,Private
2486,0.530637,Private
2506,0.6982599,Private
2523,0.6531672,Public
2526,0.2660459,Private
2537,0.06617584,Private
2539,0.5025831,Public
2551,0.460332,Private
2552,0.5775963,Public
2555,0.1051769,Public
2557,0.1896377,Private
2565,0.5110472,Public
2567,0.583883,Public
2568,0.3156818,Private
2573,0.03040821,Private
2580,0.5741542,Private
2581,0.02827557,Private
2589,0.4556722,Private
2591,0.4176283,Public
2596,0.06037904,Public
2597,0.2723576,Public
2599,0.6631869,Public
2600,0.06053367,Private
2606,0.03033866,Public
2610,0.1403533,Public
2620,0.28056,Public
2631,0.5619592,Public
2637,0.5901586,Private
2642,0.02823674,Public
2643,0.0546956,Public
2654,0.4967549,Public
2659,0.08198692,Public
2665,0.04477789,Private
2669,0.117711,Public
2670,0.3985,Public
2673,0.3862683,Public
2674,0.5420346,Private
2682,0.01704137,Private
2693,0.1151432,Private
2695,0.5342116,Private
2696,0.06999054,Private
2708,0.3879577,Public
2711,0.09613493,Public
2716,0.2131639,Private
2717,0.3671539,Public
2719,0.07466327,Private
2739,0.3352158,Public
2745,0.05702715,Private
2747,0.7493748,Private
2763,0.09572333,Private
2765,0.1502643,Private
2775,0.4828282,Private
2779,0.7241094,Private
2786,0.07337552,Public
2795,0.3764688,Public
2800,0.5668988,Private
2801,0.08591685,Public
2802,0.7670344,Public
2809,0.4317125,Private
2810,0.483256,Private
2811,0.3087074,Public
2821,0.1100428,Public
2837,0.2157629,Public
2839,0.04125058,Public
2841,0.6252973,Private
2850,0.6544572,Public
2853,0.06988901,Public
2860,0.5769497,Private
2866,0.4945987,Public
2869,0.5888103,Public
2871,0.5172557,Private
2881,0.1655827,Private
2882,0.05883771,Private
2887,0.05686669,Private
2889,0.4827684,Public
2890,0.2840883,Private
2892,0.140818,Private
2895,0.1263207,Private
2911,0.1760628,Private
2919,0.1151761,Private
2920,0.1576789,Private
2921,0.02607213,Public
2925,0.1155691,Private
2928,0.734193,Public
2939,0.1565793,Private
2953,0.08428673,Private
2956,0.4199167,Private
2962,0.1898523,Private
2963,0.5216699,Public
2970,0.0606718,Private
2972,0.04179076,Private
2978,0.5679704,Public
2983,0.7196145,Public
2985,0.1201626,Public
2988,0.6912215,Private
2994,0.1512798,Public
3006,0.1380064,Private
3009,0.3246114,Public
3017,0.3843136,Private
3020,0.06115061,Public
3034,0.07517727,Private
3042,0.1761572,Public
3044,0.4764553,Private
3048,0.4108688,Private
3051,0.1422108,Private
3052,0.1012543,Private
3055,0.1097371,Public
3060,0.5322263,Public
3061,0.5539742,Public
3065,0.4556672,Public
3078,0.02775308,Private
3081,0.441971,Private
3084,0.6994939,Private
3086,0.04583495,Private
3088,0.3864222,Private
3089,0.3321976,Private
3090,0.1296473,Public
3092,0.0776813,Public
3093,0.4489736,Private
3098,0.255979,Private
3107,0.07426033,Public
3114,0.5930899,Private
3121,0.04710509,Private
3127,0.1045181,Public
3134,0.1098749,Public
3143,0.3341659,Private
3145,0.01734434,Private
3159,0.5770062,Public
3164,0.0658475,Private
3174,0.4188008,Public
3178,0.2589422,Private
3188,0.08306671,Public
3190,0.05261631,Private
3191,0.5671923,Public
3192,0.09792156,Public
3194,0.2181904,Private
3196,0.1261832,Public
3199,0.1167859,Public
3201,0.5322222,Public
3203,0.07201097,Private
3205,0.5134851,Private
3206,0.2482978,Private
3212,0.1843878,Public
3216,0.1621949,Public
3225,0.07472035,Public
3228,0.04553669,Private
3232,0.05130877,Private
3236,0.07533634,Private
3239,0.4775651,Private
3240,0.08952595,Public
3255,0.05305604,Private
3258,0.610459,Public
3260,0.4795384,Public
3262,0.5619049,Public
3267,0.04936721,Public
3271,0.08430807,Public
3273,0.2139996,Public
3285,0.6434591,Public
3291,0.1594515,Private
3293,0.07623829,Public
3307,0.09885025,Public
3312,0.1290514,Private
3317,0.7295572,Private
3320,0.5500683,Private
3321,0.08512693,Public
3323,0.1510099,Private
3326,0.1048901,Public
3327,0.08722179,Public
3331,0.06079393,Private
3332,0.1683815,Private
3333,0.1309276,Private
3338,0.1060064,Private
3339,0.7735307,Private
3343,0.05083615,Public
3346,0.2870212,Public
3358,0.2801831,Public
3364,0.1176233,Public
3373,0.644209,Private
3376,0.107972,Public
3385,0.07414536,Private
3389,0.1602665,Private
3392,0.3011169,Private
3404,0.4539834,Public
3405,0.08663627,Public
3407,0.5118464,Private
3412,0.4839913,Private
3415,0.3849715,Private
3420,0.4857891,Private
3430,0.3472141,Private
3435,0.5499179,Public
3436,0.6318908,Private
3439,0.08539797,Public
3443,0.1283391,Private
3447,0.4499126,Private
3449,0.4928051,Private
3453,0.5499673,Public
3454,0.5885884,Public
3465,0.1591496,Private
3471,0.1047333,Public
3476,0.1292138,Public
3484,0.6797,Public
3487,0.254899,Public
3491,0.06679418,Public
3497,0.09598931,Private
3512,0.2082602,Public
3513,0.5793989,Public
3515,0.5016047,Public
3516,0.5277982,Public
3526,0.1626404,Public
3531,0.4765334,Private
3535,0.2138773,Public
3543,0.6042307,Public
3549,0.1177414,Public
3558,0.4429841,Public
3561,0.5993012,Public
3569,0.07140728,Public
3574,0.1391382,Private
3576,0.1721721,Public
3577,0.1377259,Private
3591,0.4998516,Public
3596,0.7469404,Public
3598,0.3395951,Public
3599,0.6619815,Private
3606,0.240801,Private
3621,0.5669728,Public
3625,0.4747261,Public
3626,0.7850708,Public
3630,0.0737325,Public
3631,0.18443,Private
3632,0.3493131,Public
3641,0.2749994,Public
3642,0.4906033,Private
3646,0.5373427,Public
3650,0.2622176,Public
3654,0.6993985,Private
3657,0.1115261,Public
3659,0.1798008,Public
3664,0.09215973,Public
3679,0.1401875,Private
3681,0.3476545,Public
3684,0.7671376,Public
3685,0.4498267,Public
3688,0.1332985,Public
3691,0.07529445,Private
3692,0.7842364,Public
3696,0.2277165,Private
3709,0.5868301,Private
3712,0.410542,Private
3720,0.5687518,Public
3722,0.04352387,Private
3726,0.5453369,Private
3729,0.2552446,Public
3736,0.1863961,Private
3743,0.09925362,Private
3744,0.5453548,Public
3747,0.1240353,Private
3748,0.4173331,Public
3749,0.5810806,Private
3754,0.6906177,Private
3756,0.1531539,Public
3760,0.1758151,Private
3765,0.282014,Public
3770,0.1279538,Private
3771,0.6302735,Private
3773,0.06282862,Public
3775,0.06776656,Public
3782,0.144601,Public
3783,0.7280071,Public
3797,0.6369016,Public
3801,0.1528065,Public
3809,0.04678177,Public
3810,0.02907692,Public
3811,0.04887702,Private
3812,0.08412121,Private
3823,0.1051009,Private
3824,0.6228054,Public
3828,0.3758564,Private
3830,0.6110147,Private
3832,0.5854171,Public
3841,0.5741971,Public
3845,0.04345246,Private
3849,0.4067965,Public
3851,0.1673811,Private
3866,0.5312973,Private
3869,0.08542003,Public
3870,0.4109797,Public
3878,0.1063533,Private
3880,0.6940104,Private
3881,0.4971114,Public
3883,0.1459759,Private
3889,0.05369177,Private
3890,0.468112,Private
3895,0.07643605,Private
3902,0.5066434,Public
3925,0.376707,Public
3932,0.4692414,Private
3934,0.07008979,Public
3936,0.376991,Private
3937,0.3074287,Private
3952,0.5971376,Public
3956,0.4500597,Private
3959,0.556024,Public
3969,0.1832005,Private
3970,0.1536244,Public
3972,0.4846552,Private
3975,0.1498621,Private
3980,0.0856132,Public
3981,0.3818308,Private
3985,0.4355792,Private
3987,0.4621442,Private
3992,0.4958749,Private
4000,0.614364,Private
4001,0.6348827,Public
4006,0.03935843,Private
4008,0.2334188,Public
4011,0.6611944,Private
4014,0.1109727,Private
4017,0.1400653,Public
4018,0.6538764,Public
4019,0.08316042,Private
4023,0.1740944,Public
4025,0.4905069,Private
4027,0.07741434,Public
4030,0.488504,Private
4042,0.6303211,Public
4055,0.1007539,Public
4073,0.6597186,Private
4076,0.09076208,Private
4078,0.42176,Public
4090,0.7213183,Public
4096,0.1851747,Private
4102,0.3682318,Private
4111,0.1222188,Public
4112,0.1417423,Private
4114,0.1292438,Private
4117,0.3938722,Private
4123,0.5186872,Private
4131,0.04430577,Private
4132,0.5504749,Public
4134,0.6428016,Private
4135,0.7399939,Private
4136,0.3177016,Private
4137,0.4957917,Public
4138,0.5424589,Public
4141,0.5385351,Private
4150,0.5832839,Public
4158,0.1615047,Private
4173,0.3319965,Public
4176,0.3930018,Private
4192,0.11683,Private
4213,0.3889866,Public
4234,0.146478,Public
4239,0.5559877,Private
4255,0.1297593,Private
4257,0.4884329,Public
4260,0.2832839,Private
4261,0.09494852,Private
4263,0.7596309,Public
4271,0.02757255,Public
4288,0.06461736,Public
4297,0.4383181,Public
4298,0.5928342,Public
4300,0.3462014,Public
4302,0.359868,Private
4311,0.46994,Public
4314,0.5691556,Private
4318,0.1630136,Public
4321,0.1449676,Public
4324,0.5064437,Private
4329,0.08744568,Private
4331,0.5741367,Public
4333,0.4342439,Public
4352,0.4030794,Public
4353,0.0864908,Private
4355,0.08789991,Public
4358,0.1067869,Public
4359,0.325623,Public
4368,0.4259488,Public
4369,0.5330161,Private
4370,0.4726498,Private
4378,0.4115071,Public
4379,0.3027046,Public
4381,0.1216027,Public
4383,0.5740682,Public
4395,0.1542927,Private
4409,0.5532888,Private
4414,0.09178041,Private
4425,0.5551584,Private
4426,0.5252401,Private
4429,0.1584314,Private
4432,0.5932112,Public
4434,0.3371115,Public
4435,0.1129602,Public
4437,0.048347,Private
4441,0.6041602,Public
4454,0.5286565,Private
4458,0.1346947,Private
4470,0.09620002,Private
4474,0.04686668,Public
4477,0.3184147,Public
4478,0.02129123,Public
4482,0.05885007,Private
4487,0.4671482,Private
4493,0.3200221,Private
4494,0.1708899,Public
4499,0.1117678,Public
4507,0.07510708,Public
4512,0.075527,Private
4521,0.1331554,Private
4522,0.1498432,Public
4529,0.7627619,Private
4532,0.5330672,Public
4535,0.1257334,Private
4539,0.06643465,Public
4544,0.1534638,Public
4551,0.3530241,Private
4552,0.6282124,Public
4567,0.5342683,Public
4576,0.5005326,Public
4581,0.3396015,Public
4582,0.1114178,Private
4595,0.105433,Private
4597,0.1070749,Private
4600,0.09437066,Public
4601,0.2240306,Private
4603,0.2152173,Public
4606,0.09522139,Public
4611,0.6309347,Public
4621,0.3747069,Private
4627,0.4658669,Private
4629,0.13425,Private
4632,0.546842,Private
4633,0.2151017,Public
4642,0.5811461,Private
4646,0.287537,Private
4648,0.04648919,Public
4655,0.4439439,Public
4675,0.249612,Public
4676,0.1103478,Private
4677,0.6202472,Public
4681,0.07432301,Private
4686,0.5644653,Public
4694,0.09963144,Private
4695,0.5450721,Public
4700,0.1139588,Public
4703,0.3275845,Public
4721,0.4579297,Public
4722,0.3485324,Private
4725,0.08238218,Public
4743,0.764123,Private
4746,0.07789582,Public
4747,0.4184257,Public
4748,0.1027276,Private
4752,0.0888955,Public
4757,0.2004001,Private
4758,0.6225794,Private
4760,0.081896,Private
4761,0.4858317,Public
4763,0.1279738,Public
4765,0.3243792,Private
4781,0.05333821,Public
4782,0.08051895,Public
4787,0.4063308,Public
4789,0.08246717,Private
4791,0.1180487,Private
4792,0.6855181,Private
4798,0.5010368,Private
4799,0.09300645,Public
4803,0.3201122,Private
4809,0.4830823,Public
4820,0.2556311,Private
4823,0.3516545,Public
4827,0.1630614,Private
4830,0.05591432,Public
4833,0.3499235,Public
4835,0.5891476,Public
4837,0.4474984,Public
4838,0.1395171,Public
4841,0.5173364,Private
4853,0.2432853,Public
4858,0.6799498,Private
4860,0.1867566,Public
4861,0.4496957,Private
4870,0.5425899,Public
4886,0.679175,Private
4889,0.5723411,Private
4895,0.3518279,Public
4897,0.5891681,Private
4899,0.4651652,Public
4901,0.4623693,Public
4920,0.4326117,Private
4922,0.532696,Private
4923,0.06549446,Public
4924,0.08211149,Public
4926,0.3540426,Private
4930,0.2772839,Private
4934,0.6509296,Private
4942,0.1266875,Private
4944,0.5068117,Private
4947,0.1123843,Public
4951,0.763929,Private
4956,0.4923012,Public
4959,0.1132623,Private
4960,0.1102335,Public
4965,0.1761828,Private
4967,0.1286217,Private
4983,0.4618403,Private
4986,0.3985649,Private
4992,0.07323118,Public
4994,0.04860223,Private
5000,0.2610026,Public
5004,0.5413918,Public
5008,0.09374226,Public
5015,0.2627832,Public
5021,0.1661205,Public
5027,0.0771327,Private
5028,0.3077264,Private
5033,0.5464034,Private
5037,0.3774721,Public
5039,0.6102786,Public
5054,0.06233538,Public
5057,0.5009179,Private
5060,0.08636647,Private
5062,0.5899262,Public
5075,0.1011723,Private
5077,0.1824037,Public
5079,0.3386241,Public
5084,0.0627454,Public
5097,0.5635761,Public
5103,0.2908047,Private
5105,0.4086387,Private
5109,0.2668552,Public
5110,0.7008972,Private
5122,0.350766,Private
5126,0.09329706,Private
5131,0.4117551,Private
5141,0.09246916,Public
5147,0.07064825,Private
5149,0.2772594,Public
5153,0.4388978,Private
5166,0.211415,Public
5167,0.5042283,Private
5171,0.7098688,Public
5177,0.5727029,Public
5188,0.05377915,Private
5190,0.2902767,Private
5192,0.1831843,Public
5197,0.4116605,Private
5206,0.08686296,Private
5209,0.59794,Public
5212,0.4157682,Private
5213,0.1490492,Public
5232,0.1736445,Private
5237,0.5197174,Public
5239,0.48452,Public
5240,0.09847194,Private
5241,0.110186,Private
5247,0.1357321,Private
5249,0.5392395,Private
5250,0.05945019,Private
5255,0.461628,Private
5258,0.06872874,Private
5267,0.02080362,Public
5269,0.1236058,Public
5271,0.6354266,Public
5272,0.5708114,Private
5280,0.3928122,Public
5283,0.5671529,Public
5285,0.1913648,Private
5287,0.07362159,Public
5295,0.6460313,Public
5302,0.1566426,Private
5305,0.6371914,Private
5310,0.10381,Public
5311,0.05211721,Public
5313,0.5099611,Public
5315,0.5116966,Private
5316,0.547394,Private
5322,0.04657851,Public
5347,0.2837909,Private
5349,0.03436182,Public
5355,0.4712271,Public
5362,0.1123153,Private
5363,0.7031788,Public
5364,0.3124092,Public
5368,0.6422511,Public
5375,0.2419645,Private
5378,0.219958,Private
5380,0.4718877,Private
5385,0.04721335,Public
5387,0.08156548,Public
5392,0.1668825,Private
5397,0.4708895,Public
5400,0.120137,Private
5408,0.5424197,Private
5409,0.3433453,Public
5410,0.7299033,Private
5413,0.1519444,Public
5415,0.06447501,Public
5419,0.4371402,Private
5424,0.07552078,Private
5432,0.267581,Private
5435,0.2369451,Private
5439,0.3191461,Private
5443,0.3449258,Private
5445,0.6204073,Private
5446,0.05898055,Public
5451,0.1416766,Private
5452,0.05202194,Private
5454,0.2236705,Public
5462,0.5265735,Public
5463,0.3263417,Public
5469,0.08659849,Public
5470,0.1646382,Private
5482,0.3894224,Public
5486,0.4600798,Private
5487,0.484018,Private
5492,0.09703719,Private
5495,0.2867616,Public
5498,0.01923973,Public
5499,0.1468972,Private
5506,0.5193148,Private
5515,0.07742388,Public
5520,0.2003565,Private
5529,0.1480562,Public
5530,0.05275534,Private
5534,0.07033125,Public
5539,0.5503362,Public
5542,0.5802836,Private
5543,0.6151224,Public
5544,0.5142328,Public
5569,0.4797949,Public
5571,0.08254451,Public
5573,0.133793,Private
5574,0.6035463,Public
5577,0.6370068,Private
5580,0.07937822,Private
5583,0.06467938,Public
5586,0.01348948,Public
5594,0.08446324,Private
5596,0.1607128,Private
5600,0.4198359,Private
5606,0.1315543,Private
5607,0.06626683,Public
5608,0.2636861,Public
5609,0.04048383,Private
5615,0.2917211,Public
5618,0.08134775,Private
5620,0.5282955,Private
5622,0.7492943,Private
5626,0.1802205,Public
5629,0.08218905,Public
5630,0.1603319,Public
5631,0.07531591,Public
5636,0.6923696,Private
5639,0.4129729,Public
5655,0.4076862,Public
5656,0.02777009,Public
5666,0.1255726,Public
5668,0.5878407,Private
5674,0.1380314,Public
5681,0.4744717,Private
5691,0.1825095,Public
5695,0.2045655,Private
5698,0.4954076,Public
5700,0.08135542,Public
5702,0.4766377,Private
5703,0.2506658,Private
5704,0.258927,Private
5713,0.5802293,Public
5717,0.1692846,Public
5722,0.5308595,Private
5728,0.1338272,Public
5730,0.5962063,Private
5738,0.1314545,Private
5741,0.6183296,Private
5744,0.518537,Private
5745,0.561583,Private
5750,0.1515799,Public
5752,0.01793722,Public
5769,0.08791302,Private
5774,0.2076528,Public
5776,0.4651965,Public
5782,0.2739809,Public
5793,0.157841,Private
5796,0.1728793,Private
5801,0.3907032,Private
5806,0.5243106,Public
5812,0.4871642,Public
5813,0.4826565,Private
5818,0.2081226,Public
5829,0.126468,Private
5830,0.2827397,Private
5833,0.5339141,Public
5837,0.5107827,Public
5839,0.1356429,Public
5840,0.03357947,Private
5842,0.2345299,Private
5845,0.5802544,Public
5849,0.2259658,Private
5867,0.0745896,Public
5877,0.07516167,Public
5895,0.09650338,Private
5898,0.2843339,Public
5899,0.1487737,Public
5900,0.4139464,Private
5901,0.09728148,Public
5902,0.2537203,Private
5906,0.2042119,Public
5912,0.1114402,Public
5913,0.01348879,Public
5914,0.5927753,Public
5926,0.2825029,Public
5939,0.02682039,Public
5942,0.1323298,Private
5943,0.3614314,Public
5947,0.2634423,Public
5948,0.1274583,Public
5949,0.6245142,Public
5950,0.6267824,Public
5951,0.4966339,Private
5962,0.4670235,Public
5965,0.4904552,Private
5967,0.3611514,Private
5969,0.4654057,Public
5972,0.07723986,Public
5974,0.631383,Public
5978,0.0544594,Private
5993,0.1639578,Public
5997,0.2186966,Private
6008,0.0331631,Private
6012,0.1981877,Private
6015,0.4946086,Private
6021,0.03791764,Private
6026,0.1160534,Public
6031,0.4897637,Public
6033,0.3336757,Public
6041,0.6386617,Private
6044,0.1612789,Private
6047,0.1100942,Private
6050,0.06904633,Public
6054,0.1053719,Private
6057,0.2949907,Public
6066,0.4916024,Public
6073,0.2841912,Private
6078,0.5601689,Public
6080,0.1653112,Public
6083,0.1037186,Private
6089,0.1198537,Public
6090,0.03731925,Public
6092,0.3816542,Public
6094,0.02585819,Public
6102,0.6132905,Private
6107,0.1519118,Private
6109,0.1012927,Public
6114,0.584773,Public
6123,0.08117379,Public
6125,0.5355088,Private
6130,0.6461039,Private
6135,0.7824636,Private
6142,0.0446771,Public
6150,0.09512077,Public
6154,0.1012239,Public
6155,0.6215519,Private
6163,0.4911112,Public
6168,0.3596931,Private
6172,0.1343297,Private
6191,0.1636118,Public
6212,0.04512269,Public
6218,0.561327,Public
6220,0.2145744,Public
6221,0.06199327,Public
6229,0.2193781,Private
6254,0.09258927,Public
6256,0.7813872,Public
6259,0.54585,Private
6265,0.1338222,Private
6273,0.2574519,Public
6276,0.4248761,Private
6277,0.2144748,Private
6295,0.5202957,Private
6304,0.4738963,Private
6305,0.05177051,Public
6320,0.08233753,Private
6333,0.6292827,Public
6336,0.1119778,Private
6338,0.128802,Private
6344,0.3834234,Public
6360,0.05570436,Public
6364,0.2011975,Private
6368,0.09779816,Private
6371,0.5406132,Public
6372,0.4161125,Private
6376,0.4171582,Private
6378,0.4362461,Public
6385,0.5452367,Public
6389,0.1121304,Public
6397,0.06817476,Private
6402,0.1676074,Public
6406,0.04348661,Private
6408,0.1335556,Public
6412,0.274674,Private
6414,0.1308711,Public
6416,0.1189287,Public
6441,0.09253113,Private
6447,0.1688548,Public
6449,0.641539,Private
6450,0.5347257,Private
6457,0.15413,Private
6458,0.6170746,Private
6464,0.1104914,Public
6469,0.09461796,Private
6470,0.3178767,Private
6471,0.1702241,Public
6472,0.4490676,Public
6473,0.08914751,Private
6475,0.07014847,Public
6476,0.1381693,Private
6487,0.1939363,Private
6490,0.09166607,Private
6511,0.2796578,Public
6518,0.1346433,Public
6523,0.5918583,Public
6530,0.1365249,Public
6533,0.1230555,Private
6540,0.4916631,Private
6544,0.1614556,Public
6548,0.1062341,Public
6553,0.05963164,Private
6560,0.07800799,Public
6563,0.1226198,Private
6565,0.2239956,Public
6566,0.07726374,Private
6570,0.1159065,Public
6574,0.5428674,Private
6577,0.1022858,Public
6581,0.04690036,Private
6584,0.06639005,Public
6587,0.4728057,Public
6588,0.5750539,Private
6589,0.05144918,Public
6590,0.3018882,Public
6610,0.1398533,Public
6611,0.03582013,Public
6613,0.1269494,Public
6614,0.2181854,Private
6615,0.1893724,Public
6629,0.02580953,Private
6630,0.5273015,Private
6638,0.5465273,Public
6640,0.5977436,Private
6641,0.4640638,Private
6643,0.09826319,Private
6644,0.4388645,Public
6645,0.5052397,Public
6647,0.0266172,Public
6654,0.3806987,Private
6655,0.09646215,Private
6659,0.3767857,Private
6661,0.07250173,Public
6668,0.3199149,Private
6674,0.06216795,Public
6678,0.6384534,Private
6704,0.6326212,Public
6710,0.06040397,Private
6716,0.5171863,Private
6721,0.4882663,Public
6727,0.08845953,Public
6732,0.2512026,Private
6734,0.3343147,Public
6737,0.4614756,Private
6743,0.7217102,Private
6749,0.3817213,Private
6764,0.5094735,Public
6765,0.2258413,Public
6772,0.0210302,Public
6774,0.5910025,Private
6776,0.04043454,Public
6780,0.563466,Public
6782,0.07479189,Public
6783,0.4822155,Private
6789,0.04634783,Public
6791,0.5428088,Private
6794,0.4773014,Private
6796,0.4767194,Private
6798,0.1197713,Private
6800,0.2898948,Private
6801,0.08505757,Private
6805,0.3750475,Public
6806,0.1423992,Private
6816,0.3097279,Private
6820,0.04673349,Private
6823,0.1614929,Private
6827,0.0749131,Private
6828,0.05128325,Private
6829,0.3694607,Public
6834,0.1463609,Public
6840,0.1207586,Public
6846,0.6431898,Public
6849,0.1796316,Public
6852,0.1030918,Public
6853,0.5092099,Public
6858,0.4308503,Private
6859,0.5332806,Public
6861,0.6133519,Private
6862,0.2325148,Private
6869,0.1225127,Public
6893,0.07179555,Public
6895,0.08128861,Public
6901,0.4188809,Private
6907,0.6413943,Public
6908,0.04231428,Private
6910,0.2963897,Private
6922,0.1125173,Private
6928,0.32648,Public
6929,0.4151758,Public
6937,0.5075748,Public
6940,0.0956072,Public
6941,0.08483982,Public
6949,0.1494011,Private
6955,0.5471941,Private
6960,0.2039694,Private
6967,0.5222282,Private
6968,0.3744783,Public
6970,0.3139197,Private
6971,0.3065347,Private
6979,0.6379443,Private
6984,0.06394796,Private
6997,0.05893032,Public
7006,0.1182994,Public
7008,0.06360589,Public
7014,0.1299426,Public
7016,0.0674575,Private
7019,0.2065039,Public
7025,0.04827074,Private
7032,0.4801148,Private
7038,0.7771651,Public
7043,0.6419083,Public
7044,0.7278255,Private
7045,0.08457639,Private
7048,0.1246325,Public
7065,0.1466473,Public
7066,0.2383897,Private
7069,0.2955852,Public
7073,0.08496885,Private
7076,0.6070761,Public
7083,0.05247371,Public
7084,0.07410295,Public
7086,0.2627024,Private
7087,0.1020663,Private
7099,0.1903455,Public
7101,0.05294256,Private
7111,0.1126277,Public
7114,0.0654925,Public
7121,0.1309099,Public
7130,0.1378637,Public
7135,0.1502681,Private
7139,0.1651479,Public
7140,0.1609229,Private
7141,0.08194298,Public
7145,0.2566137,Private
7151,0.2719179,Public
7159,0.07948218,Private
7160,0.07153792,Public
7163,0.5809184,Public
7169,0.1829708,Private
7170,0.03444088,Private
7176,0.07618567,Private
7188,0.5380608,Public
7189,0.05877573,Private
7190,0.05202419,Private
7194,0.4908177,Private
7207,0.2360338,Public
7211,0.07912029,Private
7213,0.09755079,Private
7214,0.5328453,Private
7219,0.1472958,Public
7222,0.4854053,Public
7227,0.08499639,Private
7232,0.1131293,Private
7233,0.2989142,Private
7235,0.3164576,Public
7239,0.06869491,Public
7240,0.121171,Private
7244,0.1460753,Public
7248,0.150825,Public
7253,0.1760711,Private
7263,0.5122501,Private
7265,0.1294274,Private
7273,0.4101576,Public
7274,0.7411713,Public
7282,0.1067033,Private
7283,0.549057,Public
7287,0.4532914,Public
7288,0.09501117,Public
7295,0.1443774,Private
7296,0.4757549,Private
7310,0.56711,Private
7312,0.4849966,Private
7314,0.06401662,Public
7338,0.6078073,Public
7345,0.1066007,Public
7347,0.1878425,Public
7349,0.147958,Public
7352,0.2654536,Public
7354,0.048415,Public
7357,0.1460416,Private
7367,0.5838748,Private
7368,0.08695278,Public
7370,0.3064318,Public
7371,0.1315512,Private
7373,0.5113801,Private
7377,0.06538315,Private
7382,0.4242664,Public
7386,0.2582768,Private
7392,0.08447616,Public
7393,0.7399787,Public
7394,0.1291278,Public
7398,0.4973088,Public
7399,0.09238545,Public
7400,0.4698081,Public
7407,0.1601704,Private
7410,0.1986213,Public
7415,0.2054203,Public
7421,0.07983261,Public
7424,0.1457011,Public
7425,0.06623966,Public
7432,0.5521159,Public
7434,0.2724549,Public
7435,0.3168946,Private
7436,0.01911845,Private
7443,0.2007111,Public
7446,0.4251781,Private
7450,0.4870022,Private
7452,0.515435,Private
7461,0.1543865,Private
7464,0.570178,Private
7465,0.6095408,Private
7466,0.05297568,Private
7470,0.1287627,Public
7485,0.07231071,Public
7489,0.07055052,Public
7490,0.1068325,Public
7491,0.06014835,Public
7493,0.1573135,Public
7498,0.594289,Private
7501,0.4309767,Private
7504,0.1401619,Private
7507,0.1397095,Public
7521,0.07545102,Public
7523,0.4825249,Private
7526,0.1825405,Private
7531,0.06780384,Private
7532,0.6620615,Private
7533,0.5587527,Private
7543,0.08143408,Public
7548,0.1162978,Public
7549,0.3451183,Public
7551,0.3564751,Private
7561,0.4861042,Private
7564,0.6290819,Public
7566,0.4060057,Private
7593,0.1700811,Public
7597,0.02577477,Public
7601,0.5517449,Public
7610,0.5736757,Public
7612,0.1056885,Private
7619,0.1271348,Public
7634,0.2729616,Private
7637,0.08096334,Private
7642,0.1900705,Public
7645,0.1065202,Public
7657,0.7907709,Private
7659,0.6465779,Public
7660,0.4322219,Private
7664,0.6164055,Public
7670,0.2291813,Private
7674,0.3771639,Private
7684,0.242462,Public
7689,0.55238,Public
7697,0.06851608,Private
7699,0.3485192,Public
7702,0.1890884,Public
7704,0.1762582,Public
7710,0.05463946,Public
7711,0.5112474,Private
7717,0.4754732,Private
7736,0.1601128,Public
7749,0.06893891,Private
7750,0.538712,Public
7758,0.5012361,Public
7771,0.126296,Private
7788,0.4864976,Private
7797,0.4977382,Public
7802,0.2177624,Public
7804,0.2157209,Private
7805,0.1043801,Private
7806,0.0936428,Public
7812,0.06610343,Public
7813,0.1705544,Private
7814,0.1186858,Public
7832,0.1800682,Public
7833,0.07972385,Public
7835,0.1023788,Public
7837,0.5185837,Public
7838,0.1858796,Private
7846,0.3075815,Private
7847,0.09054608,Private
7848,0.7290571,Private
7851,0.4952167,Public
7853,0.1032122,Public
7856,0.2029695,Private
7857,0.1725405,Public
7867,0.7526104,Private
7868,0.1269248,Private
7869,0.1136751,Public
7883,0.5902219,Public
7887,0.3040223,Public
7894,0.3750346,Public
7896,0.1814185,Public
7897,0.07991125,Public
7899,0.508786,Private
7903,0.0642252,Private
7904,0.1533633,Private
7906,0.1794672,Public
7910,0.1753197,Public
7919,0.06597003,Public
7925,0.02851514,Public
7927,0.1585778,Private
7928,0.5036873,Public
7933,0.7997373,Public
7939,0.3864566,Private
7942,0.1200032,Public
7946,0.6093394,Public
7951,0.1682575,Public
7957,0.06682811,Private
7960,0.6295545,Private
7961,0.08901206,Public
7967,0.5305069,Private
7970,0.4385852,Private
7971,0.4661817,Private
7973,0.3387643,Public
7987,0.1388942,Public
7994,0.07965089,Private
7999,0.2068943,Public
8002,0.08182584,Private
8004,0.1307449,Private
8007,0.5375205,Public
8009,0.2185637,Private
8016,0.2082049,Private
8024,0.2903064,Private
8026,0.103633,Public
8036,0.2874488,Private
8039,0.4257987,Private
8043,0.3382439,Private
8046,0.07157637,Private
8050,0.2555664,Private
8061,0.07996445,Public
8068,0.08929412,Public
8070,0.518195,Public
8071,0.124418,Private
8076,0.5727141,Private
8077,0.6545974,Private
8078,0.03022701,Public
8080,0.1329752,Private
8083,0.07625458,Private
8103,0.126993,Public
8104,0.6276804,Private
8108,0.531055,Private
8109,0.3723201,Private
8110,0.3727364,Public
8118,0.1864524,Private
8120,0.5021155,Private
8123,0.5788223,Private
8125,0.4063076,Private
8129,0.1484406,Private
8149,0.1508504,Public
8155,0.6558127,Private
8163,0.0753611,Public
8167,0.1626231,Private
8172,0.5167005,Public
8176,0.5355816,Public
8177,0.3540019,Private
8179,0.4884467,Public
8195,0.5263837,Private
8198,0.3378744,Public
8199,0.3497747,Private
8210,0.1760101,Private
8219,0.2894099,Public
8222,0.4487271,Private
8244,0.502089,Public
8245,0.05923769,Private
8250,0.4299363,Private
8252,0.4399928,Private
8253,0.5362098,Public
8254,0.0773948,Public
8259,0.1644603,Private
8261,0.658286,Private
8262,0.08479255,Public
8263,0.4330779,Public
8271,0.0694546,Public
8272,0.5142404,Private
8275,0.5732406,Public
8291,0.1068127,Public
8294,0.442157,Private
8301,0.1452792,Public
8302,0.4896436,Private
8303,0.4602897,Public
8307,0.120446,Private
8308,0.2442333,Private
8314,0.1419747,Private
8320,0.05020304,Public
8328,0.2721583,Private
8329,0.08669899,Private
8330,0.1044633,Public
8335,0.6100612,Public
8346,0.1768601,Public
8366,0.6093366,Private
8367,0.5683369,Private
8381,0.3558071,Private
8382,0.1183553,Private
8389,0.4493299,Private
8392,0.06371854,Public
8399,0.08249064,Public
8415,0.3658626,Private
8417,0.5123658,Public
8418,0.6375606,Private
8419,0.1335912,Private
8433,0.356131,Public
8438,0.1043095,Private
8444,0.2910731,Public
8446,0.09603216,Private
8463,0.4801229,Private
8469,0.07930886,Private
8472,0.06097285,Public
8484,0.3106702,Public
8486,0.4313968,Public
8493,0.1680079,Public
8496,0.1111204,Public
8498,0.4153288,Public
8507,0.08204804,Private
8512,0.5240733,Public
8520,0.3280225,Public
8521,0.5798748,Private
8524,0.1236528,Private
8531,0.08124547,Private
8536,0.4877961,Private
8539,0.6510229,Private
8556,0.5208928,Private
8562,0.3311676,Private
8566,0.07364701,Private
8567,0.3608656,Public
8571,0.06734441,Public
8572,0.5137223,Public
8573,0.137791,Public
8576,0.0815642,Private
8577,0.101392,Public
8584,0.06867933,Public
8593,0.5633285,Public
8597,0.3851328,Private
8605,0.7076153,Public
8609,0.5143486,Private
8611,0.09195318,Private
8625,0.5367402,Public
8630,0.06206015,Private
8631,0.06756449,Public
8635,0.145573,Public
8640,0.3635612,Private
8646,0.7233419,Private
8656,0.3979298,Public
8657,0.0913173,Private
8660,0.6282947,Public
8666,0.5634346,Private
8669,0.1797342,Private
8680,0.03781516,Private
8691,0.110718,Private
8697,0.03266715,Public
8698,0.5096805,Private
8699,0.1326445,Private
8702,0.5111393,Private
8705,0.3224636,Public
8706,0.2633925,Public
8709,0.3596108,Public
8711,0.7314187,Public
8712,0.1542019,Public
8716,0.03431521,Public
8717,0.07962278,Private
8720,0.3894779,Public
8724,0.04603599,Private
8733,0.0166349,Private
8734,0.111927,Private
8738,0.6264632,Public
8744,0.3305797,Public
8749,0.5141488,Private
8752,0.02427492,Private
8758,0.07829301,Public
8767,0.1266458,Private
8770,0.4789459,Private
8787,0.4734206,Private
8789,0.3415234,Public
8792,0.1863986,Private
8798,0.2863977,Public
8802,0.4861354,Private
8804,0.0557362,Public
8811,0.2234771,Public
8816,0.4448598,Private
8820,0.5013691,Public
8831,0.5702398,Public
8833,0.1382369,Public
8837,0.1181738,Public
8848,0.4230645,Public
8859,0.1245194,Public
8876,0.02535844,Private
8888,0.5637162,Private
8894,0.07505155,Public
8906,0.3399379,Private
8916,0.2674835,Public
8921,0.1202726,Private
8927,0.2470167,Public
8933,0.4936922,Private
8945,0.04230611,Public
8946,0.09651615,Private
8947,0.1308934,Public
8949,0.06474103,Private
8951,0.1077562,Public
8967,0.08018151,Private
8981,0.3198336,Private
8983,0.2940455,Private
8989,0.5107201,Private
8997,0.6671101,Private
8998,0.05299199,Public
9001,0.3619948,Public
9004,0.5872706,Public
9012,0.2762092,Public
9013,0.514894,Private
9018,0.08400331,Private
9032,0.0769005,Private
9039,0.4979638,Private
9045,0.3492223,Private
9046,0.4507407,Private
9047,0.5463324,Private
9066,0.1684197,Public
9074,0.1518332,Private
9076,0.6836149,Private
9077,0.6091449,Public
9078,0.06077607,Public
9079,0.2701033,Private
9088,0.4830985,Private
9095,0.3917012,Private
9107,0.5613492,Private
9108,0.1346819,Public
9110,0.5273131,Public
9111,0.1849605,Private
9114,0.144343,Private
9117,0.1701035,Private
9121,0.5584827,Private
9127,0.114747,Public
9130,0.4522528,Private
9136,0.4995426,Public
9145,0.5879534,Public
9168,0.1798308,Public
9171,0.5424048,Public
9179,0.1180147,Private
9182,0.09758682,Public
9184,0.3977143,Public
9190,0.1202344,Private
9196,0.2243437,Private
9200,0.6636907,Public
9215,0.4131207,Public
9217,0.1254776,Public
9218,0.5342018,Private
9221,0.6708926,Public
9228,0.1315903,Public
9230,0.5716345,Public
9236,0.3806124,Private
9241,0.2851951,Public
9244,0.6889473,Private
9247,0.1520065,Public
9256,0.5097656,Private
9262,0.5949461,Public
9265,0.1504259,Public
9268,0.1189342,Public
9269,0.05868255,Private
9275,0.737775,Private
9277,0.1182022,Public
9278,0.07874738,Public
9280,0.3244649,Private
9283,0.07721245,Private
9290,0.159839,Public
9297,0.457276,Public
9304,0.04899089,Private
9305,0.1281887,Private
9308,0.3783295,Private
9321,0.07152692,Private
9327,0.09106466,Public
9335,0.5892783,Public
9336,0.1318986,Public
9337,0.4884421,Public
9340,0.07495178,Public
9343,0.1802076,Public
9344,0.1294928,Public
9346,0.5858016,Private
9348,0.1902492,Public
9359,0.1643022,Public
9360,0.03799896,Private
9369,0.5408414,Private
9372,0.03167847,Private
9386,0.5380225,Private
9387,0.5809545,Private
9388,0.4540714,Public
9394,0.1781534,Public
9395,0.5024389,Private
9399,0.09031599,Public
9404,0.5713449,Public
9415,0.2514871,Public
9416,0.1155498,Public
9417,0.286679,Public
9422,0.04630501,Public
9425,0.1312085,Private
9428,0.08365417,Private
9432,0.2879359,Public
9435,0.2829046,Private
9436,0.3074732,Public
9442,0.5146807,Private
9445,0.07283388,Private
9446,0.06122884,Public
9449,0.501916,Private
9457,0.1327581,Private
9458,0.09315606,Private
9460,0.5657959,Private
9461,0.6863284,Private
9465,0.1230577,Public
9466,0.1457706,Private
9470,0.2574562,Private
9471,0.3455483,Private
9472,0.3271027,Public
9474,0.1012391,Private
9475,0.5699434,Public
9476,0.1961841,Private
9479,0.130855,Public
9486,0.590821,Private
9490,0.596782,Private
9491,0.1320441,Public
9493,0.7514125,Private
9495,0.09553014,Public
9496,0.5681618,Private
9503,0.5191348,Private
9505,0.3234667,Public
9511,0.5830924,Public
9516,0.5439879,Public
9522,0.1206091,Public
9524,0.03959868,Private
9528,0.5529707,Private
9529,0.1489032,Public
9540,0.08678062,Private
9554,0.5085515,Public
9557,0.4084966,Private
9566,0.6633257,Public
9569,0.1959433,Private
9583,0.3850873,Private
9586,0.07249407,Public
9587,0.513769,Private
9589,0.05701834,Private
9596,0.4100326,Public
9597,0.08617107,Public
9605,0.08685489,Private
9615,0.583235,Public
9616,0.5739115,Public
9617,0.6030105,Public
9622,0.1782974,Private
9623,0.6851282,Public
9628,0.4922407,Public
9637,0.6020166,Private
9638,0.5101941,Private
9643,0.5116957,Private
9649,0.4775028,Public
9662,0.0858698,Private
9664,0.2055901,Private
9665,0.1078995,Public
9675,0.05536003,Private
9677,0.4156568,Public
9678,0.07183417,Public
9684,0.1392346,Public
9686,0.4352466,Private
9692,0.32035,Public
9695,0.1275833,Public
9705,0.1100792,Public
9711,0.08019679,Public
9715,0.6687388,Public
9716,0.5613999,Private
9718,0.08186525,Public
9719,0.08416504,Public
9726,0.5806981,Private
9734,0.1432233,Public
9745,0.2290119,Private
9748,0.4824325,Public
9752,0.1960219,Public
9754,0.6262614,Public
9756,0.4711914,Public
9759,0.6004302,Public
9764,0.1437128,Private
9765,0.09243976,Public
9770,0.05227885,Private
9777,0.2123426,Private
9780,0.3078283,Public
9795,0.4357674,Private
9797,0.6109506,Public
9808,0.06347754,Public
9815,0.09458919,Public
9820,0.5486646,Private
9821,0.2317905,Private
9823,0.08476401,Public
9824,0.3999976,Private
9833,0.5022171,Private
9834,0.4980201,Public
9835,0.4835176,Private
9837,0.07043054,Private
9840,0.4336809,Private
9847,0.6873987,Private
9852,0.06103037,Public
9854,0.353928,Public
9859,0.1877514,Private
9860,0.01748954,Public
9862,0.6040512,Public
9864,0.5412511,Private
9865,0.1952235,Public
9866,0.5057547,Public
9868,0.08283905,Private
9873,0.1640879,Public
9879,0.6216062,Public
9884,0.1013969,Private
9885,0.6948994,Public
9888,0.07953468,Public
9895,0.1928966,Public
9901,0.5377685,Private
9903,0.439723,Public
9907,0.09194846,Private
9915,0.1992584,Public
9916,0.1389762,Public
9921,0.2139152,Private
9927,0.07982949,Private
9930,0.1102747,Private
9941,0.1349224,Public
9943,0.05538676,Private
9947,0.1176807,Private
9950,0.4338583,Public
9953,0.3913167,Public
9956,0.7115871,Private
9958,0.5094504,Public
9963,0.09515368,Private
9964,0.1511133,Private
9966,0.08718193,Public
9967,0.3482606,Public
9969,0.3177824,Public
9972,0.1546483,Public
9982,0.1353558,Public
9984,0.1409214,Private
10002,0.2056862,Public
10006,0.02390492,Private
10014,0.1419176,Public
10015,0.04542924,Public
10024,0.6370772,Public
10027,0.4347937,Private
10040,0.4818909,Public
10046,0.1526042,Public
10051,0.5595579,Private
10052,0.3781802,Private
10057,0.1466804,Public
10058,0.5693496,Private
10060,0.07315006,Public
10068,0.5667746,Public
10073,0.1252043,Public
10082,0.5092816,Public
10095,0.07953949,Public
10100,0.4260022,Private
10103,0.557153,Public
10106,0.2196725,Private
10108,0.06664927,Private
10110,0.04106928,Private
10119,0.3706548,Private
10129,0.3458643,Private
10131,0.5476503,Private
10142,0.08848412,Public
10143,0.6102097,Public
10148,0.1014156,Private
10150,0.1103497,Private
10176,0.6048838,Public
10195,0.5723256,Private
10196,0.1647307,Public
10204,0.7491141,Private
10207,0.5491806,Public
10208,0.5097315,Public
10211,0.0655281,Public
10220,0.1220734,Public
10222,0.2290316,Public
10223,0.7008723,Public
10225,0.06100728,Public
10234,0.05224096,Public
10236,0.261919,Public
10246,0.4940012,Public
10247,0.6456176,Public
10248,0.5615483,Public
10249,0.1697897,Public
10258,0.09532914,Public
10265,0.3163592,Public
10267,0.2294869,Private
10273,0.5379899,Private
10278,0.1120473,Private
10283,0.4547299,Private
10292,0.04688273,Private
10293,0.1282645,Public
10295,0.08403365,Private
10304,0.563517,Private
10306,0.07280279,Private
10310,0.2582213,Private
10313,0.5185038,Public
10315,0.4097142,Private
10326,0.6172017,Private
10335,0.07306982,Public
10336,0.1415575,Private
10345,0.739359,Public
10346,0.1625228,Private
10348,0.09594076,Private
10349,0.2252402,Public
10350,0.136815,Private
10355,0.0724187,Public
10358,0.5423879,Private
10360,0.2139884,Private
10367,0.0957913,Private
10372,0.1209216,Private
10377,0.1002457,Public
10382,0.2772999,Public
10384,0.5294006,Public
10386,0.3651379,Public
10391,0.3039694,Public
10395,0.5285285,Public
10400,0.05161589,Public
10402,0.4027914,Public
10411,0.1370343,Private
10416,0.5423129,Public
10426,0.4354003,Private
10431,0.5777764,Public
10435,0.4724921,Public
10442,0.5800782,Private
10447,0.6894786,Public
10449,0.2280217,Public
10450,0.5308316,Private
10451,0.1708052,Public
10467,0.6803696,Public
10473,0.117152,Private
10478,0.5777876,Public
10481,0.0656069,Private
10482,0.4304377,Public
10487,0.1585839,Private
10488,0.6190106,Private
10492,0.2863016,Private
10503,0.3345505,Private
10510,0.1552317,Public
10514,0.1973245,Private
10516,0.1074412,Public
10523,0.09058768,Private
10526,0.1387819,Private
10528,0.3729312,Public
10529,0.7662643,Private
10532,0.1127215,Public
10534,0.09938016,Private
10537,0.7345556,Private
10547,0.3301735,Public
10553,0.6951181,Private
10561,0.5364079,Private
10564,0.6238162,Public
10567,0.4693621,Private
10578,0.1326949,Public
10588,0.4442809,Private
10589,0.1541319,Public
10596,0.1173397,Private
10599,0.1014811,Private
10607,0.4156061,Public
10616,0.3572357,Public
10619,0.6592625,Private
10621,0.137698,Private
10625,0.06215243,Public
10627,0.5110304,Public
10633,0.5706623,Public
10634,0.1920358,Private
10635,0.4734618,Public
10638,0.09365129,Private
10647,0.06094721,Public
10651,0.4880692,Private
10652,0.09526129,Public
10655,0.4932215,Public
10662,0.1383812,Private
10663,0.200351,Private
10680,0.1736512,Public
10681,0.3546431,Public
10683,0.4360422,Public
10686,0.6357231,Public
10691,0.3231543,Public
10692,0.4918592,Private
10699,0.198312,Public
10702,0.08853397,Private
10703,0.4962659,Public
10707,0.07114163,Public
10712,0.3528525,Private
10715,0.6089414,Public
10725,0.1246094,Private
10728,0.0752504,Public
10729,0.5382437,Private
10731,0.601585,Private
10737,0.1593723,Private
10745,0.04910852,Public
10748,0.4288562,Public
10749,0.4149545,Public
10750,0.06896575,Private
10751,0.06309281,Public
10754,0.3004774,Public
10756,0.5426986,Public
10760,0.2641751,Public
10763,0.04489049,Public
10770,0.1963927,Public
10775,0.2114235,Public
10778,0.1849201,Private
10782,0.0761262,Public
10785,0.5489963,Public
10789,0.1460398,Private
10794,0.55489,Private
10796,0.5120952,Public
10799,0.5178636,Private
10800,0.5831285,Private
10805,0.6061668,Private
10807,0.4904093,Private
10808,0.4247294,Private
10816,0.3817069,Public
10826,0.2378262,Public
10828,0.503454,Private
10832,0.1309485,Private
10839,0.5611353,Public
10844,0.2006663,Public
10845,0.4194306,Private
10846,0.592844,Public
10847,0.2785029,Private
10857,0.5357459,Private
10860,0.3035005,Private
10862,0.09816402,Private
10866,0.09872203,Private
10872,0.4143788,Private
10878,0.06996071,Private
10886,0.3597016,Private
10892,0.2744926,Private
10895,0.07074226,Public
10908,0.1179878,Private
10910,0.1436325,Public
10916,0.3965645,Private
10922,0.5295737,Private
10928,0.706714,Public
10929,0.5746339,Public
10931,0.03953979,Public
10934,0.07899249,Private
10940,0.3673678,Public
10952,0.7074109,Public
10954,0.5367882,Private
10956,0.5475064,Private
10960,0.2179809,Public
10965,0.270662,Public
10966,0.5129356,Private
10967,0.4262915,Private
10973,0.4567114,Private
10974,0.5104746,Public
10975,0.09141817,Public
10976,0.1694176,Public
10977,0.146938,Private
10983,0.07472091,Public
10985,0.610867,Public
10991,0.1873119,Private
10995,0.03756313,Private
11002,0.4315943,Private
11005,0.0704526,Public
11009,0.2572843,Public
11017,0.3552373,Public
11023,0.1416093,Public
11025,0.6934257,Private
11033,0.6694419,Public
11036,0.1017178,Private
11046,0.4578687,Private
11049,0.606158,Private
11055,0.1158826,Public
11063,0.687945,Public
11064,0.3315966,Public
11066,0.1109504,Public
11075,0.2589695,Public
11085,0.3052601,Public
11087,0.1544785,Private
11093,0.1780943,Public
11094,0.0672099,Private
11095,0.4759735,Public
11101,0.6229193,Public
11108,0.3942434,Public
11109,0.5844105,Public
11110,0.04750877,Public
11111,0.07318719,Private
11116,0.2996758,Public
11120,0.4878729,Public
11122,0.1271745,Private
11123,0.6527928,Public
11130,0.08251337,Private
11135,0.3088036,Public
11136,0.1431662,Private
11138,0.5130594,Public
11143,0.06521104,Public
11148,0.4693613,Private
11151,0.5025077,Private
11154,0.2500373,Public
11156,0.07445312,Private
11158,0.2172012,Public
11160,0.09455366,Public
11161,0.6768022,Public
11162,0.429586,Private
11164,0.02837145,Public
11167,0.1347829,Private
11170,0.05860606,Public
11171,0.1986321,Private
11173,0.113722,Private
11174,0.08592703,Public
11179,0.05816223,Public
11182,0.6608221,Public
11190,0.71479,Private
11202,0.5204921,Public
11205,0.0537943,Private
11211,0.5318626,Public
11217,0.06834973,Private
11218,0.1748126,Public
11219,0.1814365,Private
11221,0.6386893,Private
11226,0.4510041,Public
11230,0.3515062,Private
11231,0.1364388,Public
11240,0.1001115,Public
11244,0.06620019,Private
11246,0.194021,Private
11249,0.1293546,Private
11251,0.03022541,Public
11254,0.1674182,Public
11255,0.5997821,Public
11267,0.5246586,Private
11268,0.4310313,Public
11273,0.02850509,Public
11278,0.6222759,Public
11279,0.6143439,Public
11283,0.1067842,Public
11292,0.1074929,Public
11294,0.02754555,Private
11301,0.2257661,Private
11302,0.4417908,Public
11303,0.1819454,Private
11304,0.192615,Private
11308,0.07043457,Public
11314,0.0791195,Public
11319,0.4352967,Public
11322,0.08959211,Public
11330,0.169065,Private
11332,0.292862,Private
11338,0.6290665,Public
11340,0.09733736,Private
11341,0.4930699,Public
11344,0.5909916,Private
11345,0.0737168,Private
11349,0.6853059,Public
11350,0.670533,Public
11351,0.4990906,Private
11352,0.4497329,Private
11353,0.1030502,Public
11357,0.4927568,Public
11360,0.3079349,Public
11377,0.2359673,Private
11390,0.09992119,Private
11394,0.08421488,Private
11397,0.03472803,Private
11410,0.2451123,Private
11411,0.06401156,Private
11415,0.1177042,Public
11419,0.41267,Private
11434,0.1493715,Public
11437,0.2531343,Public
11440,0.06581733,Private
11441,0.5017059,Private
11442,0.5623257,Private
11447,0.6864101,Public
11467,0.7078375,Private
11480,0.08184799,Public
11485,0.4809407,Public
11516,0.09950256,Public
11517,0.5532668,Private
11519,0.531558,Public
11523,0.2033394,Private
11528,0.07719719,Public
11534,0.0639295,Public
11536,0.198452,Private
11539,0.04844674,Public
11545,0.4655797,Private
11549,0.1332206,Private
11555,0.06879912,Public
11556,0.5937219,Private
11560,0.6462526,Private
11561,0.06243655,Private
11563,0.08201742,Private
11564,0.0575192,Private
11565,0.09941884,Private
11569,0.4771933,Public
11573,0.07824012,Private
11577,0.09452888,Private
11584,0.5208494,Private
11586,0.06101358,Private
11590,0.316708,Public
11595,0.04442845,Private
11596,0.4930111,Private
11600,0.05366753,Public
11618,0.6168272,Public
11620,0.6283467,Private
11628,0.2049547,Public
11637,0.4930518,Private
11640,0.3760175,Public
11653,0.4554282,Public
11656,0.3016941,Private
11663,0.5854575,Private
11664,0.1476241,Private
11669,0.08403892,Private
11672,0.09865295,Private
11676,0.3317525,Private
11694,0.08713742,Private
11695,0.2073738,Private
11698,0.1418092,Private
11738,0.1418791,Public
11741,0.1134163,Public
11745,0.08012816,Private
11748,0.1373962,Private
11755,0.7539203,Private
11760,0.1305136,Public
11767,0.4726173,Private
11772,0.1365703,Public
11781,0.5803589,Private
11785,0.5164225,Private
11795,0.7284794,Private
11801,0.3331723,Private
11805,0.4685908,Public
11814,0.149298,Public
11825,0.4980124,Private
11826,0.5046645,Private
11831,0.02064876,Private
11844,0.4106974,Public
11871,0.7942393,Public
11874,0.05939195,Public
11881,0.1338883,Public
11882,0.2801926,Public
11885,0.05300367,Private
11889,0.5547323,Private
11907,0.2332439,Public
11908,0.09629659,Public
11920,0.262851,Public
11929,0.1766978,Private
11936,0.1311272,Public
11937,0.04839425,Private
11938,0.2094139,Private
11939,0.617974,Public
11944,0.775845,Private
11945,0.05593831,Private
11950,0.2817001,Public
11952,0.09682077,Public
11953,0.6004534,Private
11954,0.1487156,Private
11957,0.1377144,Private
11962,0.3459454,Private
11969,0.2370694,Public
11984,0.7439085,Private
11991,0.5572946,Public
12002,0.1294962,Public
12012,0.4886192,Private
12015,0.09988974,Private
12020,0.04587761,Private
12021,0.1387781,Public
12026,0.09038022,Public
12041,0.3916009,Private
12043,0.4502394,Private
12055,0.3714393,Private
12062,0.4749927,Private
12076,0.02300166,Public
12084,0.59738,Public
12087,0.5752744,Public
12089,0.1256601,Public
12100,0.07852982,Public
12109,0.09999599,Private
12112,0.4483832,Public
12115,0.4712313,Public
12118,0.2018317,Private
12120,0.3458296,Public
12121,0.5048137,Public
12122,0.1026886,Private
12126,0.2473638,Public
12145,0.2483996,Private
12149,0.4934251,Private
12150,0.05301055,Public
12161,0.04481553,Private
12175,0.439221,Private
12178,0.3767001,Private
12180,0.04391466,Private
12182,0.06768792,Private
12183,0.5529366,Private
12185,0.09787405,Private
12190,0.3831054,Public
12191,0.1151123,Private
12192,0.2037678,Private
12194,0.1733136,Private
12196,0.09047594,Public
12197,0.2836707,Public
12201,0.588855,Private
12204,0.4959033,Private
12205,0.6948454,Public
12207,0.1242857,Public
12210,0.07607194,Public
12211,0.1372429,Private
12213,0.07240441,Public
12219,0.2933809,Private
12224,0.1199282,Public
12226,0.07057603,Public
12237,0.09366827,Public
12239,0.1183146,Private
12242,0.1201489,Public
12247,0.08323886,Private
12254,0.2486153,Private
12264,0.6269323,Public
12270,0.1632326,Private
12279,0.2277646,Public
12288,0.1513616,Public
12289,0.1377561,Public
12297,0.40128,Public
12300,0.5669318,Private
12303,0.06156375,Private
12305,0.07234341,Private
12306,0.4534909,Private
12318,0.6338865,Private
12323,0.3968579,Public
12329,0.1067334,Public
12336,0.4179358,Public
12342,0.2890446,Private
12352,0.1855501,Private
12356,0.1672513,Public
12360,0.08554552,Private
12363,0.6150116,Private
12379,0.07725596,Private
12380,0.4558528,Private
12391,0.09438194,Private
12392,0.1412987,Private
12397,0.1980667,Private
12404,0.1361933,Public
12411,0.228832,Private
12417,0.5979722,Public
12419,0.08456669,Private
12420,0.2950486,Public
12442,0.2192473,Public
12446,0.3679785,Public
12449,0.6290945,Public
12453,0.1829133,Public
12454,0.5217324,Public
12460,0.1482058,Public
12467,0.06673028,Public
12497,0.3728779,Private
12500,0.5126117,Private
12501,0.1573897,Private
12516,0.1803078,Public
12521,0.1502926,Public
12537,0.1124085,Private
12552,0.1693412,Public
12559,0.3944094,Public
12563,0.4740167,Private
12569,0.1061632,Private
12588,0.09629276,Public
12598,0.07878932,Private
12602,0.01054155,Public
12605,0.1469445,Private
12612,0.0969133,Public
12615,0.5808675,Public
12625,0.137799,Private
12632,0.08768605,Public
12638,0.1282285,Private
12644,0.3011772,Public
12651,0.500671,Private
12661,0.5951994,Private
12665,0.4499062,Public
12666,0.1827881,Private
12674,0.1120392,Public
12676,0.5994181,Public
12683,0.04483106,Public
12688,0.3568251,Private
12693,0.4725694,Private
12699,0.5830711,Private
12703,0.5079213,Private
12716,0.332289,Private
12720,0.698555,Public
12748,0.6140215,Private
12755,0.1267318,Private
12763,0.4434584,Public
12771,0.4512742,Private
12780,0.1568464,Public
12787,0.6407728,Public
12803,0.6092573,Public
12809,0.6471726,Public
12816,0.1314753,Public
12818,0.4548163,Private
12819,0.1183778,Private
12823,0.3272203,Private
12828,0.1329636,Public
12834,0.4792725,Public
12835,0.1098911,Public
12836,0.02335993,Private
12855,0.03818072,Public
12856,0.1076103,Private
12857,0.1227629,Private
12861,0.05538131,Private
12864,0.4278985,Private
12866,0.07001245,Public
12867,0.3766296,Private
12872,0.131951,Private
12873,0.2277309,Private
12874,0.1922449,Private
12875,0.4641743,Private
12877,0.4810585,Private
12879,0.2018225,Public
12881,0.34996,Private
12884,0.5237985,Private
12901,0.5644416,Public
12905,0.1232462,Private
12906,0.5501719,Public
12907,0.3558804,Private
12910,0.4051884,Public
12916,0.7624341,Public
12920,0.0337682,Private
12924,0.0563428,Public
12930,0.5387973,Public
12935,0.2880196,Public
12937,0.1351156,Public
12938,0.1558516,Private
12939,0.1561787,Private
12940,0.1674638,Public
12941,0.1754331,Private
12943,0.5159212,Public
12963,0.08596682,Private
12974,0.04459617,Public
12975,0.1871054,Public
12984,0.3429969,Public
12985,0.04284742,Private
12987,0.09317227,Private
12991,0.4669632,Public
12999,0.107728,Private
13003,0.04490028,Private
13012,0.2136848,Public
13016,0.613708,Private
13025,0.4339145,Private
13026,0.5827208,Public
13029,0.1466661,Private
13046,0.4027177,Public
13050,0.5186096,Private
13057,0.1339961,Public
13065,0.6456146,Private
13079,0.195043,Public
13092,0.5083427,Private
13102,0.5410373,Private
13105,0.746969,Public
13107,0.5626466,Private
13111,0.1059538,Private
13116,0.0867999,Private
13117,0.4915334,Public
13123,0.5547925,Private
13138,0.5401734,Public
13140,0.06803221,Public
13149,0.1220035,Private
13155,0.110782,Private
13156,0.1608067,Private
13161,0.05425216,Public
13162,0.06799616,Private
13163,0.07014242,Private
13180,0.5625736,Public
13181,0.05539436,Private
13186,0.583081,Public
13189,0.1016028,Public
13200,0.1232681,Private
13201,0.1097185,Private
13210,0.075734,Public
13213,0.3493384,Public
13222,0.3356788,Public
13224,0.582853,Private
13230,0.08232337,Public
13231,0.07694719,Private
13233,0.1192948,Private
13234,0.4876513,Public
13237,0.08438897,Private
13246,0.1792386,Private
13255,0.1023421,Private
13261,0.4715947,Public
13265,0.5557178,Public
13266,0.06872604,Public
13269,0.4477089,Private
13273,0.1032607,Private
13275,0.5764247,Public
13280,0.02590621,Public
13281,0.5338358,Private
13283,0.1764212,Public
13284,0.4695397,Public
13285,0.7221783,Private
13286,0.508541,Public
13288,0.1268016,Public
13300,0.2944238,Public
13303,0.4848548,Public
13305,0.576866,Private
13306,0.04810554,Private
13311,0.5599776,Private
13313,0.3142292,Public
13317,0.1701928,Private
13329,0.3876695,Public
13331,0.288308,Private
13334,0.2210189,Public
13335,0.5524507,Private
13336,0.687062,Public
13338,0.105444,Public
13350,0.09125236,Public
13362,0.05887188,Public
13368,0.07181881,Public
13372,0.6567765,Private
13382,0.6859111,Private
13385,0.5052406,Public
13386,0.2114873,Private
13392,0.5693187,Private
13394,0.46711,Private
13395,0.5912675,Private
13403,0.6775658,Private
13406,0.3064578,Private
13409,0.08320528,Private
13418,0.1442743,Private
13419,0.04499962,Public
13421,0.624871,Public
13423,0.5512823,Public
13428,0.1807113,Private
13429,0.1090215,Public
13435,0.5228796,Private
13440,0.5356112,Private
13444,0.5147183,Private
13448,0.09087256,Public
13450,0.06323659,Private
13453,0.4329101,Private
13454,0.5518864,Public
13456,0.6425461,Private
13463,0.4746705,Public
13467,0.5543305,Private
13470,0.08196144,Private
13487,0.06450819,Public
13493,0.5583519,Public
13500,0.5279687,Public
13503,0.7698072,Public
13507,0.09894306,Private
13510,0.1441675,Public
13515,0.3514624,Public
13527,0.09919434,Private
13536,0.6261146,Private
13541,0.5625897,Private
13543,0.4825536,Private
13545,0.2516523,Public
13565,0.1140803,Private
13566,0.450124,Public
13569,0.1804676,Private
13570,0.68006,Private
13580,0.4644911,Private
13587,0.2521404,Private
13598,0.3742399,Private
13601,0.1055072,Public
13615,0.05833139,Private
13621,0.5561745,Private
13629,0.07693282,Private
13652,0.6200722,Public
13654,0.1019769,Public
13663,0.2036651,Private
13665,0.02481669,Public
13666,0.1932164,Public
13668,0.1788696,Public
13669,0.1123694,Private
13672,0.1226323,Public
13673,0.2719418,Public
13679,0.09447382,Public
13682,0.5388612,Private
13686,0.06712475,Private
13689,0.1584129,Public
13690,0.5766265,Public
13698,0.5545634,Private
13699,0.2103491,Public
13703,0.6860625,Private
13704,0.06765661,Public
13718,0.5009829,Private
13727,0.3295839,Public
13731,0.05450225,Private
13733,0.09520332,Public
13739,0.6913216,Private
13740,0.1647737,Private
13746,0.5125788,Private
13749,0.2271576,Public
13753,0.12695,Public
13760,0.1150437,Private
13769,0.6327214,Private
13777,0.07933626,Public
13780,0.3598874,Public
13782,0.3307333,Public
13785,0.3101061,Private
13786,0.386354,Private
13794,0.3244535,Private
13795,0.2362109,Private
13798,0.4651434,Public
13806,0.7342415,Public
13807,0.2238643,Public
13833,0.4939895,Private
13843,0.02162867,Public
13844,0.1214853,Public
13851,0.1072469,Public
13854,0.5721647,Public
13859,0.09530633,Private
13861,0.4014947,Public
13866,0.5236063,Public
13869,0.1222575,Private
13872,0.05449639,Public
13877,0.680791,Public
13880,0.1924806,Public
13882,0.1080858,Private
13890,0.5981412,Public
13893,0.1032409,Private
13894,0.5395087,Private
13900,0.07001933,Private
13907,0.5657769,Public
13908,0.1687764,Private
13917,0.04623024,Public
13918,0.1687706,Public
13919,0.6070242,Private
13921,0.2713419,Public
13934,0.4675541,Public
13944,0.06062285,Public
13947,0.03078817,Public
13965,0.1006201,Public
13975,0.08641478,Private
13979,0.1056985,Private
13986,0.05766563,Public
14002,0.4993817,Private
14011,0.1169083,Public
14012,0.6913004,Public
14016,0.1470251,Public
14021,0.5171482,Public
14026,0.5665991,Public
14031,0.2264452,Public
14035,0.5448256,Public
14037,0.0706915,Private
14039,0.05258284,Public
14056,0.1525788,Public
14060,0.5393661,Public
14071,0.2980525,Private
14079,0.4804845,Public
14080,0.5769917,Private
14116,0.509944,Public
14122,0.1827139,Public
14123,0.4688169,Private
14126,0.3346386,Public
14130,0.420141,Public
14141,0.3943782,Public
14153,0.6591836,Private
14175,0.09983164,Private
14178,0.2431338,Private
14179,0.693245,Private
14191,0.4867347,Public
14193,0.5130982,Private
14199,0.0711603,Public
14209,0.09532929,Private
14210,0.51432,Public
14211,0.1997586,Public
14219,0.2036334,Private
14226,0.1610936,Public
14234,0.1159191,Private
14235,0.1349768,Public
14239,0.5236508,Private
14242,0.4828302,Private
14248,0.05428453,Public
14249,0.1046775,Private
14255,0.1514368,Private
14256,0.6399841,Private
14260,0.06284741,Public
14263,0.4378334,Private
14266,0.1455532,Private
14270,0.5844837,Public
14271,0.073636,Public
14274,0.07797219,Public
14281,0.3946313,Private
14288,0.4840072,Public
14289,0.08227841,Private
14291,0.4367775,Private
14292,0.2017724,Public
14306,0.6483803,Public
14308,0.5109532,Private
14318,0.5914451,Public
14319,0.3051831,Private
14323,0.09324082,Private
14325,0.07625706,Private
14327,0.5965408,Public
14333,0.2634605,Private
14334,0.09404097,Private
14345,0.3162189,Public
14357,0.1060966,Private
14367,0.301923,Private
14372,0.3372397,Private
14376,0.3584679,Public
14380,0.1908742,Public
14382,0.06372635,Public
14385,0.1076099,Public
14387,0.219918,Public
14388,0.2475995,Private
14389,0.5978754,Public
14390,0.3624183,Private
14393,0.3378406,Public
14396,0.5805538,Public
14397,0.02699278,Public
14404,0.08033209,Public
14407,0.4567933,Private
14414,0.5116803,Private
14425,0.2735795,Private
14429,0.06847341,Public
14434,0.1351936,Private
14439,0.2550777,Public
14440,0.4681704,Private
14456,0.4942111,Private
14457,0.4077459,Public
14472,0.5462188,Public
14481,0.1218058,Public
14484,0.2324326,Public
14489,0.5095757,Private
14497,0.06389594,Private
14498,0.4601116,Private
14506,0.07133225,Public
14507,0.5429993,Private
14549,0.3018892,Public
14551,0.5906426,Private
14559,0.4548784,Public
14567,0.5003348,Public
14568,0.129744,Private
14571,0.1419688,Public
14588,0.1316129,Public
14591,0.6059026,Private
14596,0.08503445,Public
14605,0.5280066,Private
14618,0.4198964,Private
14620,0.6429288,Private
14621,0.1947569,Private
14626,0.6740113,Private
14629,0.5625774,Private
14633,0.1055247,Private
14635,0.1220891,Private
14639,0.07786607,Public
14642,0.5854397,Public
14645,0.138001,Private
14648,0.1006191,Public
14650,0.3268743,Public
14662,0.3670253,Public
14671,0.1041895,Private
14677,0.1524084,Public
14678,0.5390674,Private
14683,0.1432046,Private
14690,0.0834554,Private
14691,0.562601,Public
14692,0.1785354,Private
14693,0.2474045,Private
14694,0.5216347,Public
14706,0.3818202,Private
14708,0.1358898,Public
14715,0.1054309,Private
14716,0.4635472,Public
14718,0.08002389,Private
14719,0.3741563,Private
14728,0.0339002,Public
14732,0.09048219,Private
14735,0.2230253,Public
14743,0.1420123,Private
14745,0.6127537,Private
14746,0.4352845,Public
14751,0.1645164,Public
14758,0.4519813,Private
14760,0.126715,Public
14776,0.6559634,Private
14779,0.05588574,Private
14780,0.1992657,Private
14781,0.6360192,Public
14799,0.6738611,Private
14817,0.4132229,Private
14823,0.341918,Public
14834,0.4714841,Public
14847,0.2887599,Public
14849,0.6395113,Public
14855,0.08986755,Private
14859,0.2716445,Public
14860,0.4823435,Private
14877,0.5668052,Public
14878,0.3355179,Public
14887,0.1027843,Public
14892,0.07172733,Private
14901,0.5590206,Private
14908,0.6427024,Public
14915,0.07653429,Private
14919,0.1697204,Public
14924,0.05919856,Public
14925,0.04600193,Public
14937,0.2842047,Private
14939,0.6430529,Private
14953,0.2587667,Private
14955,0.1013772,Public
14961,0.1034674,Public
14962,0.2272192,Private
14963,0.3228799,Public
14973,0.6027795,Private
14974,0.5160601,Private
14988,0.1054414,Public
14990,0.5192999,Private
14995,0.06936802,Private
14997,0.4741992,Public
14999,0.1777857,Private
15003,0.09499286,Private
15008,0.04155003,Public
15015,0.1155703,Private
15021,0.4861911,Public
15025,0.3067496,Private
15029,0.1344554,Private
15032,0.5499227,Private
15034,0.3518087,Public
15036,0.2783781,Private
15037,0.695296,Public
15038,0.175023,Public
15043,0.138464,Public
15048,0.474978,Private
15051,0.1928038,Public
15052,0.6004446,Public
15059,0.08297692,Private
15064,0.136229,Public
15065,0.5928055,Public
15072,0.05208373,Public
15076,0.3880838,Public
15077,0.05671895,Private
15078,0.1236071,Public
15082,0.2526692,Public
15086,0.03283848,Private
15088,0.07246982,Private
15089,0.7395788,Private
15090,0.1347402,Private
15111,0.4223597,Private
15115,0.3210973,Public
15116,0.5044518,Private
15120,0.327664,Private
15123,0.6184074,Public
15141,0.05962417,Public
15150,0.5888965,Public
15151,0.3591386,Private
15154,0.1592043,Private
15160,0.1275107,Private
15162,0.4684236,Public
15167,0.0650318,Public
15169,0.4139329,Public
15173,0.5537382,Private
15174,0.2775173,Private
15185,0.1044956,Private
15187,0.2219772,Private
15193,0.6080549,Private
15198,0.1770507,Private
15210,0.1053344,Public
15216,0.3162274,Public
15221,0.3178796,Public
15223,0.5598681,Public
15225,0.1185681,Public
15231,0.4895228,Public
15233,0.6248823,Private
15234,0.0861256,Public
15240,0.383908,Private
15248,0.07496843,Private
15250,0.1374854,Private
15251,0.03408577,Private
15254,0.09523232,Public
15261,0.5574579,Private
15282,0.4920865,Public
15290,0.06003316,Private
15295,0.3935697,Public
15303,0.1024214,Public
15305,0.3771941,Private
15313,0.07994519,Private
15317,0.2167844,Public
15324,0.1058422,Private
15328,0.08522534,Public
15329,0.04693119,Private
15330,0.5005019,Public
15332,0.4523269,Public
15338,0.6471728,Public
15339,0.4066339,Public
15352,0.08059386,Public
15357,0.08584154,Public
15358,0.08695462,Public
15366,0.06025812,Public
15372,0.02457167,Private
15376,0.1587006,Public
15378,0.3124246,Private
15379,0.5061677,Private
15380,0.637019,Public
15385,0.3823172,Private
15386,0.130891,Public
15389,0.5299129,Public
15398,0.6055576,Private
15401,0.1011201,Private
15402,0.6133901,Private
15407,0.352583,Public
15408,0.6001691,Private
15409,0.5144302,Public
15414,0.4712866,Public
15417,0.07472464,Public
15419,0.09255449,Private
15422,0.1366906,Public
15434,0.0785966,Private
15437,0.1014845,Private
15438,0.1233279,Private
15439,0.1672233,Private
15449,0.3264326,Private
15457,0.547447,Public
15467,0.1480698,Public
15479,0.5166388,Private
15485,0.1652821,Public
15487,0.3182596,Public
15489,0.758293,Public
15493,0.1946536,Public
15494,0.3389838,Public
15504,0.1046725,Public
15511,0.4239316,Private
15522,0.1560057,Public
15523,0.131291,Private
15524,0.4651545,Private
15534,0.5056295,Public
15540,0.2156799,Private
15549,0.5577496,Private
15554,0.04096961,Private
15563,0.4056979,Public
15577,0.07414514,Public
15581,0.1944305,Public
15582,0.323152,Private
15583,0.2243896,Private
15588,0.07737375,Private
15589,0.04438661,Private
15591,0.6462633,Private
15592,0.6142345,Private
15605,0.271723,Public
15611,0.5646423,Private
15619,0.03766361,Public
15620,0.7200503,Public
15624,0.1739246,Private
15629,0.3289881,Private
15630,0.4905189,Public
15634,0.4558461,Public
15636,0.08248957,Public
15641,0.08515237,Public
15648,0.03634345,Public
15649,0.3245102,Private
15657,0.3089202,Private
15659,0.07487488,Public
15667,0.6008052,Public
15668,0.2436608,Public
15675,0.5169011,Public
15689,0.03939403,Private
15690,0.02766667,Private
15696,0.1091307,Private
15700,0.224035,Public
15701,0.6292939,Private
15704,0.07461002,Public
15707,0.1823993,Public
15708,0.290945,Private
15728,0.1549352,Private
15729,0.05577756,Private
15732,0.4278227,Private
15733,0.5068584,Private
15734,0.1652438,Private
15735,0.4857116,Public
15739,0.3206184,Public
15748,0.336711,Public
15754,0.1563047,Public
15762,0.3439538,Public
15764,0.6021221,Public
15775,0.5521527,Private
15779,0.2431196,Private
15782,0.09209441,Private
15784,0.05527097,Public
15791,0.07474333,Private
15792,0.05444085,Public
15795,0.03286237,Public
15797,0.2775356,Public
15802,0.03031972,Public
15804,0.6152129,Public
15810,0.07276954,Private
15819,0.1007174,Private
15823,0.1265479,Private
15828,0.4437587,Public
15830,0.1546157,Private
15831,0.1426351,Private
15839,0.1367642,Public
15846,0.2687455,Private
15848,0.2825169,Public
15850,0.1448526,Public
15852,0.143195,Public
15858,0.1445974,Private
15861,0.09095245,Public
15863,0.2203847,Public
15867,0.1302064,Public
15873,0.573779,Private
15882,0.07207082,Public
15892,0.1645818,Public
15893,0.3793917,Public
15896,0.05550801,Private
15899,0.05514797,Private
15909,0.4117215,Private
15915,0.03610696,Public
15916,0.446704,Public
15926,0.6118506,Private
15928,0.06184545,Public
15930,0.3661093,Private
15932,0.1317077,Private
15935,0.1060763,Public
15945,0.1617797,Private
15954,0.2368781,Private
15957,0.5739898,Public
15958,0.1832426,Public
15960,0.6401588,Public
15972,0.3146643,Private
15977,0.2078421,Public
15989,0.1009249,Public
15993,0.05509451,Private
15994,0.07433797,Public
15997,0.354654,Public
16007,0.1643864,Private
16011,0.229475,Public
16014,0.1946376,Public
16023,0.6081476,Public
16025,0.07829521,Public
16029,0.2269037,Public
16032,0.3407173,Private
16035,0.6831663,Private
16040,0.03091117,Public
16043,0.1071043,Private
16052,0.0799825,Private
16057,0.2199551,Private
16059,0.06923205,Private
16061,0.3298669,Private
16065,0.4799539,Private
16066,0.1601415,Public
16075,0.03629326,Private
16076,0.1761697,Public
16080,0.1512215,Public
16082,0.5921077,Private
16087,0.08914349,Public
16091,0.04495897,Public
16101,0.1307388,Public
16103,0.7420082,Public
16105,0.4980436,Private
16108,0.384168,Private
16116,0.3861926,Public
16119,0.09321808,Public
16120,0.08503803,Public
16121,0.1759627,Public
16122,0.6216857,Private
16128,0.5999348,Private
16138,0.440783,Public
16139,0.5553024,Public
16142,0.3348325,Private
16143,0.100091,Private
16146,0.07227786,Public
16148,0.4861371,Public
16154,0.1235843,Public
16163,0.7078139,Private
16167,0.1501481,Public
16184,0.07446048,Public
16191,0.3605306,Private
16192,0.4388099,Private
16193,0.3165617,Public
16198,0.07022662,Public
16199,0.5218959,Public
16204,0.3751214,Private
16206,0.7131225,Public
16208,0.09966791,Private
16209,0.1341987,Private
16211,0.4999791,Private
16220,0.3666908,Private
16225,0.6923587,Public
16226,0.04100628,Public
16237,0.1422805,Private
16238,0.02082078,Public
16241,0.1653088,Public
16246,0.0675153,Public
16254,0.1064606,Public
16258,0.1582937,Public
16259,0.04923911,Private
16260,0.06458524,Private
16267,0.02760559,Private
16277,0.07556813,Private
16279,0.08099894,Public
16283,0.6104524,Private
16285,0.07330678,Private
16288,0.154875,Public
16289,0.2835069,Private
16292,0.1155896,Public
16304,0.1974214,Public
16309,0.05219959,Public
16312,0.188603,Public
16322,0.2526102,Public
16347,0.2157185,Private
16350,0.1633733,Private
16351,0.2462505,Public
16352,0.3631276,Private
16360,0.6757894,Public
16363,0.1530256,Private
16364,0.09975906,Public
16365,0.314978,Public
16371,0.3684531,Private
16374,0.07260583,Private
16375,0.3214815,Private
16389,0.1201592,Private
16406,0.1109526,Private
16417,0.04205127,Public
16427,0.1229544,Public
16428,0.6570691,Public
16433,0.4587142,Public
16442,0.6194671,Public
16444,0.5453753,Public
16447,0.6761478,Public
16448,0.7819704,Private
16450,0.04670648,Public
16453,0.5130035,Private
16456,0.2565705,Private
16459,0.03109826,Public
16462,0.1813553,Public
16473,0.53285,Private
16478,0.5446318,Private
16482,0.4084961,Public
16484,0.2745564,Public
16488,0.1519602,Private
16489,0.5568722,Private
16490,0.3487405,Public
16493,0.5077674,Public
16494,0.7010267,Private
16498,0.5339455,Public
16506,0.5864376,Private
16508,0.5262865,Public
16523,0.5111588,Private
16524,0.07233363,Public
16531,0.232887,Public
16532,0.6777304,Private
16533,0.1242062,Public
16535,0.521613,Private
16543,0.1510204,Public
16544,0.4182706,Private
16555,0.2950944,Private
16559,0.1116971,Private
16562,0.4357898,Public
16566,0.7198085,Private
16569,0.4253317,Private
16571,0.09400495,Private
16574,0.5086964,Public
16575,0.7922659,Public
16576,0.03386709,Public
16589,0.1147175,Private
16593,0.1064982,Private
16600,0.5635241,Public
16603,0.250947,Private
16608,0.5413182,Private
16619,0.5746816,Public
16626,0.6509508,Public
16630,0.5168951,Private
16633,0.5214253,Private
16636,0.04381679,Public
16645,0.1966265,Private
16646,0.4498583,Private
16650,0.09774035,Private
16651,0.520086,Private
16652,0.7087382,Private
16661,0.04091502,Private
16663,0.5960878,Public
16668,0.330072,Private
16673,0.6116824,Public
16676,0.01092587,Private
16682,0.0646008,Public
16689,0.150302,Private
16692,0.59567,Public
16693,0.1756462,Public
16702,0.5554214,Public
16704,0.4725916,Private
16705,0.3887947,Private
16708,0.1213657,Public
16709,0.6681952,Private
16713,0.671384,Private
16715,0.1330491,Public
16724,0.0658948,Private
16725,0.4987886,Public
16738,0.2673604,Public
16740,0.06204508,Private
16744,0.5854424,Public
16746,0.5599288,Private
16748,0.1156606,Private
16766,0.1473044,Private
16767,0.06406344,Private
16772,0.1798651,Private
16775,0.0739427,Private
16779,0.454118,Public
16786,0.1004062,Public
16806,0.469458,Private
16820,0.3988728,Public
16829,0.1021614,Public
16835,0.3607493,Public
16855,0.5744013,Private
16859,0.04668389,Public
16865,0.5381073,Public
16876,0.07391486,Public
16878,0.6805457,Public
16896,0.550386,Private
16901,0.3319162,Public
16905,0.4328046,Private
16907,0.5278924,Private
16911,0.5996067,Public
16920,0.0443294,Private
16923,0.1900965,Private
16924,0.412359,Private
16925,0.0829803,Public
16932,0.1074301,Public
16934,0.5428322,Private
16937,0.3524712,Private
16939,0.3617194,Private
16940,0.1499097,Private
16943,0.7694611,Public
16956,0.03595154,Private
16960,0.4873198,Public
16964,0.08377565,Private
16968,0.4063574,Public
16977,0.09614919,Public
16978,0.06968521,Private
16979,0.1342227,Private
16983,0.4737789,Private
16984,0.1046871,Public
16991,0.06742331,Public
16994,0.2314552,Private
16995,0.07120896,Public
16997,0.03152004,Public
16999,0.594247,Private
17007,0.4106003,Public
17010,0.3621325,Private
17013,0.7779033,Public
17014,0.1450422,Private
17015,0.3159258,Private
17019,0.4823368,Private
17027,0.03159124,Private
17032,0.6285387,Public
17038,0.1375541,Private
17040,0.533496,Private
17043,0.2168842,Private
17044,0.08616044,Private
17045,0.07535189,Private
17046,0.5473108,Private
17059,0.6772863,Private
17065,0.4898657,Public
17069,0.0883442,Public
17071,0.01972884,Private
17073,0.4708778,Public
17077,0.1175161,Private
17084,0.09395279,Private
17087,0.4075582,Public
17100,0.159636,Private
17101,0.07420524,Private
17106,0.02872403,Private
17110,0.2864195,Public
17116,0.07012262,Private
17118,0.09449101,Public
17127,0.1224575,Private
17130,0.1836231,Public
17131,0.2482606,Private
17138,0.5444881,Private
17140,0.5691929,Private
17143,0.5938277,Public
17144,0.50073,Private
17152,0.1031448,Private
17153,0.6722542,Public
17154,0.09485666,Private
17156,0.07504801,Private
17157,0.09016303,Private
17158,0.1030582,Private
17159,0.5144212,Private
17165,0.08690061,Private
17167,0.2134915,Private
17174,0.3772669,Public
17175,0.408456,Private
17177,0.2500556,Private
17182,0.6156322,Private
17184,0.4665182,Private
17189,0.03753585,Public
17194,0.1542206,Public
17197,0.4932729,Private
17198,0.1108882,Public
17199,0.5764182,Public
17205,0.2381629,Public
17207,0.5375489,Private
17215,0.5191408,Public
17216,0.2187027,Public
17221,0.02786384,Public
17223,0.3256572,Public
17229,0.1175332,Public
17230,0.5875958,Private
17234,0.4105265,Private
17238,0.5343735,Public
17241,0.09218846,Private
17245,0.123023,Public
17256,0.588533,Public
17260,0.3336763,Private
17266,0.5324417,Private
17272,0.07761898,Private
17273,0.40892,Public
17274,0.07000422,Public
17276,0.576673,Public
17279,0.09070437,Public
17290,0.171804,Private
17297,0.07913034,Public
17300,0.02212774,Private
17304,0.08100417,Private
17310,0.4621164,Private
17316,0.5286532,Public
17322,0.3148952,Private
17323,0.6113406,Public
17327,0.06307771,Private
17332,0.4366563,Public
17333,0.2425336,Private
17335,0.1562364,Private
17336,0.5690188,Private
17338,0.1310477,Private
17341,0.6446851,Private
17347,0.471974,Private
17349,0.4791049,Public
17352,0.4033295,Private
17357,0.1788551,Private
17358,0.1984384,Private
17368,0.08929962,Public
17369,0.1013111,Private
17373,0.1379501,Public
17374,0.3102637,Private
17375,0.1213153,Public
17384,0.334202,Public
17387,0.2975451,Public
17388,0.1086382,Public
17393,0.5604607,Public
17397,0.4965864,Private
17400,0.5139464,Public
17401,0.05095905,Private
17404,0.7053326,Public
17408,0.07410519,Private
17412,0.09674183,Private
17413,0.07468309,Public
17422,0.09078948,Private
17426,0.6004922,Private
17429,0.1907687,Private
17430,0.0426008,Public
17438,0.1201158,Public
17441,0.06754173,Private
17443,0.5662671,Public
17450,0.5110947,Private
17458,0.7649316,Public
17459,0.6745682,Private
17465,0.3154376,Public
17469,0.1444242,Public
17482,0.1074628,Private
17500,0.1203834,Private
17507,0.3254324,Private
17508,0.4854615,Private
17509,0.4775209,Public
17514,0.2954837,Public
17522,0.1315852,Public
17529,0.5872917,Private
17533,0.1153646,Public
17536,0.0408073,Private
17540,0.1256298,Public
17543,0.07418649,Public
17545,0.4829158,Public
17548,0.3662415,Public
17558,0.3958669,Public
17563,0.6347412,Private
17568,0.04565254,Public
17569,0.071705,Private
17573,0.5299389,Private
17576,0.5865856,Private
17580,0.03988047,Private
17587,0.5277183,Public
17600,0.6014225,Public
17601,0.528239,Public
17602,0.04559567,Private
17603,0.1469086,Private
17610,0.3253173,Public
17611,0.1833767,Public
17618,0.5956647,Private
17622,0.09535323,Private
17625,0.3036744,Private
17629,0.5117808,Private
17630,0.1069375,Private
17633,0.348999,Private
17634,0.1057929,Public
17637,0.07904804,Public
17640,0.08684917,Private
17653,0.0833552,Private
17659,0.7707404,Public
17667,0.1535701,Private
17669,0.4954844,Public
17671,0.1309978,Private
17674,0.4901395,Public
17675,0.03643263,Private
17676,0.5529686,Private
17682,0.4154454,Public
17685,0.06452124,Public
17693,0.0595645,Private
17705,0.5086152,Public
17706,0.112127,Public
17709,0.1902118,Private
17716,0.115077,Public
17718,0.07633769,Public
17727,0.615091,Public
17733,0.2113314,Private
17745,0.5838882,Public
17748,0.5868753,Public
17769,0.3323831,Public
17771,0.6325858,Public
17772,0.1505818,Public
17776,0.5663402,Public
17778,0.5018925,Public
17790,0.5842363,Public
17794,0.01746328,Private
17796,0.03841705,Public
17806,0.1386496,Public
17809,0.6203862,Private
17818,0.4300647,Private
17821,0.1889539,Private
17824,0.5137249,Public
17829,0.06511276,Public
17833,0.1007072,Public
17839,0.1222418,Public
17850,0.08920651,Public
17857,0.5464279,Private
17858,0.01305134,Public
17861,0.658597,Private
17862,0.2949636,Public
17868,0.1905391,Public
17878,0.4049595,Private
17881,0.1228985,Private
17883,0.6547388,Public
17889,0.1362692,Private
17903,0.3942711,Public
17905,0.3867243,Public
17907,0.2944756,Private
17908,0.07489524,Public
17920,0.3121133,Public
17929,0.2113139,Public
17939,0.0648632,Public
17942,0.1049214,Public
17948,0.1421749,Public
17950,0.2257953,Private
17955,0.568637,Private
17959,0.1495843,Public
17970,0.6160225,Public
17974,0.163283,Private
17996,0.6223991,Public
17997,0.5468377,Private
18006,0.08380603,Private
18013,0.5946967,Public
18017,0.03975125,Public
18019,0.4569799,Public
18020,0.07753152,Public
18030,0.4135616,Public
18033,0.5696511,Private
18037,0.6081347,Public
18040,0.2674472,Private
18047,0.1971297,Private
18051,0.09123095,Public
18055,0.09283734,Public
18058,0.6990529,Public
18062,0.1355321,Private
18065,0.4476583,Public
18066,0.2467615,Private
18070,0.2758228,Private
18071,0.6216041,Private
18073,0.57397,Private
18074,0.2839721,Private
18077,0.3629811,Private
18079,0.6920335,Private
18095,0.6390841,Private
18099,0.2024773,Private
18100,0.07584473,Private
18105,0.1247931,Public
18108,0.08620984,Private
18133,0.07585012,Private
18135,0.2769615,Private
18141,0.5162463,Public
18157,0.144794,Private
18161,0.1662305,Private
18165,0.1300287,Private
18170,0.08640127,Public
18174,0.5300558,Private
18179,0.5769524,Private
18199,0.3356625,Private
18201,0.4277862,Private
18205,0.3597031,Private
18212,0.2013391,Private
18225,0.07784508,Public
18226,0.1156178,Private
18227,0.09543809,Public
18228,0.509945,Private
18230,0.6950153,Private
18240,0.1181269,Public
18242,0.1265746,Public
18256,0.6733763,Public
18257,0.6014472,Private
18260,0.1008852,Private
18261,0.5821911,Public
18263,0.175064,Private
18268,0.6422894,Public
18279,0.09931411,Private
18280,0.1638268,Public
18287,0.356169,Public
18288,0.07213708,Public
18296,0.07460606,Private
18297,0.2738842,Public
18298,0.3256066,Private
18300,0.349065,Public
18302,0.1032071,Public
18309,0.4854024,Public
18312,0.5411395,Public
18313,0.1246618,Private
18316,0.1360359,Public
18318,0.09061343,Private
18320,0.2772803,Public
18322,0.1364248,Public
18323,0.06485271,Public
18325,0.2701641,Public
18330,0.03887827,Private
18344,0.2249722,Private
18351,0.116791,Public
18354,0.5840266,Private
18361,0.1540176,Private
18366,0.1174574,Private
18371,0.1640571,Private
18375,0.5893176,Private
18381,0.6323501,Private
18383,0.1087452,Private
18384,0.5606399,Public
18385,0.2307024,Private
18394,0.112752,Public
18395,0.4331733,Private
18402,0.39909,Private
18405,0.5548645,Public
18409,0.08414435,Private
18413,0.04292573,Private
18414,0.7400752,Public
18423,0.09567934,Private
18429,0.3500285,Private
18431,0.4785608,Private
18443,0.3952282,Public
18449,0.3627134,Public
18452,0.08794954,Private
18460,0.4799019,Public
18472,0.2343666,Public
18474,0.08570971,Public
18477,0.07219055,Public
18482,0.1515457,Private
18489,0.1369088,Private
18510,0.5095279,Private
18522,0.195506,Private
18526,0.07880517,Public
18540,0.4452626,Public
18546,0.7896928,Public
18557,0.1191149,Public
18562,0.15893,Public
18574,0.1087178,Public
18589,0.3676018,Public
18594,0.01445905,Public
18595,0.5165157,Private
18601,0.2655148,Private
18608,0.0348356,Private
18610,0.250528,Private
18615,0.1009606,Private
18624,0.07824835,Public
18632,0.3559454,Private
18637,0.3662724,Public
18639,0.4890646,Public
18640,0.1842537,Public
18642,0.6098696,Public
18646,0.07179237,Public
18653,0.4906565,Private
18658,0.4595962,Private
18667,0.07349636,Private
18669,0.1003831,Private
18675,0.3692265,Private
18676,0.7219736,Public
18677,0.4363185,Private
18680,0.1568274,Private
18681,0.7298871,Public
18687,0.3789044,Public
18688,0.5071005,Private
18689,0.4955627,Private
18690,0.07778348,Public
18693,0.4474872,Private
18704,0.1905883,Public
18705,0.08021289,Public
18706,0.4729861,Public
18708,0.04697599,Public
18711,0.151844,Private
18715,0.07824928,Public
18728,0.6737063,Private
18733,0.05767989,Public
18740,0.114042,Private
18743,0.3320033,Private
18744,0.5509012,Private
18745,0.2522069,Private
18748,0.08746834,Private
18752,0.1688285,Private
18756,0.7633926,Private
18768,0.04060749,Private
18777,0.0625983,Public
18781,0.03284365,Public
18782,0.1493958,Public
18787,0.05369691,Public
18793,0.08439285,Public
18799,0.5641718,Public
18800,0.06788276,Private
18807,0.09948018,Public
18812,0.5197197,Private
18814,0.1039884,Public
18816,0.09032127,Private
18830,0.1096487,Public
18836,0.3342994,Public
18839,0.643504,Public
18847,0.3107916,Private
18857,0.4321275,Public
18866,0.5291457,Private
18883,0.5153831,Public
18888,0.1427359,Private
18890,0.1574479,Public
18891,0.7814071,Private
18895,0.09497026,Public
18907,0.05600507,Public
18909,0.03646364,Public
18910,0.0112058,Public
18919,0.1575723,Public
18931,0.604692,Private
18932,0.4702652,Public
18940,0.707032,Public
18946,0.1185362,Private
18951,0.1284963,Public
18953,0.08670644,Public
18961,0.309693,Private
18971,0.0195057,Private
18976,0.2657802,Private
18984,0.1655079,Public
18990,0.1514293,Private
18991,0.2084785,Public
18996,0.3608157,Private
19008,0.03889576,Private
19014,0.04683848,Private
19023,0.05319642,Public
19029,0.2810161,Public
19033,0.5349199,Private
19050,0.3273861,Private
19053,0.5957298,Private
19056,0.581674,Private
19063,0.06567384,Private
19065,0.5183132,Public
19072,0.356306,Public
19073,0.195435,Public
19086,0.1018566,Public
19087,0.5238662,Public
19094,0.09693968,Private
19096,0.5200205,Private
19097,0.3648252,Private
19109,0.4583081,Public
19116,0.5013387,Private
19122,0.08886774,Private
19129,0.08259792,Private
19142,0.1037939,Private
19149,0.5170414,Private
19154,0.1661889,Private
19156,0.2462779,Public
19157,0.1555864,Private
19158,0.09307444,Public
19159,0.07547316,Public
19163,0.07873444,Public
19169,0.5112785,Private
19171,0.7930614,Private
19173,0.08429546,Private
19177,0.1528168,Public
19178,0.5386215,Public
19187,0.4888309,Private
19190,0.4745068,Public
19192,0.2957264,Private
19195,0.3710736,Public
19198,0.04045517,Private
19199,0.2815316,Private
19201,0.1521881,Private
19216,0.586843,Public
19222,0.08581008,Private
19229,0.5561514,Private
19233,0.1557892,Private
19239,0.3445329,Private
19250,0.08296723,Public
19252,0.44664,Public
19256,0.5512665,Public
19259,0.1515583,Public
19262,0.196218,Private
19266,0.6495953,Public
19267,0.0842025,Public
19276,0.1315134,Public
19282,0.2605664,Public
19283,0.1342716,Public
19288,0.07646921,Private
19296,0.5427217,Public
19309,0.6864285,Private
19322,0.2811409,Public
19323,0.1113003,Public
19324,0.4295375,Private
19332,0.6511203,Public
19333,0.6421773,Public
19336,0.3431057,Private
19337,0.4840383,Private
19340,0.569291,Private
19346,0.03886221,Public
19352,0.03972834,Private
19359,0.1834731,Private
19360,0.3761765,Private
19362,0.5272307,Public
19369,0.04716638,Public
19377,0.3143199,Public
19381,0.4527598,Public
19385,0.1516153,Private
19394,0.2837251,Public
19403,0.06429256,Public
19404,0.5393229,Public
19405,0.06980262,Public
19416,0.1769185,Public
19420,0.136299,Public
19422,0.1591783,Public
19423,0.1415488,Private
19426,0.1544942,Public
19446,0.4731628,Private
19450,0.1526469,Public
19455,0.2638157,Public
19456,0.3119606,Public
19457,0.02926132,Public
19462,0.5907207,Public
19464,0.1772043,Public
19465,0.03796066,Private
19476,0.0905185,Public
19477,0.09644084,Public
19483,0.4060917,Private
19491,0.07178896,Public
19503,0.01819504,Public
19504,0.3685708,Public
19508,0.1169425,Public
19510,0.1920374,Public
19514,0.1596374,Private
19515,0.3349736,Private
19520,0.3287528,Private
19521,0.09186494,Public
19522,0.06490747,Public
19523,0.1260362,Public
19539,0.5544041,Public
19541,0.6550212,Public
19544,0.4519133,Public
19547,0.5322022,Public
19551,0.1139418,Public
19552,0.1357687,Public
19558,0.05726996,Private
19563,0.5283846,Public
19569,0.5747118,Private
19572,0.5890531,Public
19575,0.1085433,Private
19581,0.4962044,Public
19583,0.590373,Public
19585,0.0387163,Public
19589,0.07770067,Public
19595,0.1161023,Private
19601,0.6616448,Public
19610,0.1034019,Public
19611,0.3992213,Private
19613,0.1467667,Public
19622,0.2221576,Private
19623,0.5476499,Private
19627,0.1150039,Public
19629,0.683936,Public
19631,0.195339,Public
19641,0.1186737,Private
19642,0.07554388,Public
19643,0.1551718,Public
19644,0.1087313,Public
19659,0.3493366,Private
19665,0.5902428,Private
19673,0.02996249,Private
19675,0.3403719,Private
19689,0.2028297,Private
19692,0.04800178,Public
19693,0.4123253,Private
19702,0.2222989,Private
19708,0.06430455,Public
19710,0.276812,Private
19715,0.561193,Private
19726,0.5341855,Public
19727,0.2221382,Public
19728,0.1322004,Public
19731,0.2988488,Private
19738,0.4152458,Public
19739,0.152588,Private
19748,0.1097694,Public
19751,0.5698345,Private
19755,0.08298895,Public
19758,0.3332858,Private
19763,0.376182,Public
19768,0.2940204,Public
19773,0.6481991,Public
19781,0.3865682,Public
19782,0.6283556,Public
19787,0.2795338,Private
19790,0.04303553,Private
19796,0.1623819,Private
19797,0.07410422,Private
19798,0.5351285,Public
19799,0.6231548,Private
19800,0.2932413,Private
19810,0.1331754,Public
19816,0.1448239,Private
19830,0.07196488,Public
19856,0.6076102,Private
19861,0.08369648,Private
19867,0.5811058,Private
19870,0.1197369,Public
19871,0.3867677,Private
19873,0.01763795,Public
19874,0.5259357,Private
19877,0.08880363,Public
19880,0.3361447,Private
19881,0.5475808,Private
19897,0.4332663,Public
19920,0.1812376,Public
19924,0.7231896,Private
19928,0.5644991,Public
19929,0.3872318,Public
19930,0.1602647,Public
19935,0.128595,Public
19937,0.4046346,Private
19942,0.534852,Private
19950,0.1274594,Public
19956,0.1396878,Public
19963,0.4706741,Public
19971,0.08221342,Public
19975,0.5357775,Private
19977,0.06285608,Public
19982,0.02572354,Private
19984,0.5327329,Private
19991,0.3173019,Private
19995,0.2007908,Private
19996,0.07494791,Public
20002,0.6427401,Public
20008,0.05268731,Public
20010,0.153994,Private
20011,0.4587748,Private
20022,0.257665,Public
20025,0.0896524,Public
20028,0.220241,Public
20039,0.6458186,Private
20043,0.2188787,Private
20044,0.08310611,Private
20045,0.1249442,Private
20047,0.5767816,Public
20049,0.5716327,Private
20054,0.03869366,Private
20056,0.4702999,Public
20058,0.0485193,Private
20069,0.05024224,Public
20074,0.1236145,Private
20079,0.1956732,Private
20080,0.6986806,Private
20085,0.4540259,Private
20092,0.6061453,Public
20093,0.07458627,Private
20095,0.1045841,Private
20096,0.617406,Private
20099,0.4347049,Private
20102,0.127037,Public
20103,0.2420335,Private
20104,0.07663076,Private
20108,0.3959496,Public
20113,0.1578391,Public
20114,0.06388088,Private
20115,0.1265987,Private
20116,0.4361709,Private
20125,0.01869544,Public
20128,0.1835017,Private
20131,0.3964689,Public
20132,0.2360708,Private
20140,0.1520316,Public
20150,0.3544088,Private
20156,0.1013524,Private
20159,0.6282376,Private
20169,0.5560795,Private
20171,0.1272088,Public
20175,0.08135109,Private
20176,0.6376886,Private
20183,0.1575266,Public
20187,0.05456823,Private
20193,0.04975441,Private
20195,0.6227459,Private
20202,0.3718285,Private
20213,0.2920048,Public
20219,0.09932498,Private
20221,0.2402144,Public
20224,0.08175157,Public
20229,0.07858423,Public
20234,0.1143551,Public
20239,0.09206051,Public
20243,0.2752182,Private
20245,0.1095838,Public
20256,0.6050428,Public
20269,0.4401923,Public
20270,0.2937031,Private
20281,0.07273385,Public
20293,0.06882463,Public
20307,0.5200902,Private
20309,0.1599523,Public
20313,0.5718449,Private
20316,0.6506032,Public
20323,0.5393547,Public
20324,0.6490582,Public
20337,0.5121931,Private
20343,0.08446023,Public
20344,0.1160237,Private
20354,0.5905414,Public
20358,0.03983451,Private
20365,0.2843258,Public
20369,0.3738271,Public
20372,0.06971772,Public
20373,0.09074727,Private
20384,0.3252024,Public
20388,0.5430846,Private
20389,0.03005187,Private
20390,0.6024611,Private
20396,0.4613728,Public
20405,0.1636468,Private
20422,0.7055756,Private
20426,0.01769807,Private
20431,0.4687856,Private
20435,0.1608255,Private
20439,0.3347993,Private
20447,0.2910295,Private
20448,0.0508943,Public
20449,0.2271355,Private
20455,0.1397919,Public
20460,0.1007155,Private
20466,0.2354382,Private
20470,0.1086773,Public
20471,0.7167016,Public
20478,0.538789,Public
20491,0.6995654,Public
20501,0.1126162,Public
20504,0.7295759,Private
20505,0.1544773,Private
20511,0.07920494,Private
20514,0.2239742,Public
20527,0.4497056,Private
20529,0.05523834,Public
20534,0.3800977,Private
20538,0.1767856,Public
20539,0.05854074,Public
20541,0.09179064,Public
20545,0.514685,Private
20547,0.04714001,Public
20551,0.09322869,Private
20557,0.0631509,Private
20559,0.06575169,Private
20561,0.1140565,Public
20566,0.09861498,Public
20567,0.2923093,Public
20577,0.6222886,Public
20581,0.6348442,Private
20583,0.06007185,Public
20595,0.01237247,Public
20600,0.1713404,Public
20601,0.08211281,Private
20605,0.326429,Public
20607,0.03871459,Private
20608,0.1676607,Public
20609,0.3971813,Private
20611,0.09487447,Private
20615,0.1708268,Public
20618,0.0720602,Public
20625,0.08312656,Public
20637,0.09148846,Public
20641,0.08636789,Public
20644,0.3124597,Private
20651,0.1415407,Private
20653,0.09843347,Public
20654,0.0748731,Private
20655,0.1648519,Public
20659,0.05035634,Private
20661,0.07577669,Public
20662,0.5597269,Private
20666,0.5305307,Private
20672,0.6874531,Public
20684,0.6162646,Public
20689,0.1064574,Public
20698,0.05626459,Private
20700,0.1078714,Private
20703,0.08404148,Private
20707,0.2876269,Private
20709,0.484426,Private
20710,0.2316139,Public
20711,0.5586451,Private
20714,0.3530538,Private
20719,0.1326745,Public
20724,0.629109,Private
20739,0.1142449,Public
20742,0.07593036,Public
20746,0.08664123,Private
20750,0.08506012,Public
20754,0.6901309,Public
20758,0.1401786,Public
20760,0.2199701,Private
20764,0.5818251,Private
20765,0.6734954,Public
20773,0.1984842,Public
20782,0.05205006,Public
20789,0.02717092,Private
20800,0.07359242,Public
20805,0.6203806,Private
20806,0.4109169,Private
20808,0.4519097,Public
20811,0.5965819,Private
20823,0.4330904,Private
20827,0.5658457,Private
20836,0.45436,Public
20842,0.5904211,Private
20855,0.1749,Private
20860,0.03570031,Private
20862,0.1536504,Private
20863,0.07242726,Public
20872,0.08612736,Private
20874,0.1031447,Private
20875,0.1695897,Public
20878,0.6102323,Public
20881,0.5192764,Public
20884,0.04178319,Private
20886,0.1790128,Public
20893,0.1954851,Private
20895,0.56841,Public
20897,0.5930898,Public
20910,0.4892455,Private
20917,0.387325,Public
20918,0.5535045,Private
20922,0.7296022,Public
20923,0.547294,Private
20927,0.3610942,Public
20932,0.6728107,Private
20936,0.04928464,Private
20939,0.6511778,Public
20943,0.1075366,Public
20946,0.2530119,Public
20951,0.1118536,Private
20953,0.1509615,Private
20954,0.3557332,Public
20955,0.6510006,Public
20963,0.3796344,Private
20967,0.7545974,Private
20968,0.04484038,Private
20977,0.1439008,Public
20981,0.1075835,Private
20982,0.6095681,Private
20991,0.132828,Public
20995,0.4863396,Public
20998,0.7771665,Public
21007,0.5477044,Private
21017,0.1333936,Public
21021,0.05491159,Private
21029,0.09704719,Private
21032,0.438624,Private
21038,0.2028381,Private
21042,0.5811386,Public
21045,0.480615,Private
21050,0.4327416,Public
21053,0.7242476,Private
21058,0.6908758,Private
21059,0.3891515,Private
21061,0.5307358,Private
21067,0.09388869,Public
21071,0.1308484,Private
21078,0.04213243,Private
21083,0.07406954,Private
21097,0.5563802,Public
21101,0.4038671,Public
21106,0.1361348,Private
21113,0.1334236,Public
21119,0.4004714,Private
21120,0.2014771,Private
21125,0.110062,Private
21134,0.1493981,Public
21143,0.08795959,Private
21148,0.6156788,Public
21153,0.07195792,Public
21159,0.07153203,Private
21164,0.09001317,Public
21168,0.7193162,Public
21172,0.09259527,Public
21173,0.05443661,Private
21179,0.4397939,Private
21182,0.2647882,Public
21183,0.05611251,Public
21195,0.5672928,Private
21199,0.04988459,Public
21209,0.4482723,Private
21213,0.07622351,Private
21223,0.7803385,Private
21225,0.07326413,Private
21230,0.5003335,Private
21236,0.4590226,Private
21246,0.07221056,Public
21248,0.238126,Public
21252,0.5252939,Private
21253,0.4733765,Public
21256,0.03928505,Private
21258,0.1082543,Private
21274,0.4575846,Private
21281,0.5907978,Public
21288,0.6590947,Public
21291,0.4852555,Private
21292,0.4291149,Public
21300,0.7381922,Private
21301,0.5493613,Private
21302,0.2235005,Private
21304,0.05733116,Private
21305,0.5936582,Public
21309,0.1227279,Public
21311,0.5511326,Private
21312,0.5763587,Public
21316,0.6902911,Public
21322,0.4632141,Public
21323,0.6603215,Public
21326,0.05328272,Private
21329,0.1049765,Public
21330,0.5993732,Private
21341,0.4952231,Public
21346,0.5672517,Private
21348,0.1301025,Public
21352,0.2855191,Private
21357,0.1212266,Public
21359,0.483671,Private
21360,0.1329182,Public
21381,0.2330642,Public
21383,0.04412821,Public
21384,0.4625175,Private
21386,0.03792542,Private
21387,0.5557092,Public
21390,0.125259,Public
21395,0.5804586,Private
21398,0.3160259,Private
21400,0.3255477,Public
21409,0.07443976,Private
21411,0.2013362,Private
21424,0.08169618,Private
21427,0.4969929,Public
21438,0.3275466,Public
21446,0.1044844,Public
21447,0.05924204,Private
21468,0.6048061,Public
21470,0.5232334,Private
21473,0.03714747,Private
21494,0.08502041,Private
21498,0.08605923,Public
21506,0.2896389,Public
21509,0.02964659,Public
21514,0.5961214,Private
21518,0.5155702,Private
21520,0.1947905,Public
21529,0.1365118,Private
21534,0.3824436,Public
21536,0.09468905,Public
21540,0.6816818,Public
21542,0.09589524,Private
21545,0.07609334,Public
21552,0.1103154,Public
21556,0.3956339,Private
21563,0.5086424,Private
21566,0.1559573,Public
21573,0.08491749,Public
21575,0.09571382,Private
21576,0.115892,Public
21577,0.06254179,Public
21584,0.1314058,Private
21601,0.3271405,Public
21602,0.09552868,Private
21604,0.3130478,Public
21605,0.2009362,Public
21607,0.1505339,Public
21621,0.09938039,Public
21625,0.291521,Public
21630,0.296964,Public
21636,0.07442889,Private
21637,0.1712575,Private
21638,0.0449575,Public
21639,0.3525214,Private
21644,0.1850652,Private
21650,0.1535449,Private
21652,0.5673412,Public
21658,0.1106096,Public
21661,0.5720325,Public
21662,0.1941145,Public
21672,0.540866,Public
21673,0.1181117,Private
21675,0.5562909,Private
21676,0.0690422,Public
21677,0.5267339,Public
21683,0.3565949,Public
21684,0.01972046,Public
21686,0.688132,Private
21689,0.5002468,Public
21695,0.2162878,Private
21698,0.7296932,Private
21699,0.1025132,Private
21705,0.576556,Private
21711,0.4031923,Private
21725,0.4001859,Public
21727,0.4193853,Public
21730,0.1575288,Private
21732,0.2996474,Public
21740,0.1029283,Private
21747,0.2765761,Public
21751,0.1888929,Public
21754,0.12251,Public
21760,0.06676628,Private
21767,0.1297319,Public
21770,0.4539001,Public
21778,0.240081,Public
21784,0.452029,Private
21788,0.7837994,Private
21792,0.445056,Public
21797,0.3626703,Private
21800,0.5465444,Public
21801,0.5869663,Private
21803,0.2729388,Public
21804,0.4735508,Public
21817,0.2531405,Private
21818,0.08281163,Private
21825,0.2003209,Public
21826,0.6171807,Private
21832,0.1177598,Private
21834,0.0230451,Public
21839,0.1583395,Private
21859,0.4487839,Private
21869,0.177241,Public
21876,0.7488472,Private
21881,0.1884083,Public
21883,0.1029465,Private
21889,0.4888292,Public
21918,0.04649984,Public
21927,0.5175458,Private
21942,0.2662855,Private
21946,0.5000353,Private
21949,0.614453,Private
21951,0.1622037,Public
21952,0.7632447,Public
21959,0.1635878,Public
21961,0.5339941,Public
21966,0.4499316,Public
21971,0.1066645,Private
21972,0.5853381,Private
21975,0.6357276,Public
21976,0.76323,Public
21988,0.7218179,Private
21996,0.1704823,Public
22003,0.06505015,Public
22005,0.05142172,Public
22007,0.3488276,Public
22010,0.07279573,Public
22015,0.1039245,Private
22024,0.1087152,Public
22027,0.03899273,Private
22030,0.04992288,Private
22031,0.03324472,Private
22032,0.7288877,Public
22042,0.1712736,Public
22052,0.5478957,Public
22054,0.07256207,Public
22061,0.1429518,Public
22063,0.1278264,Private
22064,0.0810014,Public
22068,0.7224519,Public
22072,0.3256138,Public
22075,0.07657062,Private
22076,0.4883368,Private
22092,0.07545788,Private
22097,0.5007331,Private
22099,0.4971612,Private
22102,0.5335489,Private
22106,0.3918441,Public
22113,0.6403201,Private
22115,0.5567654,Private
22116,0.6121225,Public
22117,0.3202354,Private
22135,0.08062943,Public
22144,0.09173963,Private
22149,0.489534,Public
22150,0.07262337,Private
22152,0.404714,Private
22161,0.4959847,Public
22164,0.6854166,Public
22168,0.05145178,Public
22173,0.5641185,Public
22180,0.2964207,Private
22184,0.02216848,Public
22185,0.1019258,Public
22187,0.5733147,Public
22190,0.07306843,Private
22191,0.067113,Public
22195,0.5050135,Private
22205,0.08718633,Public
22207,0.1233152,Public
22211,0.1215301,Private
22218,0.2899616,Public
22219,0.6349605,Private
22222,0.4789499,Public
22228,0.6678979,Private
22233,0.4843721,Private
22250,0.4927779,Private
22253,0.7637143,Public
22257,0.3747862,Private
22258,0.0847479,Private
22259,0.2008179,Public
22263,0.5777231,Public
22277,0.06173063,Private
22282,0.5625344,Public
22286,0.04285078,Private
22289,0.5559201,Private
22299,0.7098567,Public
22300,0.05486067,Private
22301,0.5617251,Private
22313,0.3362448,Public
22318,0.1002715,Private
22320,0.588377,Public
22331,0.6038253,Public
22333,0.1344408,Private
22335,0.06073353,Public
22337,0.4709263,Private
22340,0.1098313,Public
22343,0.7330241,Public
22354,0.5244024,Public
22369,0.494152,Private
22380,0.5723424,Private
22388,0.04945203,Private
22391,0.05772953,Private
22394,0.2975746,Private
22398,0.4372204,Private
22399,0.4428713,Private
22412,0.3814613,Private
22414,0.1238796,Private
22415,0.3237881,Private
22419,0.5284457,Public
22420,0.5721436,Public
22426,0.1199939,Private
22431,0.5048316,Public
22432,0.4024385,Public
22436,0.07648293,Private
22439,0.5414255,Public
22440,0.02068782,Public
22443,0.118615,Public
22444,0.5540681,Public
22448,0.04634177,Private
22449,0.3619352,Private
22455,0.7091528,Private
22462,0.2614524,Private
22463,0.6372918,Private
22469,0.104591,Public
22480,0.02581874,Private
22483,0.4624546,Public
22485,0.1094919,Public
22486,0.3363611,Private
22488,0.1259668,Private
22490,0.3054502,Public
22499,0.4281661,Private
22502,0.4496697,Public
22504,0.680171,Public
22505,0.08303613,Public
22516,0.6505936,Public
22525,0.03232453,Private
22534,0.5865779,Public
22540,0.1240821,Private
22547,0.2470444,Public
22551,0.2202367,Private
22553,0.149221,Private
22555,0.1766088,Private
22559,0.1431728,Public
22560,0.05323191,Private
22564,0.4879665,Private
22568,0.7486554,Public
22574,0.320616,Public
22578,0.1776524,Public
22580,0.3676676,Public
22588,0.3012636,Public
22592,0.1340465,Public
22597,0.1262251,Public
22601,0.5410818,Private
22606,0.2804523,Public
22612,0.4256996,Public
22614,0.2254414,Private
22616,0.3626817,Public
22620,0.1523845,Public
22625,0.6716734,Public
22626,0.4704893,Public
22631,0.158195,Public
22634,0.4801245,Public
22650,0.3070841,Public
22656,0.1630382,Private
22658,0.6590484,Private
22662,0.3134816,Public
22666,0.2444908,Public
22669,0.5997446,Public
22671,0.1083108,Private
22677,0.07813689,Private
22689,0.6543729,Public
22692,0.1598779,Public
22694,0.08174235,Public
22695,0.2187089,Private
22699,0.1036681,Private
22700,0.434677,Public
22703,0.1241788,Private
22706,0.4184373,Public
22725,0.09490626,Private
22733,0.04063708,Private
22736,0.3854809,Public
22738,0.04366664,Public
22740,0.4980134,Private
22745,0.113729,Public
22746,0.2103609,Private
22760,0.03518825,Public
22763,0.4813525,Private
22765,0.518487,Public
22769,0.599071,Public
22778,0.07159181,Public
22784,0.3670749,Public
22785,0.08178747,Public
22787,0.3878472,Private
22789,0.02214921,Public
22791,0.483229,Public
22796,0.1206071,Public
22800,0.1509315,Public
22813,0.5701238,Private
22820,0.3754023,Private
22821,0.0516418,Public
22831,0.3038552,Private
22836,0.1185166,Private
22837,0.6443594,Private
22838,0.5067691,Public
22852,0.0866448,Public
22854,0.04357131,Public
22867,0.1103818,Private
22873,0.7115915,Private
22880,0.5105516,Public
22884,0.08781853,Public
22890,0.2664124,Private
22908,0.1271405,Private
22911,0.4680089,Public
22912,0.10734,Private
22923,0.1756268,Public
22925,0.5976115,Public
22927,0.5103903,Private
22931,0.1193384,Private
22936,0.05301678,Private
22940,0.5138729,Public
22942,0.5019481,Public
22948,0.322297,Public
22958,0.05209947,Public
22970,0.1188096,Public
22990,0.7107297,Public
22995,0.1124746,Public
23004,0.1717981,Public
23010,0.06229895,Public
23016,0.152461,Private
23019,0.4124116,Public
23021,0.175233,Private
23027,0.1226211,Private
23039,0.338853,Private
23049,0.4127096,Public
23051,0.09517528,Public
23052,0.08354358,Private
23053,0.5027025,Private
23055,0.04261893,Public
23057,0.08633097,Public
23061,0.6833774,Private
23064,0.2275611,Public
23065,0.09564498,Private
23086,0.06905372,Public
23088,0.5902719,Public
23089,0.6127653,Private
23091,0.4536299,Public
23093,0.1404251,Private
23097,0.5875435,Public
23102,0.5069497,Public
23104,0.5265197,Private
23116,0.2371629,Public
23117,0.3596305,Public
23118,0.1232411,Private
23119,0.5620041,Private
23123,0.1635907,Private
23140,0.05252947,Public
23147,0.07648019,Public
23150,0.1472769,Private
23154,0.06830979,Public
23165,0.3348164,Public
23171,0.3384982,Private
23173,0.1419122,Public
23177,0.09855913,Public
23185,0.6878011,Public
23196,0.5093709,Public
23199,0.5123076,Private
23202,0.6511228,Private
23212,0.7465453,Public
23216,0.338223,Public
23225,0.5052388,Private
23227,0.6265304,Public
23233,0.5911309,Public
23236,0.1461859,Private
23238,0.1210004,Private
23241,0.4457436,Public
23244,0.09506453,Private
23246,0.7152306,Public
23247,0.07082502,Private
23248,0.1812466,Private
23252,0.1997571,Private
23259,0.5024832,Private
23267,0.08238439,Private
23275,0.5646266,Public
23279,0.03289054,Public
23283,0.3515622,Private
23284,0.624911,Private
23289,0.197824,Public
23290,0.1054342,Private
23291,0.1401216,Private
23296,0.0936691,Public
23301,0.6254596,Public
23312,0.5269657,Public
23321,0.07942612,Public
23324,0.5613019,Public
23328,0.4645945,Public
23331,0.1327692,Public
23332,0.03346241,Public
23341,0.0759865,Private
23345,0.4837984,Public
23350,0.5272462,Private
23354,0.02176394,Private
23365,0.1935138,Private
23371,0.1628882,Private
23377,0.271416,Private
23382,0.4955942,Public
23383,0.1351144,Private
23384,0.1355181,Public
23386,0.4645455,Private
23387,0.1874861,Public
23395,0.5467029,Public
23396,0.09605098,Public
23397,0.02099465,Private
23398,0.6856606,Public
23401,0.1317328,Public
23404,0.3860478,Public
23408,0.4081991,Public
23411,0.4799087,Private
23412,0.1048969,Private
23419,0.6179312,Public
23424,0.12609,Public
23429,0.6136346,Public
23434,0.3619655,Public
23437,0.4055043,Private
23438,0.5764039,Private
23439,0.13951,Public
23440,0.1735292,Private
23446,0.5693538,Public
23447,0.09301998,Private
23450,0.5108916,Private
23453,0.7113962,Private
23457,0.05367398,Private
23461,0.08349519,Private
23464,0.3587604,Public
23466,0.4665619,Public
23470,0.09755846,Public
23472,0.6553183,Private
23474,0.2328589,Private
23478,0.12484,Private
23481,0.1912558,Private
23482,0.2650405,Public
23483,0.04017322,Private
23485,0.08196684,Private
23488,0.1258978,Public
23490,0.1485589,Public
23499,0.1300814,Public
23504,0.6456343,Public
23508,0.2528009,Private
23510,0.4135768,Private
23519,0.1138436,Private
23524,0.4954196,Public
23525,0.1532468,Private
23527,0.0755014,Private
23528,0.3963917,Public
23533,0.1416579,Private
23535,0.4562207,Public
23548,0.6413208,Public
23550,0.1392595,Public
23554,0.1096922,Public
23555,0.5063047,Private
23557,0.04392734,Public
23559,0.3558168,Public
23560,0.1394005,Public
23563,0.1076116,Public
23567,0.6049705,Public
23569,0.123997,Public
23572,0.5409526,Private
23574,0.1489795,Public
23576,0.4851239,Private
23580,0.2241877,Public
23600,0.6211407,Private
23610,0.120393,Private
23618,0.08585685,Public
23620,0.09652334,Public
23624,0.514478,Private
23625,0.1475088,Public
23634,0.05253008,Private
23636,0.2359966,Public
23641,0.3285917,Public
23645,0.1050629,Private
23648,0.02331581,Private
23649,0.1170976,Public
23653,0.3069735,Private
23659,0.0754706,Private
23664,0.2844953,Public
23666,0.5532203,Public
23669,0.1065819,Public
23671,0.08334378,Public
23674,0.3117325,Private
23684,0.6458459,Public
23694,0.1159102,Public
23696,0.06566606,Private
23703,0.1299318,Private
23704,0.602504,Private
23705,0.03726973,Private
23707,0.02186799,Public
23710,0.4630544,Private
23711,0.04985188,Public
23714,0.2639658,Public
23723,0.5735341,Public
23729,0.4844581,Private
23731,0.7589322,Private
23733,0.05002733,Public
23741,0.1591644,Private
23752,0.1331771,Private
23758,0.4987455,Public
23760,0.06863399,Private
23762,0.2053846,Public
23765,0.6845845,Private
23769,0.6242405,Public
23772,0.4201303,Public
23776,0.4156234,Public
23777,0.5772075,Public
23782,0.5057328,Private
23793,0.1034722,Public
23795,0.42523,Public
23798,0.2909623,Private
23806,0.2093936,Private
23814,0.4346726,Private
23816,0.1529409,Public
23821,0.6929005,Public
23833,0.07469597,Public
23834,0.5998507,Private
23840,0.03041865,Private
23862,0.4043521,Private
23874,0.1340859,Private
23880,0.3354505,Public
23888,0.1651364,Private
23889,0.5312772,Public
23897,0.05351585,Public
23901,0.1810821,Public
23906,0.2132972,Public
23908,0.1959149,Private
23911,0.4499322,Public
23914,0.1885691,Private
23929,0.7069038,Private
23930,0.5126918,Private
23932,0.200118,Private
23940,0.5119337,Public
23946,0.1096869,Public
23949,0.1031287,Public
23952,0.05872869,Public
23954,0.1594725,Private
23956,0.3362586,Public
23958,0.06028683,Public
23959,0.0714784,Public
23960,0.536208,Public
23977,0.5828474,Private
23989,0.705303,Public
23991,0.1524358,Private
23993,0.04283625,Private
24000,0.3101198,Private
24003,0.4536875,Public
24009,0.110677,Private
24014,0.6269027,Public
24016,0.05169208,Public
24022,0.1806999,Private
24028,0.310683,Private
24031,0.5731929,Public
24042,0.3462654,Private
24044,0.2290447,Public
24045,0.09582502,Private
24054,0.1981756,Private
24058,0.02216817,Private
24061,0.08965252,Private
24064,0.622856,Private
24067,0.5838234,Private
24070,0.02247919,Private
24071,0.3301359,Private
24074,0.2070765,Public
24085,0.3529591,Private
24087,0.09565385,Public
24089,0.6910457,Private
24099,0.5647396,Public
24102,0.5162867,Public
24111,0.1058122,Private
24119,0.05165188,Public
24123,0.302983,Public
24124,0.4584341,Private
24125,0.5919461,Public
24127,0.1141016,Public
24133,0.08413332,Public
24142,0.5733266,Public
24143,0.5065732,Public
24146,0.5463221,Public
24151,0.09394608,Public
24154,0.1550846,Public
24160,0.4616908,Public
24161,0.50973,Private
24162,0.07996701,Private
24170,0.05382713,Public
24182,0.3629903,Public
24188,0.139909,Private
24194,0.5745508,Private
24198,0.4852781,Public
24204,0.04545018,Public
24214,0.02814782,Public
24217,0.08577309,Private
24220,0.1381595,Private
24226,0.2163657,Private
24230,0.03246472,Public
24232,0.6177427,Public
24240,0.08258966,Public
24241,0.1177224,Public
24248,0.05855872,Public
24256,0.4527576,Private
24259,0.5600787,Public
24260,0.6389455,Private
24262,0.350617,Public
24264,0.5548828,Public
24265,0.5939265,Private
24272,0.4960856,Private
24276,0.04497801,Public
24278,0.1032678,Private
24281,0.384679,Public
24283,0.4785834,Public
24285,0.06765427,Public
24288,0.4249038,Public
24299,0.06801787,Private
24300,0.4735761,Public
24306,0.07607329,Private
24309,0.5455086,Private
24312,0.3236416,Public
24315,0.5547926,Public
24322,0.05545227,Public
24331,0.5997744,Private
24335,0.4813766,Private
24343,0.2684444,Private
24346,0.1231996,Public
24351,0.09978109,Public
24354,0.5255876,Private
24363,0.067016,Public
24365,0.4939587,Private
24366,0.3338321,Public
24395,0.3413303,Public
24398,0.1378142,Private
24399,0.3654756,Public
24400,0.3381204,Private
24406,0.6120167,Public
24408,0.04206055,Private
24417,0.03871051,Private
24435,0.7530406,Private
24437,0.07676174,Private
24442,0.3751387,Private
24450,0.4992423,Private
24464,0.09972943,Public
24466,0.4871576,Public
24472,0.500035,Private
24474,0.1386975,Public
24485,0.1545048,Public
24495,0.5449433,Private
24496,0.1424838,Public
24502,0.5846922,Private
24503,0.03051838,Private
24504,0.08851475,Public
24507,0.5710256,Private
24509,0.2778824,Public
24512,0.1981684,Private
24514,0.1310713,Private
24519,0.7264535,Public
24524,0.6030528,Public
24530,0.1836357,Public
24532,0.5449362,Public
24538,0.2853662,Public
24544,0.4839343,Private
24550,0.1919447,Public
24561,0.1127703,Private
24570,0.1950479,Public
24574,0.07539705,Private
24575,0.1786637,Public
24578,0.5435992,Public
24583,0.2889436,Private
24594,0.07975653,Public
24596,0.1576154,Private
24600,0.1281537,Public
24604,0.4465879,Private
24611,0.02602734,Private
24618,0.1708221,Private
24624,0.1672329,Public
24642,0.5564544,Public
24644,0.5953337,Public
24647,0.2838984,Public
24648,0.7442576,Public
24657,0.1075958,Private
24660,0.6184353,Private
24667,0.7575937,Private
24668,0.5379553,Public
24680,0.1183605,Public
24686,0.09693429,Private
24687,0.06757922,Public
24690,0.04593604,Public
24691,0.5107257,Public
24700,0.1982595,Private
24704,0.4464548,Private
24714,0.07668513,Public
24722,0.07526062,Public
24723,0.1629186,Public
24726,0.1794827,Public
24729,0.6236281,Private
24734,0.09841851,Public
24741,0.1334908,Private
24756,0.6743394,Public
24762,0.6347175,Public
24767,0.155334,Private
24783,0.4988633,Public
24789,0.5625639,Private
24798,0.09773779,Public
24809,0.2119143,Private
24815,0.5058386,Public
24816,0.4746599,Public
24818,0.684969,Private
24820,0.08487548,Public
24826,0.1076276,Public
24832,0.5590019,Private
24837,0.214977,Private
24842,0.137488,Private
24843,0.418561,Private
24845,0.2891915,Private
24846,0.1439625,Private
24853,0.04963014,Private
24855,0.03067155,Public
24858,0.3950324,Public
24860,0.1225245,Private
24883,0.1875505,Private
24892,0.1432218,Public
24904,0.41571,Public
24911,0.30353,Public
24917,0.2025122,Private
24918,0.4114497,Private
24935,0.09941144,Public
24940,0.5337684,Private
24942,0.2076671,Private
24945,0.1803154,Private
24951,0.1119449,Public
24956,0.2559216,Private
24967,0.3113523,Private
24968,0.3820254,Private
24972,0.145627,Public
24976,0.5245302,Private
24977,0.6041543,Private
24992,0.1012117,Public
24995,0.5206937,Public
24996,0.135005,Private
25003,0.03052236,Private
25006,0.4502231,Public
25008,0.06927818,Public
25009,0.1598312,Public
25017,0.7557811,Private
25020,0.1155081,Private
25022,0.05984286,Public
25025,0.5484734,Public
25028,0.1313992,Public
25032,0.4619318,Public
25037,0.1690838,Private
25041,0.1021896,Private
25046,0.1253424,Public
25051,0.5360385,Public
25052,0.3926636,Public
25053,0.06955119,Private
25059,0.3829382,Private
25061,0.1069981,Private
25063,0.5862933,Public
25068,0.3090295,Private
25081,0.3512332,Public
25092,0.05584352,Private
25095,0.4676001,Private
25099,0.5747272,Public
25102,0.4466169,Private
25103,0.07402521,Public
25104,0.1278326,Private
25105,0.4442715,Public
25107,0.3547247,Public
25117,0.1475379,Public
25121,0.6342447,Public
25122,0.5035765,Public
25135,0.5450014,Public
25143,0.1070905,Private
25146,0.6485479,Public
25150,0.1330141,Public
25156,0.5094354,Private
25163,0.5576105,Private
25168,0.4645014,Public
25169,0.07635833,Public
25176,0.3671036,Private
25183,0.615077,Private
25184,0.143571,Public
25185,0.3441056,Private
25186,0.08180067,Public
25192,0.2154029,Public
25198,0.3532701,Private
25216,0.0510348,Private
25218,0.1308427,Private
25221,0.259115,Public
25223,0.6220885,Public
25227,0.7170184,Public
25230,0.113291,Public
25235,0.1938973,Public
25236,0.1657851,Private
25242,0.6411061,Private
25251,0.786969,Private
25256,0.5713763,Public
25277,0.5022632,Public
25279,0.2931337,Private
25280,0.18413,Public
25287,0.5226173,Private
25289,0.4734653,Public
25293,0.4517191,Private
25298,0.2285022,Private
25301,0.1746523,Private
25307,0.4907417,Private
25318,0.7681722,Private
25322,0.06465007,Public
25333,0.05934106,Private
25338,0.547474,Private
25342,0.1422764,Private
25345,0.6156989,Public
25346,0.1465578,Public
25351,0.3358071,Private
25357,0.03566007,Private
25358,0.5107851,Public
25362,0.7019976,Public
25363,0.4994831,Public
25367,0.1058048,Public
25368,0.4833767,Public
25370,0.1231025,Public
25372,0.1025688,Public
25378,0.5376309,Private
25380,0.2109052,Public
25381,0.1994178,Public
25395,0.08263755,Public
25398,0.03907776,Public
25407,0.4788945,Private
25411,0.1329896,Private
25412,0.5959471,Public
25416,0.2410456,Public
25425,0.6689706,Public
25426,0.0857488,Public
25431,0.6181176,Public
25433,0.6635432,Public
25437,0.09787346,Public
25444,0.61805,Private
25457,0.5303133,Public
25464,0.4632908,Public
25465,0.0738176,Public
25470,0.04347872,Public
25474,0.4838944,Public
25475,0.05085863,Public
25476,0.1119694,Public
25479,0.2618743,Public
25491,0.5800058,Private
25493,0.1098918,Private
25494,0.3820837,Public
25496,0.1817399,Public
25498,0.2087856,Private
25500,0.500494,Private
25510,0.6684494,Public
25511,0.5263942,Public
25517,0.14085,Public
25518,0.5761415,Private
25522,0.1209193,Public
25523,0.05669871,Public
25525,0.173925,Public
25530,0.4758699,Public
25532,0.1377722,Public
25537,0.07991485,Private
25538,0.6789037,Private
25553,0.1320921,Public
25556,0.5133836,Public
25557,0.3561497,Private
25559,0.4252496,Public
25563,0.2295376,Public
25566,0.1644521,Public
25568,0.0965444,Private
25570,0.1277753,Private
25574,0.1070123,Private
25575,0.6353301,Private
25587,0.1585071,Public
25592,0.1230103,Public
25594,0.7590417,Public
25595,0.1571431,Private
25596,0.7151023,Private
25599,0.6754999,Public
25600,0.06315073,Private
25602,0.2263107,Public
25611,0.1166686,Public
25613,0.1157188,Public
25616,0.5366137,Private
25622,0.5308657,Private
25625,0.08044305,Public
25651,0.2259371,Private
25654,0.5699519,Private
25658,0.2609833,Private
25666,0.1451577,Private
25675,0.3856381,Public
25683,0.5667756,Private
25688,0.07961871,Private
25705,0.3979636,Private
25710,0.1381482,Public
25711,0.4069468,Private
25714,0.3055974,Private
25727,0.2152131,Public
25738,0.6261467,Private
25739,0.4449528,Public
25741,0.1792512,Public
25757,0.4736846,Public
25761,0.1060349,Private
25762,0.07252954,Private
25765,0.1978249,Public
25772,0.0502037,Private
25791,0.03427713,Public
25792,0.1016479,Public
25801,0.6677832,Private
25805,0.3312494,Private
25816,0.1731347,Private
25822,0.07837448,Private
25823,0.5549146,Private
25825,0.2825336,Public
25832,0.7841002,Public
25835,0.1043831,Public
25838,0.08805659,Private
25849,0.3161788,Private
25851,0.09903661,Private
25854,0.07954391,Public
25874,0.2988249,Public
25879,0.1492775,Private
25888,0.5120878,Private
25901,0.07560953,Public
25905,0.135252,Public
25906,0.391356,Public
25909,0.07716057,Public
25912,0.3522386,Public
25917,0.1511271,Public
25920,0.3071257,Private
25921,0.1044264,Public
25923,0.4877893,Public
25931,0.6397475,Public
25933,0.5792193,Private
25934,0.1153624,Public
25938,0.1382613,Public
25939,0.3794878,Public
25945,0.07058318,Private
25954,0.1199766,Private
25957,0.09379094,Public
25958,0.1767823,Public
25963,0.08879802,Public
25966,0.06873286,Private
25968,0.5159565,Private
25972,0.06909165,Public
25976,0.2355995,Public
25988,0.03156675,Private
25989,0.1177385,Private
25991,0.2105845,Public
25992,0.0860952,Public
25993,0.04077367,Public
26008,0.5466235,Private
26014,0.7639423,Private
26015,0.6697848,Private
26016,0.1012923,Private
26017,0.06063101,Public
26022,0.118863,Public
26026,0.1584826,Public
26028,0.4272501,Private
26029,0.2718236,Private
26035,0.4540628,Public
26038,0.1014914,Public
26044,0.06711345,Private
26049,0.1642303,Private
26069,0.07666393,Private
26081,0.08168842,Public
26086,0.08714369,Private
26092,0.3437584,Private
26105,0.3794355,Private
26119,0.1203782,Private
26123,0.1000082,Private
26128,0.1485702,Private
26140,0.1391777,Private
26141,0.6216594,Public
26143,0.3861847,Public
26145,0.1723934,Private
26148,0.5700295,Private
26149,0.06455113,Public
26155,0.6748772,Public
26160,0.5013203,Private
26162,0.5041759,Private
26170,0.1919499,Private
26172,0.03220003,Public
26173,0.4673209,Private
26177,0.3841234,Private
26183,0.07415777,Public
26189,0.063503,Public
26190,0.4711401,Private
26201,0.4387923,Public
26205,0.03130208,Private
26206,0.08598644,Private
26219,0.3338563,Private
26234,0.1147507,Public
26240,0.09444445,Private
26245,0.08346048,Public
26255,0.7320612,Private
26269,0.1476098,Public
26270,0.1094796,Private
26283,0.6523839,Private
26287,0.05465464,Public
26289,0.699797,Public
26292,0.2556504,Private
26296,0.4322011,Public
26299,0.7538155,Public
26309,0.5770313,Public
26312,0.1845438,Private
26315,0.2140398,Private
26325,0.09435917,Public
26327,0.4086496,Private
26331,0.4362735,Public
26336,0.1962092,Public
26347,0.139862,Public
26352,0.05257363,Public
26370,0.07618935,Public
26372,0.5112878,Private
26379,0.1308949,Public
26382,0.5399405,Private
26385,0.2269442,Public
26390,0.1105006,Public
26393,0.5502626,Public
26398,0.02499591,Private
26399,0.484413,Private
26400,0.1105053,Public
26401,0.3167163,Public
26408,0.07413883,Public
26411,0.08466415,Private
26417,0.5400319,Public
26421,0.5544376,Private
26423,0.02427028,Public
26425,0.5592601,Public
26431,0.1726081,Private
26432,0.08002153,Public
26437,0.1432579,Public
26439,0.1387432,Private
26442,0.2335094,Public
26445,0.0301364,Public
26465,0.07515522,Public
26467,0.6388162,Public
26469,0.1201512,Private
26470,0.09697144,Public
26475,0.3450986,Private
26478,0.2399261,Private
26485,0.06280273,Private
26489,0.0751277,Private
26498,0.1176475,Private
26502,0.7206221,Private
26505,0.1109505,Public
26512,0.4237791,Public
26515,0.1367859,Private
26519,0.2628175,Public
26520,0.2347914,Private
26521,0.08037906,Public
26532,0.523855,Private
26534,0.08559433,Public
26536,0.5375936,Private
26539,0.1066218,Public
26543,0.05282436,Public
26547,0.5300171,Private
26548,0.5320416,Private
26553,0.2530197,Private
26558,0.642682,Private
26564,0.7422639,Public
26567,0.220479,Private
26570,0.5673164,Public
26571,0.1170633,Private
26572,0.3272527,Public
26578,0.1183071,Public
26583,0.6371241,Private
26589,0.1523728,Private
26597,0.2632931,Public
26598,0.03481363,Private
26613,0.111928,Private
26614,0.07919511,Public
26616,0.1354876,Private
26619,0.1058149,Public
26627,0.4868866,Public
26630,0.08876533,Private
26639,0.1480387,Public
26641,0.135519,Public
26646,0.2812507,Private
26649,0.5905154,Public
26651,0.6826001,Private
26654,0.06740353,Private
26655,0.03138258,Public
26657,0.4994924,Private
26660,0.4989303,Public
26671,0.5057622,Private
26672,0.07468577,Public
26673,0.1271427,Private
26681,0.09523775,Public
26685,0.4292699,Private
26707,0.5360045,Public
26708,0.7161117,Public
26714,0.2284505,Public
26715,0.2949763,Private
26720,0.4539304,Private
26723,0.4867379,Public
26732,0.5732681,Public
26734,0.0973511,Public
26736,0.5850618,Public
26737,0.1062428,Private
26739,0.4510335,Private
26745,0.7987128,Private
26751,0.1257426,Public
26754,0.02746818,Public
26756,0.0450273,Private
26761,0.1172065,Public
26762,0.4387121,Private
26783,0.2753251,Public
26790,0.5525763,Public
26797,0.3585745,Private
26804,0.1573385,Public
26806,0.2344276,Private
26807,0.5401227,Public
26811,0.5430334,Public
26819,0.5821974,Public
26832,0.07320447,Public
26835,0.316981,Private
26836,0.1261928,Public
26844,0.1650548,Private
26849,0.06988728,Private
26853,0.6911067,Public
26854,0.4787069,Public
26855,0.2269856,Public
26862,0.6103812,Private
26863,0.3391364,Private
26870,0.09345708,Public
26872,0.5557998,Private
26875,0.2744306,Public
26883,0.05537223,Public
26897,0.6745414,Public
26898,0.3615798,Private
26905,0.1401671,Public
26909,0.03076787,Public
26913,0.03258562,Public
26916,0.1137062,Private
26917,0.6525757,Public
26918,0.1399405,Public
26924,0.1429204,Public
26925,0.104517,Private
26926,0.5707542,Public
26928,0.7895653,Private
26943,0.6040491,Public
26946,0.07389844,Public
26950,0.02620065,Private
26957,0.3394913,Private
26958,0.0952336,Public
26962,0.1004871,Private
26966,0.4805815,Private
26984,0.073817,Public
26986,0.4339468,Private
26987,0.08793082,Private
26990,0.5221767,Public
26997,0.3412552,Private
26998,0.05605499,Public
27002,0.5305793,Public
27007,0.3795891,Private
27025,0.07661137,Private
27027,0.4233355,Private
27032,0.2966105,Private
27041,0.1031736,Private
27042,0.09987532,Public
27043,0.1582346,Private
27044,0.3771759,Private
27045,0.05409576,Private
27048,0.06542889,Public
27050,0.5599277,Public
27052,0.2915247,Public
27056,0.4489498,Public
27073,0.4529255,Public
27075,0.1107584,Private
27076,0.1633357,Private
27082,0.4133259,Public
27083,0.07119007,Public
27086,0.04907927,Private
27094,0.3626049,Public
27097,0.6219049,Private
27103,0.1381625,Public
27105,0.5202414,Public
27106,0.09481148,Public
27114,0.0544676,Private
27115,0.474838,Public
27127,0.1620726,Private
27128,0.5744675,Public
27139,0.09336898,Public
27151,0.5185983,Private
27160,0.5250947,Public
27167,0.149533,Public
27180,0.5227284,Private
27181,0.1814876,Private
27190,0.05573496,Public
27192,0.6890166,Public
27195,0.3558134,Private
27197,0.02122469,Private
27200,0.5709357,Private
27201,0.155572,Private
27206,0.470219,Private
27207,0.3287183,Public
27208,0.03526132,Public
27209,0.5096914,Private
27213,0.168676,Private
27215,0.1484805,Private
27216,0.460377,Private
27219,0.5607157,Public
27228,0.09836879,Public
27230,0.07641787,Private
27236,0.3698758,Public
27241,0.2737873,Private
27250,0.06481794,Private
27256,0.2227292,Public
27257,0.1461083,Private
27258,0.1295223,Private
27260,0.6466804,Private
27262,0.06952381,Public
27266,0.07857037,Private
27268,0.5667086,Public
27272,0.2510791,Private
27273,0.14964,Public
27277,0.06968491,Private
27278,0.1349706,Private
27280,0.5827568,Private
27281,0.5215982,Private
27285,0.2742694,Public
27289,0.173327,Private
27293,0.6345525,Public
27299,0.1148202,Private
27301,0.490194,Public
27302,0.0393488,Private
27304,0.6055853,Public
27306,0.6114824,Private
27307,0.1259541,Private
27312,0.1045536,Public
27313,0.09868593,Public
27315,0.4547074,Private
27323,0.1812248,Private
27326,0.6085271,Public
27328,0.5185359,Public
27331,0.07601954,Public
27332,0.08423162,Private
27341,0.0928013,Private
27345,0.06737176,Public
27350,0.5435675,Private
27355,0.2258844,Private
27358,0.0103845,Private
27360,0.102419,Public
27364,0.4666159,Public
27370,0.06253982,Public
27371,0.08597865,Public
27376,0.1753667,Public
27378,0.2842435,Public
27383,0.4477413,Public
27385,0.3518162,Private
27386,0.1186167,Public
27387,0.2221417,Private
27388,0.4094733,Public
27397,0.08437371,Private
27399,0.6854369,Public
27405,0.07157016,Private
27410,0.2877423,Private
27412,0.07512572,Public
27413,0.06890419,Private
27414,0.4059147,Public
27420,0.6310603,Private
27424,0.1485495,Public
27425,0.3580375,Public
27426,0.06453729,Public
27430,0.2762856,Private
27431,0.1908311,Public
27444,0.7503982,Private
27445,0.4280251,Public
27446,0.1894389,Public
27452,0.0331856,Public
27453,0.4515928,Private
27460,0.2942446,Private
27464,0.1140851,Public
27467,0.6190847,Private
27472,0.2830054,Public
27476,0.234233,Public
27482,0.175378,Private
27484,0.309111,Public
27490,0.761196,Public
27491,0.1125005,Private
27494,0.1468897,Public
27499,0.1617785,Private
27503,0.4951781,Private
27516,0.1673949,Private
27518,0.1484455,Private
27525,0.5499218,Private
27526,0.5279688,Public
27528,0.07527081,Private
27532,0.09425009,Private
27549,0.5092016,Private
27563,0.06377017,Public
27564,0.1032942,Private
27566,0.7062608,Private
27569,0.3880034,Public
27571,0.7367253,Private
27579,0.6361496,Public
27584,0.4749107,Public
27586,0.1147955,Private
27588,0.1314733,Public
27594,0.4488506,Public
27597,0.7212641,Public
27598,0.1565442,Public
27603,0.2450541,Private
27605,0.08559604,Private
27606,0.0289721,Private
27610,0.6464692,Public
27617,0.1315335,Private
27621,0.6036606,Private
27624,0.5400733,Private
27626,0.7609268,Public
27632,0.263393,Public
27657,0.1146737,Private
27659,0.5706222,Private
27663,0.47311,Public
27672,0.2095622,Private
27675,0.1290141,Public
27676,0.06230894,Public
27684,0.164094,Private
27685,0.4559678,Private
27689,0.06404563,Public
27690,0.79632,Private
27691,0.3234342,Private
27696,0.5588402,Public
27703,0.5847886,Private
27712,0.05607562,Private
27713,0.1402792,Private
27716,0.6341991,Private
27723,0.02714596,Private
27725,0.1123343,Public
27729,0.04758993,Public
27734,0.08460519,Private
27738,0.5751871,Private
27740,0.03277302,Public
27742,0.3640159,Public
27746,0.06611641,Private
27747,0.08779074,Public
27751,0.440502,Public
27757,0.2912979,Private
27766,0.5883451,Private
27777,0.5318027,Private
27785,0.5237805,Private
27788,0.5596442,Public
27798,0.0774392,Private
27799,0.08366362,Public
27810,0.5187001,Public
27818,0.2217869,Private
27821,0.09714276,Private
27829,0.3502276,Private
27835,0.1735539,Public
27843,0.1616375,Private
27848,0.197211,Private
27856,0.5049626,Private
27862,0.0684204,Private
27867,0.05268557,Public
27868,0.4774684,Private
27877,0.3908525,Private
27881,0.01267064,Private
27885,0.02689452,Private
27892,0.1904944,Private
27898,0.08936026,Public
27909,0.05799385,Public
27912,0.5699044,Private
27915,0.4637723,Private
27916,0.3208081,Private
27920,0.5995947,Public
27924,0.2644139,Public
27926,0.5009581,Private
27930,0.7704008,Private
27935,0.3908489,Public
27937,0.6406309,Private
27938,0.06105689,Public
27939,0.573677,Public
27946,0.07937868,Public
27949,0.1891651,Public
27952,0.1414853,Public
27956,0.47554,Private
27959,0.6375323,Private
27961,0.06097955,Private
27962,0.1805969,Public
27967,0.09523693,Public
27973,0.07009935,Public
27990,0.1128719,Private
28000,0.4771384,Public
28001,0.457859,Private
28004,0.1848729,Private
28013,0.6563513,Private
28016,0.1020088,Public
28018,0.1113403,Private
28022,0.3443141,Public
28024,0.4498322,Public
28036,0.19284,Private
28038,0.5962393,Private
28044,0.1671441,Private
28054,0.2884129,Public
28060,0.6471743,Private
28064,0.100709,Private
28067,0.04305915,Public
28069,0.1369717,Private
28074,0.2771011,Public
28082,0.3335763,Private
28084,0.5009372,Private
28088,0.2024218,Private
28091,0.0728116,Private
28106,0.3647795,Public
28114,0.5422902,Private
28132,0.5371197,Private
28133,0.03655308,Public
28138,0.05674112,Public
28141,0.1801247,Private
28145,0.1702369,Private
28151,0.09675318,Private
28152,0.2174597,Private
28155,0.1376115,Private
28164,0.03998863,Public
28172,0.1276096,Public
28173,0.6731026,Private
28174,0.5087827,Private
28176,0.1036514,Private
28179,0.04715846,Private
28180,0.0441112,Private
28182,0.4510655,Private
28183,0.4410338,Private
28184,0.6772951,Public
28190,0.5330352,Private
28202,0.3063488,Private
28205,0.4143641,Public
28207,0.2562385,Private
28208,0.09462593,Private
28214,0.06426395,Private
28220,0.6641613,Private
28223,0.4737367,Public
28225,0.4514364,Public
28228,0.5313903,Public
28229,0.3668303,Public
28230,0.5382486,Private
28231,0.1043445,Private
28251,0.5589157,Private
28255,0.4640048,Public
28261,0.06832357,Public
28270,0.515766,Public
28273,0.346691,Private
28274,0.1495209,Public
28287,0.5038113,Private
28288,0.4307697,Private
28295,0.5535898,Private
28302,0.574404,Public
28305,0.4542624,Public
28307,0.06430697,Private
28308,0.468251,Private
28314,0.4810998,Public
28317,0.118595,Private
28328,0.2418639,Private
28330,0.1555482,Public
28333,0.1532807,Public
28341,0.5163636,Public
28343,0.06009131,Public
28350,0.3439774,Public
28351,0.1812376,Private
28357,0.5565631,Public
28363,0.3224558,Private
28365,0.108273,Private
28368,0.09385435,Public
28369,0.09040543,Public
28371,0.6145956,Private
28378,0.1658985,Private
28379,0.5927435,Private
28380,0.1103213,Public
28390,0.1999982,Public
28391,0.1506457,Public
28393,0.3206755,Private
28395,0.5210655,Private
28398,0.5307479,Private
28400,0.1528203,Private
28404,0.4483744,Public
28410,0.101135,Private
28412,0.5228679,Public
28415,0.1964081,Private
28432,0.1401914,Private
28439,0.1408008,Private
28451,0.147228,Public
28453,0.05098906,Private
28454,0.5352834,Private
28460,0.1408425,Public
28469,0.6498462,Public
28475,0.4215135,Private
28477,0.3395903,Public
28478,0.5351952,Public
28481,0.2679962,Public
28482,0.5844485,Public
28490,0.2216491,Public
28491,0.1257959,Private
28502,0.6609029,Public
28511,0.1428669,Private
28514,0.1271538,Public
28520,0.1456742,Public
28522,0.5564822,Public
28523,0.2333137,Private
28525,0.5690815,Private
28527,0.3376364,Public
28529,0.5449877,Public
28541,0.1033657,Public
28546,0.3215885,Public
28548,0.2196204,Private
28549,0.5440639,Public
28552,0.2216747,Private
28555,0.4876632,Private
28557,0.6494618,Private
28561,0.5557999,Private
28562,0.0705611,Public
28570,0.3851494,Private
28582,0.4486099,Public
28602,0.5603574,Private
28605,0.4100122,Private
28610,0.5914448,Public
28615,0.493877,Private
28621,0.5294017,Public
28625,0.1133668,Public
28633,0.1121483,Private
28634,0.5518504,Public
28639,0.1024971,Private
28647,0.08400328,Private
28668,0.6503333,Private
28669,0.1082446,Public
28670,0.6391723,Public
28671,0.5252341,Private
28688,0.1158571,Public
28690,0.6320235,Private
28693,0.4538563,Public
28699,0.1099537,Public
28702,0.07128584,Private
28704,0.3084575,Private
28715,0.6420135,Private
28716,0.4986352,Private
28718,0.1706967,Public
28731,0.3166714,Public
28732,0.4330197,Public
28742,0.08796993,Private
28743,0.6840233,Public
28746,0.103965,Private
28750,0.5683088,Public
28754,0.3674887,Private
28756,0.07901775,Private
28757,0.1348925,Private
28767,0.1714364,Public
28768,0.3615585,Private
28769,0.2761015,Public
28774,0.1503024,Public
28783,0.06018263,Public
28793,0.1694258,Public
28795,0.105704,Private
28797,0.2738685,Public
28803,0.5371279,Public
28804,0.5573123,Private
28805,0.6016063,Private
28807,0.05122269,Private
28810,0.6470636,Private
28820,0.08500534,Public
28830,0.4757232,Private
28831,0.1117875,Public
28834,0.07333162,Public
28835,0.6996741,Public
28840,0.1324992,Private
28842,0.0831797,Public
28853,0.1190896,Private
28854,0.2520534,Public
28859,0.1193524,Public
28865,0.1294687,Public
28876,0.05690338,Public
28878,0.07471289,Public
28884,0.2975781,Private
28885,0.3564487,Private
28887,0.0351129,Public
28892,0.07533138,Private
28893,0.09504323,Public
28896,0.05335716,Public
28899,0.5415249,Public
28900,0.04537797,Public
28901,0.5552126,Public
28906,0.6051236,Private
28916,0.4923401,Public
28924,0.4808943,Private
28926,0.05636407,Public
28927,0.1085582,Private
28930,0.6272891,Private
28931,0.0808377,Public
28933,0.5391403,Public
28942,0.2422578,Private
28948,0.3208106,Private
28975,0.06365711,Private
28981,0.1527212,Public
28982,0.6397981,Private
28992,0.5295873,Public
29001,0.2819353,Public
29009,0.07378363,Private
29011,0.06586888,Private
29022,0.3890893,Private
29024,0.2333623,Private
29032,0.6169261,Public
29033,0.5364757,Private
29047,0.04683765,Public
29048,0.06448651,Public
29055,0.06636391,Public
29059,0.1394109,Private
29061,0.0797253,Public
29063,0.2932318,Public
29072,0.5946781,Private
29075,0.5278253,Private
29084,0.4269388,Private
29086,0.4500377,Private
29087,0.4953085,Public
29092,0.09411459,Private
29113,0.4499759,Private
29118,0.0554855,Private
29124,0.2423919,Private
29134,0.1547552,Public
29139,0.3621948,Public
29140,0.4675767,Private
29158,0.1012064,Public
29160,0.05832123,Public
29164,0.4033708,Public
29165,0.08526807,Private
29178,0.1053293,Private
29181,0.3277583,Private
29187,0.04683268,Private
29189,0.5327042,Private
29190,0.5686358,Private
29192,0.07543185,Public
29202,0.1398021,Private
29203,0.3723653,Public
29204,0.7116621,Public
29227,0.06595188,Public
29236,0.1819045,Private
29241,0.02768321,Private
29250,0.1391008,Private
29251,0.3157004,Private
29257,0.6365917,Private
29265,0.03741517,Public
29272,0.1408271,Private
29281,0.4651358,Private
29283,0.1157154,Private
29287,0.3180975,Public
29295,0.6661833,Public
29299,0.5477888,Private
29300,0.2737556,Public
29301,0.5031992,Public
29309,0.2618222,Public
29312,0.5148397,Public
29317,0.09261924,Public
29318,0.7182668,Private
29320,0.6527576,Private
29327,0.5204325,Private
29328,0.2282096,Public
29332,0.4726462,Public
29336,0.7066279,Public
29345,0.6619988,Public
29362,0.1196027,Public
29369,0.1187431,Private
29371,0.5281531,Private
29372,0.5169852,Private
29373,0.5969056,Public
29375,0.1664461,Public
29376,0.2613479,Public
29377,0.6123628,Public
29379,0.380059,Private
29381,0.1482802,Public
29394,0.54905,Private
29402,0.07437213,Private
29404,0.06952245,Public
29405,0.09596179,Public
29410,0.09169739,Public
29418,0.5726781,Public
29424,0.4326207,Private
29425,0.437615,Private
29426,0.4445088,Private
29427,0.1609522,Private
29430,0.5143185,Public
29432,0.09963211,Public
29433,0.05360753,Public
29437,0.4834613,Public
29455,0.04669005,Private
29473,0.03604291,Public
29475,0.3203016,Public
29480,0.4908018,Public
29482,0.08306824,Public
29483,0.4012669,Private
29485,0.2389489,Public
29486,0.5128657,Public
29493,0.1631533,Public
29504,0.1029398,Private
29511,0.08804766,Private
29513,0.1066792,Private
29516,0.1472534,Public
29520,0.08824313,Public
29523,0.1238296,Private
29533,0.3793,Public
29541,0.1654325,Public
29545,0.1952786,Private
29550,0.2267542,Public
29553,0.03187349,Public
29559,0.4147317,Private
29565,0.4927121,Public
29583,0.4723202,Public
29592,0.107035,Public
29602,0.1313011,Private
29605,0.07823899,Public
29607,0.05777898,Public
29629,0.6067754,Private
29631,0.5667886,Private
29639,0.3213176,Private
29654,0.3018279,Public
29655,0.1441602,Public
29661,0.3857781,Private
29669,0.4202068,Private
29670,0.4694846,Public
29672,0.06977713,Private
29680,0.4778191,Public
29685,0.1270444,Private
29689,0.1390643,Private
29692,0.4883931,Public
29696,0.3449985,Private
29703,0.2480295,Private
29709,0.4063728,Public
29711,0.517646,Public
29714,0.4950022,Private
29715,0.1030588,Public
29717,0.3976955,Public
29722,0.1330939,Public
29725,0.0324153,Private
29734,0.5845042,Public
29739,0.4282968,Private
29754,0.1902095,Public
29756,0.3457244,Public
29757,0.5143067,Private
29759,0.6754251,Public
29764,0.6452468,Public
29765,0.1133559,Public
29767,0.04568283,Private
29768,0.5306553,Public
29777,0.05202803,Public
29778,0.1905611,Public
29782,0.5785615,Public
29793,0.04006717,Public
29794,0.5489826,Private
29796,0.5559415,Public
29802,0.5974041,Public
29806,0.5955089,Private
29810,0.0773503,Private
29813,0.08248314,Public
29814,0.5147939,Public
29815,0.09566208,Public
29825,0.3302072,Private
29831,0.5674497,Public
29855,0.3058475,Public
29856,0.2873456,Public
29858,0.1655809,Public
29863,0.1891739,Public
29870,0.1470595,Public
29873,0.0290214,Private
29877,0.4094634,Private
29882,0.05613742,Private
29894,0.6574668,Private
29902,0.6257576,Public
29932,0.3406134,Private
29943,0.07724422,Private
29945,0.4165229,Private
29954,0.556389,Private
29956,0.2303627,Public
29960,0.3921114,Public
29961,0.2637102,Public
29963,0.08702381,Public
29968,0.6495034,Public
29974,0.0786142,Public
29975,0.102614,Public
29978,0.1522321,Private
29984,0.1166202,Private
29986,0.598933,Private
29990,0.02617167,Public
29991,0.0332841,Private
29992,0.1817296,Private
30005,0.07222124,Private
30008,0.7086374,Private
30009,0.5462923,Public
30011,0.4601964,Public
30013,0.136496,Private
30015,0.08341092,Private
30020,0.4746606,Public
30024,0.3929619,Public
30027,0.6710452,Public
30028,0.1210996,Public
30029,0.3415578,Private
30030,0.02337478,Private
30041,0.1017074,Public
30048,0.5376752,Public
30049,0.06262351,Public
30063,0.01940095,Public
30066,0.1198196,Private
30075,0.1479789,Private
30077,0.1388944,Private
30080,0.03144878,Public
30085,0.7062422,Private
30087,0.1683305,Private
30090,0.5588298,Public
30099,0.5567173,Private
30104,0.07127669,Private
30105,0.04422326,Private
30106,0.761329,Public
30109,0.09376733,Public
30111,0.06023434,Public
30116,0.3926308,Public
30121,0.1463236,Public
30129,0.09287719,Private
30133,0.166164,Public
30134,0.1103187,Public
30143,0.1319508,Private
30161,0.7165083,Private
30164,0.0491217,Public
30177,0.0607571,Private
30183,0.4868343,Public
30194,0.06470388,Public
30215,0.5357573,Private
30225,0.2032482,Public
30226,0.07881846,Public
30232,0.4526462,Public
30251,0.5925979,Private
30254,0.6732988,Public
30255,0.5452133,Private
30257,0.02595514,Public
30266,0.08266556,Private
30268,0.1580801,Public
30270,0.5244344,Public
30273,0.05523631,Private
30276,0.08938126,Private
30279,0.07166542,Public
30284,0.1354961,Public
30285,0.511126,Public
30286,0.1134967,Public
30297,0.07809402,Private
30306,0.2497801,Public
30314,0.7808762,Private
30337,0.1708145,Public
30340,0.5221059,Public
30341,0.03142976,Public
30346,0.3366779,Public
30348,0.04083959,Public
30353,0.03841973,Private
30354,0.09463031,Public
30355,0.5950716,Private
30358,0.6756092,Public
30373,0.0460423,Public
30383,0.08739705,Public
30386,0.4126568,Public
30394,0.5429,Private
30399,0.1372097,Private
30403,0.03852106,Private
30408,0.4840423,Private
30412,0.1956956,Public
30416,0.3345879,Public
30431,0.7583846,Private
30436,0.1825571,Public
30447,0.3030677,Public
30448,0.05576393,Private
30461,0.1117299,Private
30473,0.3335481,Private
30480,0.1767991,Public
30482,0.7013258,Private
30484,0.04116611,Public
30486,0.3002036,Public
30492,0.5375054,Public
30493,0.08631735,Private
30498,0.608595,Private
30505,0.1224332,Private
30523,0.3366999,Public
30531,0.1802223,Public
30535,0.5014676,Public
30540,0.03227073,Private
30543,0.6364502,Public
30544,0.1389379,Public
30552,0.1125341,Private
30561,0.105774,Public
30562,0.1438496,Private
30564,0.0626663,Public
30565,0.03292699,Private
30569,0.1562179,Public
30573,0.1299288,Public
30580,0.07424958,Public
30607,0.1225868,Public
30608,0.1187861,Private
30609,0.05674097,Public
30614,0.1110946,Public
30615,0.02850768,Private
30620,0.1275105,Public
30624,0.01957086,Private
30628,0.5105463,Private
30632,0.532939,Public
30651,0.4229949,Private
30653,0.03333884,Public
30654,0.3060218,Public
30657,0.1056071,Public
30659,0.5187042,Private
30666,0.1608788,Private
30676,0.3367794,Private
30678,0.4990801,Private
30682,0.3419964,Public
30694,0.3049265,Private
30697,0.1173685,Private
30698,0.1954383,Private
30699,0.528043,Private
30707,0.08858246,Private
30716,0.03199351,Public
30720,0.2937205,Private
30723,0.4341012,Private
30733,0.09600715,Private
30734,0.09985255,Public
30740,0.0333944,Private
30746,0.1119082,Public
30750,0.1885383,Public
30755,0.08136292,Private
30766,0.1639061,Public
30771,0.0366102,Private
30776,0.624062,Public
30782,0.614599,Private
30783,0.2626619,Private
30788,0.07720061,Public
30791,0.1458388,Private
30795,0.1293914,Public
30802,0.5655785,Private
30804,0.1246945,Private
30806,0.5638112,Public
30815,0.06829808,Private
30816,0.09310406,Private
30825,0.4480264,Private
30841,0.421257,Private
30844,0.6428685,Public
30846,0.1225398,Private
30847,0.3368696,Public
30856,0.445849,Public
30857,0.0869297,Private
30866,0.1556872,Public
30868,0.2487054,Private
30869,0.7728674,Public
30873,0.1941813,Private
30881,0.5469788,Private
30885,0.5474904,Public
30908,0.5189411,Public
30911,0.2047326,Public
30916,0.3237318,Private
30921,0.07549728,Private
30924,0.5564709,Public
30929,0.4377737,Private
30930,0.07653153,Public
30932,0.4567815,Public
30933,0.5553481,Public
30935,0.08500703,Public
30936,0.6401775,Private
30941,0.04346652,Private
30949,0.1629415,Private
30951,0.157353,Private
30954,0.6256811,Public
30974,0.3824397,Public
30977,0.5790721,Private
30979,0.05373285,Private
30981,0.6708611,Private
30982,0.1362832,Public
30984,0.7275438,Private
30985,0.4254915,Private
30988,0.5017392,Private
30990,0.05276633,Private
30996,0.1227284,Public
31000,0.3263163,Public
31007,0.1760534,Public
31010,0.4888653,Public
31016,0.2035119,Private
31017,0.2468479,Private
31024,0.1158661,Public
31027,0.02278034,Public
31055,0.3472147,Private
31058,0.3540403,Private
31066,0.5079486,Public
31075,0.7876071,Private
31085,0.1270638,Public
31087,0.1100188,Public
31094,0.6713443,Public
31099,0.7613053,Private
31105,0.08787727,Private
31110,0.1520037,Private
31113,0.5060869,Public
31115,0.4529751,Private
31126,0.6611208,Private
31127,0.6108903,Public
31131,0.6789599,Public
31139,0.5048189,Public
31145,0.02791973,Private
31147,0.3331864,Public
31153,0.3499554,Public
31159,0.02557926,Private
31169,0.1233133,Private
31174,0.5123541,Private
31177,0.1032309,Private
31186,0.270758,Public
31213,0.1122603,Private
31218,0.04438206,Public
31225,0.5318376,Public
31236,0.2899035,Private
31250,0.04041722,Public
31253,0.08711966,Public
31259,0.2808419,Private
31261,0.2710935,Public
31275,0.4271557,Public
31276,0.07501774,Private
31279,0.08026129,Private
31280,0.02969164,Private
31283,0.05946496,Public
31285,0.1423245,Private
31286,0.2141521,Private
31300,0.08091003,Public
31312,0.5340943,Public
31315,0.5749484,Public
31323,0.5887311,Private
31324,0.04669737,Public
31331,0.1279078,Private
31335,0.6157634,Private
31337,0.03672473,Public
31346,0.04226125,Private
31348,0.1565218,Public
31349,0.2583719,Public
31351,0.04708509,Private
31357,0.3359071,Public
31362,0.0347915,Private
31367,0.1477404,Private
31368,0.5578694,Public
31376,0.1045033,Public
31379,0.5530508,Public
31385,0.08082993,Private
31390,0.4719431,Private
31401,0.3863401,Public
31403,0.1140319,Private
31406,0.05222469,Private
31415,0.3596894,Private
31416,0.4311184,Public
31417,0.08659192,Public
31419,0.3412027,Public
31422,0.4416442,Public
31423,0.0630039,Public
31432,0.7049028,Public
31433,0.3599337,Public
31440,0.07334255,Public
31449,0.4903055,Public
31455,0.5520011,Private
31457,0.5095078,Private
31478,0.4831414,Public
31480,0.07102259,Private
31481,0.07424459,Public
31498,0.6463067,Private
31500,0.5932954,Private
31508,0.08597849,Public
31509,0.05531608,Private
31510,0.6451859,Private
31514,0.5086057,Private
31533,0.5030307,Public
31541,0.2502246,Public
31551,0.1604017,Private
31552,0.552936,Public
31555,0.0609087,Private
31556,0.2820341,Private
31558,0.08620064,Public
31566,0.4957666,Public
31568,0.4763168,Public
31575,0.7047226,Public
31578,0.3365242,Private
31585,0.4750157,Private
31589,0.08417342,Public
31598,0.02951566,Private
31601,0.5021473,Private
31608,0.2835191,Private
31616,0.4694689,Public
31624,0.1632938,Private
31625,0.1015086,Private
31629,0.271594,Public
31644,0.06748811,Private
31645,0.5878571,Private
31653,0.1583942,Public
31655,0.1269178,Private
31656,0.1335836,Private
31658,0.6286932,Private
31661,0.1481357,Public
31663,0.6077812,Private
31668,0.1111169,Private
31673,0.02262215,Private
31676,0.2575729,Public
31688,0.05876542,Public
31695,0.1562403,Private
31704,0.09286883,Public
31705,0.6452191,Public
31707,0.04669247,Public
31709,0.1609237,Private
31721,0.5681399,Public
31728,0.5884154,Private
31740,0.4481369,Private
31746,0.1224437,Private
31750,0.3701267,Private
31770,0.354582,Public
31778,0.270609,Private
31781,0.3270284,Public
31786,0.05539503,Private
31795,0.3133904,Public
31802,0.1166991,Private
31815,0.5440117,Private
31817,0.1347717,Public
31819,0.133513,Private
31821,0.5985611,Public
31822,0.5827987,Public
31826,0.5409008,Public
31828,0.488402,Public
31831,0.5861168,Private
31845,0.5916879,Private
31852,0.05106682,Public
31860,0.6747706,Private
31875,0.495119,Private
31876,0.06057855,Private
31881,0.6693813,Public
31890,0.6614321,Private
31897,0.5975969,Public
31899,0.5102138,Private
31910,0.5315551,Private
31912,0.5929087,Private
31921,0.09563775,Public
31923,0.1302037,Public
31932,0.13411,Private
31941,0.5953908,Public
31949,0.5904604,Public
31952,0.6461096,Private
31954,0.1116455,Private
31957,0.3510266,Public
31958,0.1274927,Public
31966,0.07307827,Private
31969,0.1688735,Public
31971,0.5103899,Public
31973,0.05255545,Public
31976,0.2062087,Public
31980,0.1060088,Private
31987,0.2543885,Public
31996,0.4828983,Public
32006,0.219681,Private
32009,0.05944464,Public
32016,0.1299654,Public
32022,0.2617787,Private
32046,0.03473759,Private
32049,0.6539657,Public
32069,0.08016033,Public
32076,0.5772387,Public
32083,0.5575991,Public
32088,0.1077353,Private
32089,0.2278423,Private
32093,0.1636413,Private
32097,0.03892126,Private
32099,0.2646905,Public
32101,0.08154965,Private
32115,0.2761852,Private
32117,0.1236774,Public
32121,0.1457099,Private
32125,0.05143932,Public
32130,0.1392465,Private
32145,0.1153374,Private
32151,0.7385913,Public
32152,0.12355,Private
32154,0.5514425,Public
32161,0.2857966,Private
32167,0.6240185,Public
32172,0.1792164,Public
32174,0.2673687,Public
32175,0.1234969,Private
32177,0.5141043,Public
32191,0.06154905,Private
32196,0.3624528,Public
32201,0.07741831,Public
32202,0.1360818,Public
32209,0.1286032,Public
32210,0.4256004,Private
32214,0.2016822,Public
32217,0.3499258,Private
32222,0.1086573,Private
32228,0.2142386,Private
32230,0.1135538,Private
32245,0.06666603,Private
32250,0.063466,Private
32252,0.4652258,Private
32254,0.5193815,Private
32259,0.3025176,Private
32264,0.1363787,Public
32265,0.2495028,Private
32274,0.03840875,Public
32275,0.1267834,Private
32286,0.1549554,Private
32294,0.1064899,Private
32298,0.1159317,Private
32299,0.5298138,Private
32305,0.2393697,Private
32307,0.1495996,Public
32309,0.5840663,Public
32312,0.5001705,Public
32314,0.4429066,Public
32317,0.2475338,Private
32322,0.617915,Private
32326,0.7146337,Private
32327,0.5532473,Public
32328,0.5997547,Private
32330,0.7015818,Public
32332,0.1115924,Private
32333,0.488491,Private
32334,0.6409585,Public
32352,0.4898791,Public
32355,0.6490708,Public
32356,0.1205959,Public
32363,0.1688033,Public
32371,0.4869355,Public
32376,0.07815529,Public
32398,0.6836004,Public
32399,0.1920747,Public
32400,0.05313877,Private
32402,0.6892964,Public
32406,0.5022979,Private
32407,0.09602143,Public
32413,0.4786884,Public
32419,0.1008042,Public
32427,0.289335,Private
32430,0.5230958,Public
32437,0.5788139,Private
32441,0.09467602,Public
32442,0.5722713,Private
32443,0.2060963,Public
32449,0.1469922,Public
32450,0.08133847,Private
32463,0.1326735,Public
32467,0.6203286,Public
32470,0.1672565,Private
32471,0.5024899,Public
32479,0.1474276,Public
32486,0.3870947,Public
32499,0.05081852,Public
32500,0.02382838,Private
32521,0.5338068,Private
32532,0.09229607,Private
32535,0.6306913,Public
32543,0.3348705,Private
32544,0.1448945,Private
32548,0.5417746,Public
32551,0.1251631,Private
32556,0.03775904,Private
32567,0.4797355,Private
32573,0.1589065,Public
32574,0.565926,Public
32577,0.763402,Private
32580,0.6415255,Private
32583,0.4806476,Public
32591,0.5872884,Public
32596,0.497377,Private
32599,0.1084238,Public
32600,0.06161324,Public
32602,0.2380391,Private
32606,0.09269568,Public
32624,0.08189753,Public
32628,0.3329126,Public
32632,0.06559141,Private
32634,0.1495923,Public
32635,0.3422142,Private
32642,0.4203116,Private
32646,0.5748096,Private
32658,0.08007971,Private
32664,0.2214354,Private
32675,0.4858909,Public
32683,0.4541439,Private
32694,0.1038274,Private
32705,0.3401985,Private
32711,0.1975919,Public
32733,0.5450704,Public
32735,0.2396191,Private
32743,0.4745354,Public
32745,0.1351319,Private
32746,0.5709465,Public
32747,0.4552752,Private
32750,0.1934725,Private
32762,0.1061842,Public
32766,0.5798074,Public
32769,0.7066778,Private
32779,0.06023889,Public
32780,0.6947111,Public
32784,0.5951832,Private
32788,0.09702328,Public
32792,0.08677538,Private
32793,0.3395189,Public
32795,0.1806965,Public
32799,0.4999445,Private
32800,0.1370223,Public
32806,0.6561828,Public
32813,0.4916883,Private
32821,0.4913526,Private
32826,0.133472,Private
32828,0.03792535,Private
32833,0.5486845,Public
32844,0.1906432,Public
32854,0.08556693,Private
32872,0.4305337,Private
32873,0.486325,Private
32875,0.2953416,Public
32879,0.023964,Public
32882,0.1339549,Public
32888,0.6513662,Private
32899,0.1335428,Private
32913,0.4962331,Public
32919,0.6102105,Public
32920,0.1000011,Public
32921,0.3536165,Public
32924,0.1222453,Private
32925,0.5422348,Private
32926,0.06078982,Public
32930,0.4420936,Private
32933,0.6043409,Private
32934,0.2057696,Public
32940,0.165289,Public
32954,0.3057843,Public
32955,0.2116381,Public
32959,0.2217774,Private
32963,0.2465902,Private
32966,0.09482971,Public
32972,0.4006847,Public
32975,0.4855652,Private
32977,0.1388178,Public
32980,0.04354208,Private
32981,0.4841329,Private
32983,0.1248877,Private
32991,0.08994097,Private
32994,0.1372396,Private
33001,0.6327067,Private
33002,0.3417867,Public
33005,0.1981529,Public
33012,0.0721955,Public
33037,0.5197794,Public
33038,0.4808928,Public
33039,0.450843,Public
33040,0.1030661,Public
33043,0.4572449,Public
33050,0.1423547,Public
33053,0.03175252,Private
33055,0.5380654,Private
33062,0.5683392,Private
33063,0.09914667,Private
33064,0.5919917,Private
33065,0.5446966,Private
33069,0.5445747,Public
33071,0.5195382,Private
33073,0.228243,Public
33085,0.07774973,Private
33087,0.1111226,Private
33092,0.6990833,Public
33123,0.5797418,Private
33130,0.6428922,Public
33132,0.08232959,Public
33139,0.4826816,Public
33142,0.3836748,Public
33149,0.2553232,Public
33154,0.5204066,Private
33159,0.3795541,Private
33160,0.5756143,Public
33161,0.5228882,Private
33166,0.1665212,Public
33172,0.1444052,Public
33174,0.08274999,Private
33193,0.05399457,Private
33204,0.5148563,Public
33205,0.03913744,Public
33236,0.2015907,Private
33241,0.7607688,Private
33243,0.08249684,Public
33257,0.273086,Public
33262,0.1666071,Public
33268,0.1761968,Private
33270,0.1094907,Private
33272,0.1543293,Private
33276,0.5692174,Public
33282,0.1116814,Private
33289,0.2466561,Private
33290,0.08377632,Public
33298,0.4339885,Private
33302,0.266756,Public
33307,0.07641342,Public
33313,0.08617134,Private
33320,0.7775034,Public
33324,0.5338791,Private
33326,0.1133129,Private
33332,0.5636687,Public
33340,0.1458933,Public
33349,0.1275332,Private
33351,0.555092,Public
33357,0.5654522,Private
33359,0.7517363,Public
33361,0.503104,Public
33362,0.06991686,Private
33365,0.5207402,Public
33367,0.2647292,Private
33368,0.6622019,Private
33370,0.1141656,Public
33371,0.5459795,Private
33377,0.1111794,Private
33380,0.07867218,Private
33387,0.1540659,Public
33397,0.5351496,Public
33400,0.1955595,Private
33402,0.07066648,Private
33411,0.3191359,Private
33414,0.5696554,Private
33418,0.5351511,Private
33427,0.5109108,Public
33431,0.1106537,Private
33434,0.7450934,Public
33439,0.6630492,Public
33440,0.7569448,Private
33455,0.07306716,Public
33457,0.533735,Public
33458,0.03305584,Private
33461,0.1628069,Private
33477,0.1641862,Private
33479,0.1373953,Private
33481,0.1769634,Public
33487,0.08207096,Private
33490,0.2737697,Public
33496,0.1492492,Public
33500,0.05839763,Public
33513,0.1093219,Public
33514,0.6577507,Private
33519,0.247059,Public
33521,0.2005038,Private
33525,0.3188787,Public
33529,0.4218247,Public
33536,0.06661054,Private
33539,0.07713192,Private
33541,0.1021871,Private
33542,0.1099593,Public
33545,0.241537,Public
33550,0.3550971,Private
33556,0.4593344,Private
33572,0.5700185,Public
33576,0.2762755,Private
33583,0.6821823,Private
33585,0.4302036,Private
33586,0.2635424,Public
33591,0.01083331,Private
33593,0.3525236,Public
33613,0.1566951,Private
33615,0.1136314,Public
33617,0.4310446,Public
33623,0.06304725,Public
33630,0.1813554,Private
33635,0.6449938,Private
33639,0.6771195,Private
33642,0.3032251,Private
33645,0.06864664,Private
33649,0.07354883,Private
33654,0.4319599,Public
33660,0.09680603,Private
33662,0.09773102,Public
33665,0.03477636,Public
33672,0.6647206,Public
33682,0.2730456,Public
33686,0.538812,Private
33687,0.6956438,Private
33688,0.08970576,Public
33690,0.1471015,Private
33691,0.2337411,Public
33697,0.5405583,Public
33700,0.6983175,Public
33701,0.4574659,Public
33709,0.2836686,Public
33717,0.5450596,Public
33719,0.3412829,Public
33722,0.4835497,Public
33724,0.3316171,Private
33725,0.5454838,Public
33734,0.4453688,Public
33741,0.1412077,Private
33742,0.5570164,Public
33746,0.5123743,Private
33755,0.5911053,Public
33756,0.1394258,Private
33757,0.3285603,Private
33758,0.07091606,Private
33760,0.236583,Private
33762,0.5924703,Public
33766,0.4990402,Public
33769,0.3053589,Public
33770,0.06076409,Private
33776,0.3427263,Public
33783,0.3051671,Public
33785,0.08293684,Private
33787,0.6031028,Public
33798,0.4799446,Public
33799,0.1110763,Private
33800,0.3271444,Public
33822,0.5016087,Private
33826,0.06305815,Private
33827,0.1519298,Private
33828,0.07243433,Public
33837,0.7306861,Public
33840,0.5129983,Private
33844,0.1051566,Private
33848,0.1198243,Private
33864,0.5099888,Public
33866,0.6379421,Public
33870,0.1525643,Public
33872,0.578607,Public
33885,0.561682,Public
33892,0.5334852,Private
33893,0.4029537,Public
33895,0.4759006,Private
33896,0.2441357,Private
33902,0.1160187,Public
33910,0.3049001,Private
33919,0.2366218,Private
33922,0.6038106,Public
33924,0.08045465,Public
33927,0.4268103,Private
33933,0.08381067,Private
33937,0.5680047,Private
33939,0.5008869,Private
33948,0.1216852,Public
33952,0.6686563,Private
33957,0.03397788,Private
33959,0.1707496,Private
33971,0.1318652,Private
33978,0.09100375,Private
33979,0.2018526,Private
33980,0.2324067,Public
33997,0.08560362,Private
33998,0.05896869,Public
34008,0.09885438,Private
34012,0.4903525,Private
34016,0.1081576,Private
34017,0.0459482,Public
34019,0.08910927,Private
34020,0.6933027,Public
34022,0.1521246,Public
34028,0.427379,Public
34033,0.06261346,Private
34051,0.5426005,Public
34052,0.4489651,Private
34057,0.4792392,Public
34062,0.572607,Private
34064,0.475973,Private
34068,0.3612204,Private
34069,0.112623,Private
34072,0.1675885,Private
34077,0.3182474,Private
34082,0.1674082,Private
34084,0.3243683,Public
34087,0.5553129,Public
34094,0.433847,Private
34103,0.2006616,Public
34111,0.1448707,Private
34112,0.0858538,Private
34129,0.2179064,Public
34136,0.437773,Private
34142,0.622373,Private
34143,0.1696289,Private
34148,0.1294306,Private
34152,0.1026732,Private
34157,0.0852048,Private
34159,0.06645985,Private
34160,0.2448548,Public
34169,0.4779112,Private
34171,0.397286,Private
34178,0.2819192,Public
34189,0.1146862,Public
34196,0.06799247,Private
34206,0.3866672,Public
34207,0.1681072,Private
34217,0.1637165,Public
34227,0.3568805,Public
34228,0.6197704,Private
34229,0.3488149,Public
34235,0.556363,Public
34245,0.7542971,Private
34247,0.1776146,Private
34248,0.5115598,Public
34256,0.1316015,Private
34262,0.5206704,Private
34263,0.2076816,Private
34268,0.0932017,Public
34269,0.05844945,Public
34283,0.386306,Private
34293,0.1267281,Private
34296,0.09128243,Public
34297,0.2506197,Private
34311,0.2826565,Public
34312,0.5251208,Private
34314,0.1393562,Private
34318,0.04168625,Private
34324,0.724477,Private
34332,0.4572638,Public
34341,0.05394072,Private
34346,0.4238465,Public
34349,0.5711333,Private
34354,0.1125449,Private
34361,0.5414667,Public
34364,0.05880658,Public
34370,0.3427452,Public
34381,0.03140513,Public
34386,0.4886726,Public
34387,0.5067394,Private
34393,0.1337499,Private
34397,0.08479784,Private
34404,0.6526362,Private
34409,0.05025623,Private
34413,0.341488,Public
34414,0.3410565,Private
34416,0.07419483,Private
34421,0.0716521,Private
34433,0.1017068,Private
34457,0.1544554,Private
34469,0.04280036,Private
34470,0.5033082,Private
34474,0.3464794,Public
34477,0.4404509,Private
34484,0.3187598,Public
34485,0.0739424,Public
34488,0.03225219,Private
34493,0.114616,Public
34503,0.5015836,Private
34510,0.4769658,Public
34512,0.1250039,Private
34518,0.2260497,Public
34521,0.1921999,Private
34523,0.08930982,Public
34524,0.1413896,Public
34528,0.3495443,Public
34529,0.0455792,Private
34531,0.2149199,Private
34540,0.4633685,Private
34542,0.7446697,Public
34550,0.3695779,Public
34553,0.5539454,Public
34555,0.05059239,Private
34560,0.1543543,Private
34565,0.1946444,Public
34568,0.4992707,Private
34571,0.4641567,Private
34578,0.1450233,Public
34579,0.2733983,Public
34584,0.1133384,Public
34592,0.2758208,Public
34593,0.09598241,Public
34594,0.171712,Private
34600,0.2875972,Public
34603,0.2358494,Private
34607,0.5553421,Private
34609,0.4216321,Private
34610,0.09549552,Private
34620,0.2663191,Public
34621,0.5485885,Public
34622,0.07951234,Public
34624,0.09220217,Private
34626,0.09984355,Private
34629,0.09181508,Public
34635,0.02190239,Public
34636,0.4310181,Private
34640,0.06564418,Public
34642,0.0801935,Private
34650,0.1066312,Public
34651,0.07601861,Public
34660,0.02089298,Public
34674,0.05317422,Public
34675,0.5124116,Public
34678,0.1275447,Private
34681,0.2440274,Public
34693,0.02750021,Private
34695,0.3777561,Public
34698,0.1314913,Public
34700,0.1251403,Public
34701,0.1025385,Public
34707,0.1104762,Public
34710,0.1656736,Public
34720,0.6017149,Private
34722,0.03915642,Private
34723,0.05418267,Private
34725,0.08113002,Public
34731,0.05521313,Private
34742,0.02574823,Private
34743,0.41858,Public
34747,0.6342784,Public
34753,0.5411031,Private
34754,0.1266416,Private
34758,0.5360205,Public
34764,0.4339351,Public
34765,0.06383968,Private
34766,0.6115885,Public
34773,0.2141391,Private
34775,0.2744083,Private
34782,0.1022907,Private
34785,0.5023018,Private
34801,0.100214,Public
34808,0.1043999,Private
34810,0.2861871,Private
34812,0.1049392,Private
34814,0.6365972,Public
34815,0.5009016,Public
34816,0.4861327,Public
34831,0.1199467,Public
34832,0.09231694,Private
34837,0.08738539,Private
34840,0.6682708,Private
34841,0.6198316,Private
34854,0.4343768,Public
34865,0.2213362,Public
34866,0.1710779,Public
34872,0.5064095,Public
34875,0.5678692,Public
34880,0.1051196,Public
34889,0.09640028,Public
34890,0.09302033,Private
34911,0.03144694,Public
34924,0.4472687,Public
34928,0.06882421,Public
34929,0.5959983,Private
34930,0.6738019,Private
34948,0.06748022,Public
34954,0.08922425,Public
34959,0.5688328,Private
34961,0.2248962,Private
34964,0.6582066,Private
34980,0.03020471,Private
34984,0.1410596,Private
34986,0.293487,Private
34998,0.08498095,Public
35010,0.1470745,Private
35011,0.5766062,Public
35030,0.4884516,Private
35031,0.4709485,Public
35036,0.6001081,Public
35046,0.7933798,Private
35050,0.1876725,Private
35053,0.3309618,Public
35057,0.3144004,Private
35059,0.3679806,Public
35060,0.6823844,Public
35063,0.2578079,Private
35069,0.1692443,Public
35079,0.06668364,Public
35081,0.383562,Private
35085,0.3206084,Public
35094,0.5895662,Public
35098,0.7581816,Public
35109,0.4276209,Private
35111,0.09812705,Public
35133,0.4807627,Public
35135,0.03241078,Private
35139,0.7676134,Public
35144,0.1308456,Public
35157,0.3383331,Private
35162,0.3860993,Private
35167,0.1834551,Public
35169,0.5053902,Private
35178,0.07509419,Private
35179,0.1765966,Public
35183,0.04291228,Private
35186,0.1504206,Private
35187,0.03312124,Private
35194,0.2582061,Private
35195,0.03534289,Private
35198,0.1458386,Private
35200,0.4047936,Private
35201,0.04381077,Private
35205,0.5311216,Private
35208,0.1086681,Private
35222,0.1861575,Private
35233,0.5808638,Public
35242,0.1022454,Public
35247,0.3394964,Private
35249,0.4229727,Public
35255,0.1786618,Private
35256,0.2602986,Private
35262,0.1159171,Private
35268,0.6014172,Public
35270,0.1262751,Private
35271,0.5328959,Public
35281,0.1236392,Private
35282,0.3581509,Public
35285,0.08296634,Private
35292,0.06547601,Private
35294,0.07710361,Private
35297,0.1107674,Private
35298,0.5499008,Public
35303,0.1196151,Public
35315,0.1451803,Public
35319,0.131661,Private
35321,0.4741952,Private
35326,0.5382063,Public
35333,0.2493199,Public
35340,0.07866064,Public
35342,0.2263025,Private
35343,0.3546014,Public
35349,0.5593854,Public
35361,0.4748492,Public
35362,0.1197797,Public
35367,0.6194638,Public
35371,0.09063897,Public
35380,0.4887359,Private
35391,0.07642325,Private
35393,0.4213525,Public
35398,0.04683874,Private
35399,0.1167136,Public
35400,0.2275226,Private
35416,0.03726963,Private
35418,0.05660417,Public
35421,0.110149,Private
35422,0.1016505,Private
35428,0.1916573,Private
35435,0.6439039,Public
35436,0.5436162,Public
35440,0.07556111,Public
35447,0.6212382,Private
35450,0.1478106,Private
35454,0.0815508,Public
35464,0.2772584,Private
35481,0.08899295,Public
35488,0.129037,Public
35490,0.5511648,Private
35497,0.6570789,Private
35503,0.1583376,Private
35507,0.08589932,Private
35517,0.3361695,Private
35518,0.5296617,Private
35524,0.06932482,Public
35525,0.5260618,Private
35529,0.07425465,Private
35531,0.2903115,Public
35539,0.5160812,Public
35545,0.5831591,Public
35546,0.144832,Public
35547,0.4623872,Private
35548,0.1491827,Public
35554,0.3107434,Private
35561,0.1952718,Public
35568,0.04556538,Public
35571,0.6315798,Public
35572,0.4787401,Public
35575,0.5965989,Private
35577,0.4705937,Public
35585,0.07876185,Public
35592,0.07135182,Public
35595,0.153115,Public
35596,0.07284117,Private
35597,0.5591531,Private
35613,0.4823771,Public
35618,0.2503648,Private
35631,0.1510798,Public
35634,0.2210155,Private
35643,0.2231152,Private
35645,0.1410685,Public
35650,0.0923518,Private
35658,0.5471178,Private
35670,0.5488499,Public
35674,0.1029113,Private
35690,0.4758831,Private
35693,0.1144098,Public
35694,0.3739099,Private
35699,0.2680894,Private
35706,0.4687865,Private
35709,0.351213,Private
35710,0.1711256,Private
35725,0.1070876,Private
35732,0.06818145,Private
35733,0.1713882,Public
35735,0.5859219,Public
35737,0.5319568,Private
35739,0.02929267,Private
35740,0.233046,Public
35757,0.1202051,Private
35764,0.2466155,Private
35765,0.07593127,Private
35771,0.06678215,Public
35772,0.1349097,Private
35773,0.5912644,Public
35774,0.04007883,Public
35777,0.06480146,Private
35779,0.2725315,Private
35788,0.07654297,Public
35790,0.7046914,Private
35794,0.634668,Private
35797,0.1481786,Public
35800,0.4642917,Public
35814,0.3186152,Private
35820,0.161688,Private
35825,0.07931307,Public
35829,0.2621655,Private
35842,0.471021,Private
35843,0.04079395,Private
35844,0.1626689,Private
35847,0.1277673,Public
35851,0.3979788,Public
35853,0.5708072,Public
35854,0.7430041,Private
35863,0.2168064,Private
35865,0.1203145,Private
35877,0.2146149,Public
35886,0.07270631,Private
35891,0.1386503,Public
35892,0.5142207,Public
35897,0.2218767,Public
35903,0.1192024,Private
35909,0.1132263,Public
35919,0.04862262,Private
35920,0.1851633,Private
35929,0.07288251,Private
35931,0.1451069,Public
35932,0.1460007,Private
35934,0.08494999,Private
35939,0.3978294,Public
35944,0.08698772,Private
35946,0.2717983,Private
35950,0.1833568,Public
35954,0.4760645,Private
35959,0.4603921,Public
35969,0.0762829,Public
35983,0.07567146,Private
35985,0.5328782,Public
35989,0.30068,Public
35999,0.1462561,Public
36007,0.5048748,Public
36018,0.4606638,Public
36021,0.2057638,Private
36025,0.08504529,Public
36027,0.59136,Public
36035,0.5624634,Private
36041,0.2140857,Private
36044,0.09834813,Public
36051,0.6784201,Public
36059,0.09577208,Public
36060,0.1523232,Public
36062,0.164743,Public
36067,0.4778206,Private
36069,0.5223354,Private
36079,0.5421641,Public
36080,0.3416427,Private
36081,0.6765165,Public
36085,0.06207966,Public
36110,0.3044319,Public
36113,0.1707004,Public
36114,0.1382506,Private
36116,0.375862,Public
36126,0.5052325,Private
36132,0.4360272,Public
36133,0.1330608,Private
36135,0.07262106,Private
36136,0.5868806,Public
36142,0.5163876,Public
36145,0.1449874,Private
36153,0.04792073,Private
36157,0.5011774,Public
36159,0.1664142,Private
36160,0.07547654,Public
36163,0.6522525,Public
36169,0.1756715,Private
36171,0.1837543,Public
36176,0.06129688,Public
36180,0.3613373,Public
36181,0.2721205,Public
36182,0.02577538,Public
36187,0.1067935,Public
36188,0.5783613,Private
36191,0.4459698,Private
36208,0.4229079,Public
36212,0.6503248,Public
36214,0.08274397,Private
36220,0.3870681,Public
36224,0.6040036,Public
36230,0.173134,Private
36244,0.357527,Public
36253,0.4712912,Private
36258,0.3194676,Private
36268,0.3395211,Private
36282,0.5689176,Public
36289,0.4364042,Public
36292,0.5636989,Public
36303,0.05266366,Private
36304,0.2788407,Private
36307,0.4075151,Private
36308,0.07697525,Public
36317,0.08609422,Private
36320,0.1214035,Private
36321,0.1369699,Private
36331,0.6614423,Private
36343,0.2983687,Public
36345,0.3980115,Public
36355,0.3367508,Private
36365,0.3508111,Public
36366,0.1107045,Public
36368,0.5836652,Public
36370,0.6368275,Public
36373,0.07683396,Private
36375,0.1084144,Public
36378,0.1501286,Public
36382,0.07040751,Private
36386,0.1223375,Private
36390,0.1296498,Public
36394,0.3604988,Public
36395,0.5649382,Public
36397,0.4063805,Public
36404,0.5402045,Public
36405,0.2318629,Public
36408,0.1256078,Private
36413,0.07588886,Private
36417,0.1263003,Private
36427,0.1284717,Public
36444,0.2504232,Public
36445,0.6521121,Private
36451,0.1183829,Private
36455,0.09072913,Private
36468,0.5717208,Public
36476,0.1555155,Public
36483,0.1175738,Private
36486,0.1820008,Private
36487,0.08629949,Public
36490,0.07506432,Private
36491,0.6273591,Private
36495,0.3106901,Private
36498,0.03926485,Public
36509,0.05446265,Private
36519,0.5986996,Private
36523,0.6937243,Public
36524,0.05883384,Private
36527,0.07710475,Private
36533,0.1093813,Private
36534,0.1052278,Public
36538,0.06013986,Private
36547,0.3656419,Public
36551,0.4685019,Public
36558,0.02432404,Public
36561,0.5056614,Public
36572,0.1616329,Public
36575,0.5818243,Public
36583,0.2661433,Private
36586,0.02160817,Public
36587,0.03438032,Private
36593,0.5727307,Public
36598,0.07691851,Private
36607,0.02772819,Private
36609,0.1259813,Private
36613,0.05893083,Private
36622,0.643173,Private
36631,0.1470269,Public
36634,0.611551,Public
36636,0.5640239,Public
36639,0.151398,Public
36641,0.4263687,Public
36648,0.145022,Public
36649,0.6714389,Private
36659,0.09861656,Private
36660,0.1217257,Private
36668,0.4863791,Private
36672,0.7823703,Public
36674,0.2128401,Public
36679,0.1310334,Private
36680,0.1696465,Private
36683,0.2213307,Public
36701,0.538779,Public
36713,0.7161343,Public
36719,0.5363926,Public
36723,0.1452275,Public
36725,0.1774379,Public
36727,0.134515,Private
36731,0.3517786,Private
36734,0.08565544,Private
36735,0.5856779,Private
36737,0.3437323,Private
36741,0.4638076,Public
36744,0.1004824,Private
36751,0.2361078,Public
36775,0.5189824,Private
36776,0.1251603,Public
36777,0.04228628,Private
36784,0.3423996,Private
36787,0.1169397,Public
36788,0.1207934,Public
36790,0.3027981,Public
36807,0.1141434,Private
36818,0.1166145,Private
36820,0.08726819,Public
36821,0.5020708,Private
36824,0.1281465,Public
36833,0.3585276,Public
36839,0.4911661,Public
36845,0.4934428,Private
36855,0.4841194,Public
36860,0.7304354,Public
36877,0.3539146,Public
36881,0.1760951,Private
36884,0.2417257,Private
36894,0.04100105,Private
36895,0.1044876,Private
36901,0.1363963,Private
36907,0.5265581,Public
36912,0.540919,Private
36914,0.4610833,Public
36923,0.1369241,Public
36929,0.1977533,Public
36931,0.4782603,Public
36939,0.2781959,Private
36943,0.3405277,Private
36945,0.1216547,Private
36948,0.482383,Public
36963,0.1437024,Private
36966,0.2320706,Private
36972,0.2135279,Public
36976,0.05906332,Private
36978,0.5096324,Private
36992,0.05680836,Public
36993,0.03481778,Private
36996,0.1515338,Private
37010,0.1454054,Public
37011,0.5829191,Public
37018,0.09890591,Private
37019,0.1465213,Private
37030,0.08443712,Private
37034,0.1452493,Private
37038,0.05675305,Private
37040,0.2301574,Private
37044,0.09922223,Private
37045,0.1450161,Private
37049,0.3976014,Public
37051,0.2081088,Private
37052,0.3825177,Private
37065,0.03646806,Private
37066,0.04268347,Private
37067,0.08331421,Private
37075,0.3075875,Public
37078,0.07302039,Public
37080,0.1130132,Public
37081,0.04904643,Public
37083,0.716003,Public
37085,0.1016431,Public
37089,0.05205384,Public
37096,0.5739951,Public
37097,0.3548937,Private
37099,0.3116663,Private
37116,0.5664407,Public
37117,0.3650668,Public
37122,0.1095769,Public
37124,0.1139984,Public
37125,0.0671767,Public
37131,0.4025601,Public
37132,0.6285836,Public
37134,0.3655932,Private
37136,0.4424625,Private
37145,0.2280593,Private
37146,0.1143313,Public
37148,0.5323475,Public
37157,0.05699823,Private
37158,0.6707083,Public
37170,0.5362911,Private
37177,0.07376181,Private
37180,0.2725343,Private
37190,0.6546797,Public
37193,0.2939297,Private
37194,0.1185706,Public
37196,0.3758407,Public
37198,0.4210152,Public
37201,0.07572547,Private
37204,0.1085112,Private
37207,0.175098,Public
37208,0.1562047,Public
37211,0.5157748,Private
37219,0.08972164,Private
37226,0.08018467,Public
37228,0.06305891,Public
37242,0.6233649,Private
37251,0.1771713,Private
37260,0.3916459,Private
37265,0.06057175,Public
37271,0.2037356,Public
37276,0.6100512,Public
37282,0.261706,Public
37289,0.3611631,Private
37297,0.5778413,Public
37305,0.02273385,Private
37310,0.0919967,Private
37311,0.03816565,Private
37317,0.3323877,Private
37321,0.7292388,Private
37322,0.1484457,Public
37327,0.1122209,Public
37333,0.08903934,Public
37335,0.4966946,Private
37338,0.5578055,Private
37344,0.3212752,Public
37346,0.06209708,Public
37355,0.5391627,Public
37361,0.08040303,Public
37367,0.1198787,Private
37377,0.08780946,Public
37380,0.4309352,Private
37381,0.3878537,Private
37383,0.5846851,Public
37384,0.4178628,Public
37387,0.2431859,Private
37389,0.6228589,Private
37394,0.718392,Public
37403,0.09839476,Public
37405,0.1710144,Private
37412,0.05776109,Private
37418,0.2436478,Private
37419,0.5166119,Private
37420,0.5552369,Private
37425,0.6258796,Public
37430,0.3972463,Private
37436,0.3318183,Public
37437,0.1940347,Private
37441,0.2757998,Private
37443,0.4682975,Private
37449,0.5186779,Private
37463,0.13673,Private
37479,0.08769246,Private
37481,0.5596938,Private
37487,0.2207576,Private
37489,0.4889714,Public
37493,0.1023392,Public
37499,0.5462356,Private
37500,0.1635547,Private
37504,0.05995644,Private
37528,0.7727023,Private
37534,0.5373141,Public
37538,0.1408987,Public
37544,0.321903,Private
37548,0.2578201,Public
37550,0.152846,Private
37555,0.2918847,Private
37563,0.5948845,Private
37564,0.07191344,Public
37567,0.1449542,Private
37569,0.02088281,Public
37570,0.5004879,Public
37573,0.2306502,Public
37574,0.08131877,Public
37579,0.208009,Private
37586,0.1171993,Private
37594,0.6132381,Public
37596,0.1314801,Private
37597,0.04792354,Private
37599,0.05404061,Private
37606,0.5827616,Private
37622,0.3172803,Private
37626,0.09891222,Public
37632,0.1085221,Public
37641,0.09653493,Public
37643,0.1322242,Private
37650,0.3759637,Private
37656,0.5803967,Public
37661,0.6819754,Public
37663,0.1362874,Private
37664,0.4672702,Public
37672,0.1159611,Private
37677,0.5983177,Private
37679,0.1359655,Public
37682,0.5225565,Public
37684,0.2984107,Public
37685,0.2199631,Public
37690,0.0788636,Private
37693,0.3229211,Private
37695,0.3679191,Public
37696,0.5129767,Private
37697,0.119077,Public
37701,0.1049619,Public
37706,0.596002,Private
37710,0.1051399,Private
37711,0.5161654,Private
37713,0.4055142,Public
37726,0.08947771,Private
37739,0.04384247,Public
37743,0.6558861,Private
37744,0.07448542,Private
37748,0.6910183,Private
37755,0.09661607,Public
37756,0.54504,Public
37760,0.2085025,Private
37763,0.1086741,Public
37772,0.0761316,Private
37780,0.02887119,Private
37790,0.7069042,Private
37792,0.5588872,Public
37804,0.05053885,Private
37805,0.569253,Public
37814,0.4572567,Public
37822,0.1067544,Private
37823,0.01595535,Public
37827,0.1538146,Private
37830,0.4819259,Private
37832,0.1931696,Private
37841,0.1014785,Private
37842,0.2235079,Private
37846,0.6851037,Public
37850,0.1376345,Private
37851,0.6160268,Public
37853,0.6111128,Private
37855,0.5520605,Public
37860,0.3570846,Private
37861,0.115379,Public
37869,0.1400703,Public
37879,0.2621633,Public
37886,0.07659939,Public
37890,0.487854,Public
37892,0.0400748,Public
37900,0.5253239,Public
37904,0.2795326,Private
37905,0.777512,Public
37909,0.5703331,Private
37918,0.5423115,Public
37921,0.5706413,Private
37924,0.4201722,Public
37930,0.5989612,Private
37941,0.1065936,Private
37952,0.09743216,Private
37956,0.1136008,Public
37958,0.1255173,Private
37991,0.2367007,Public
37996,0.03191573,Public
37997,0.1632737,Public
38000,0.1139783,Private
38002,0.6086113,Public
38015,0.1441671,Private
38031,0.2453734,Public
38032,0.2978837,Public
38034,0.1197954,Public
38038,0.5540307,Public
38044,0.28401,Private
38046,0.1048499,Private
38051,0.093991,Private
38057,0.4394488,Public
38059,0.5494555,Public
38062,0.6891387,Private
38067,0.4591914,Public
38071,0.2883398,Public
38079,0.07287477,Private
38084,0.5261657,Public
38088,0.6410806,Public
38090,0.1384797,Public
38097,0.4801605,Private
38098,0.02657701,Public
38101,0.333483,Private
38102,0.419565,Public
38104,0.498546,Public
38106,0.3480521,Public
38108,0.152838,Private
38110,0.399605,Public
38130,0.4269426,Private
38134,0.1110389,Public
38135,0.6803709,Public
38138,0.1148201,Public
38158,0.08445067,Private
38165,0.6563572,Public
38169,0.1044358,Private
38170,0.3482341,Private
38174,0.1669323,Private
38176,0.7561868,Private
38179,0.06273185,Private
38185,0.1131224,Private
38187,0.3533254,Public
38192,0.2972855,Private
38196,0.3987714,Private
38197,0.5934045,Public
38203,0.1123416,Private
38211,0.13474,Private
38218,0.116668,Public
38220,0.1556187,Private
38225,0.4424958,Public
38227,0.434404,Public
38230,0.4624462,Public
38231,0.04222519,Private
38233,0.1455213,Public
38237,0.5650661,Private
38243,0.06807496,Public
38244,0.2398518,Public
38247,0.2685176,Private
38250,0.5664017,Public
38255,0.1738188,Private
38258,0.2204073,Public
38259,0.1365312,Private
38262,0.1074393,Private
38278,0.3488065,Public
38285,0.1045575,Public
38286,0.09704366,Public
38289,0.6197238,Private
38292,0.1016459,Private
38294,0.4757571,Public
38304,0.135788,Public
38311,0.560472,Private
38314,0.1059131,Public
38328,0.1069987,Private
38333,0.1293755,Private
38342,0.1916823,Public
38345,0.04549348,Private
38346,0.313413,Public
38349,0.1924649,Public
38360,0.3225542,Private
38367,0.346151,Private
38374,0.1020774,Private
38379,0.5804361,Private
38383,0.3536437,Public
38384,0.08322489,Private
38392,0.06466612,Private
38397,0.4047408,Public
38398,0.07189314,Public
38400,0.5626508,Private
38402,0.02985858,Private
38405,0.08284061,Public
38409,0.06662723,Private
38413,0.08528575,Public
38417,0.3616531,Public
38418,0.1906747,Public
38428,0.06900611,Private
38437,0.1111355,Public
38445,0.3640293,Public
38452,0.3722931,Public
38458,0.6802334,Private
38467,0.1553764,Private
38469,0.1818193,Public
38485,0.0726853,Private
38491,0.0598233,Public
38492,0.5146769,Public
38493,0.7882908,Private
38494,0.7994041,Private
38498,0.196771,Public
38501,0.1560639,Private
38502,0.4514625,Public
38506,0.4675008,Private
38507,0.09075651,Private
38513,0.6333465,Private
38515,0.09554324,Public
38516,0.08639394,Private
38518,0.4443938,Private
38523,0.6197707,Public
38526,0.04946987,Public
38533,0.09605093,Private
38546,0.3291211,Public
38547,0.2232625,Private
38549,0.1223378,Public
38559,0.4841529,Private
38560,0.1085835,Public
38562,0.1031741,Private
38563,0.08277077,Private
38565,0.2849457,Public
38575,0.2635691,Private
38578,0.07848834,Private
38596,0.2003967,Public
38598,0.6429529,Public
38619,0.25504,Private
38622,0.07315081,Private
38623,0.03474021,Public
38635,0.08031578,Private
38636,0.4210884,Public
38638,0.2632677,Public
38640,0.2210972,Private
38653,0.1373822,Public
38660,0.1746371,Public
38664,0.0516151,Private
38665,0.6171842,Public
38669,0.2334495,Public
38672,0.2933826,Private
38674,0.1150274,Private
38677,0.2831081,Private
38698,0.3728054,Private
38699,0.0467452,Public
38709,0.2659333,Public
38712,0.0673504,Private
38714,0.05000314,Public
38724,0.5510161,Public
38725,0.2537064,Private
38729,0.1493344,Private
38733,0.5585464,Private
38734,0.720651,Public
38735,0.4799935,Public
38736,0.6270984,Public
38737,0.1464649,Private
38744,0.6541207,Public
38745,0.05945161,Public
38749,0.2920965,Public
38751,0.05189052,Private
38756,0.4844568,Private
38759,0.554437,Public
38762,0.653181,Public
38765,0.5019764,Public
38769,0.5856254,Public
38773,0.2539814,Private
38785,0.187896,Public
38787,0.1456775,Private
38798,0.3470578,Private
38799,0.5327181,Private
38805,0.2237406,Private
38826,0.191268,Public
38827,0.1091585,Public
38839,0.04934833,Public
38862,0.0424146,Private
38870,0.1065699,Public
38871,0.1477088,Public
38885,0.1239899,Public
38886,0.04026942,Public
38889,0.1043041,Private
38890,0.5769014,Private
38892,0.704091,Private
38893,0.06770283,Private
38897,0.396088,Public
38909,0.5288513,Public
38912,0.1570395,Public
38921,0.05201411,Private
38930,0.09939345,Private
38931,0.3791501,Public
38938,0.5203619,Private
38967,0.1059471,Public
38968,0.1800471,Public
38973,0.5065193,Private
38975,0.2921409,Private
38985,0.1409543,Private
38990,0.1372543,Private
39008,0.275604,Public
39015,0.517425,Private
39019,0.3246501,Private
39023,0.4462287,Private
39028,0.1506583,Public
39029,0.4974149,Private
39030,0.561797,Public
39038,0.2198515,Public
39041,0.3103338,Private
39042,0.1077636,Private
39044,0.1493214,Private
39051,0.7280294,Private
39062,0.5399254,Public
39063,0.1373176,Private
39071,0.07289494,Public
39080,0.6408502,Private
39081,0.1200173,Public
39082,0.4729576,Private
39095,0.6236337,Private
39097,0.03828112,Private
39099,0.07036307,Public
39104,0.07137254,Public
39107,0.5318243,Public
39110,0.1346036,Public
39113,0.7938265,Private
39115,0.29939,Public
39116,0.4971479,Private
39121,0.1107222,Public
39129,0.08425927,Public
39131,0.07579935,Private
39132,0.3429671,Public
39133,0.09255691,Public
39137,0.3932491,Public
39142,0.5643644,Public
39148,0.7665785,Private
39159,0.1147265,Public
39169,0.5661052,Public
39178,0.04445675,Private
39181,0.2921457,Private
39191,0.06606272,Private
39194,0.6101996,Public
39199,0.4641312,Private
39214,0.5690792,Public
39218,0.09379778,Public
39220,0.7238714,Private
39222,0.5167546,Private
39224,0.1491658,Private
39235,0.5098195,Private
39236,0.1299175,Public
39238,0.5991721,Private
39242,0.08480027,Private
39244,0.1453924,Public
39255,0.08550957,Public
39263,0.3047475,Public
39265,0.1286546,Private
39267,0.4422457,Public
39278,0.07793417,Public
39279,0.1503514,Private
39282,0.4288809,Private
39291,0.2179144,Public
39293,0.1100214,Private
39298,0.4731166,Private
39300,0.5250266,Private
39305,0.09624957,Public
39309,0.09153923,Public
39310,0.1314986,Private
39313,0.05360197,Public
39316,0.1076708,Private
39321,0.305324,Public
39322,0.1038674,Private
39328,0.5298012,Private
39332,0.604304,Private
39339,0.7633189,Private
39341,0.5687168,Private
39346,0.1067783,Public
39350,0.6414031,Public
39353,0.1002074,Private
39369,0.1229936,Private
39373,0.07179351,Private
39384,0.1941842,Private
39385,0.5278311,Public
39386,0.572225,Private
39390,0.6034602,Private
39405,0.6740214,Private
39412,0.04140634,Private
39419,0.6268846,Private
39420,0.1081924,Private
39422,0.2909881,Public
39423,0.5618638,Private
39426,0.742118,Public
39427,0.7555616,Public
39433,0.04738238,Public
39443,0.3193204,Public
39449,0.1541523,Public
39451,0.5010267,Private
39454,0.05094141,Private
39462,0.5416179,Private
39464,0.503531,Public
39465,0.07334469,Public
39470,0.5490806,Private
39477,0.03178409,Private
39491,0.127449,Private
39492,0.08788307,Private
39499,0.2039121,Private
39500,0.4986013,Private
39504,0.05348675,Private
39516,0.5150356,Private
39519,0.1828774,Private
39531,0.1983978,Public
39532,0.1242772,Public
39534,0.1528807,Public
39536,0.2217479,Private
39551,0.4663585,Private
39553,0.0983618,Public
39560,0.3916091,Private
39563,0.1355185,Public
39567,0.1977705,Public
39574,0.1553648,Private
39585,0.06176637,Public
39593,0.221373,Public
39599,0.1250168,Public
39601,0.4685843,Public
39605,0.1351819,Private
39612,0.08173826,Private
39613,0.1347453,Private
39618,0.2080442,Private
39619,0.1652218,Public
39632,0.6420068,Private
39643,0.2083714,Public
39661,0.09669641,Public
39666,0.1438619,Private
39673,0.4658003,Public
39695,0.5581146,Public
39697,0.1184996,Public
39709,0.5602426,Private
39710,0.5880723,Public
39711,0.3094706,Public
39713,0.567535,Private
39725,0.1233518,Public
39726,0.4742461,Private
39727,0.3618247,Public
39729,0.422773,Private
39734,0.08524574,Private
39743,0.1254281,Private
39749,0.4400248,Private
39752,0.1208058,Public
39758,0.4554731,Private
39759,0.3534833,Private
39764,0.5084014,Private
39767,0.0994374,Private
39770,0.08394612,Private
39776,0.06915091,Private
39779,0.4178914,Public
39790,0.4273281,Private
39791,0.2423229,Private
39807,0.3632182,Private
39809,0.107982,Public
39811,0.2581265,Private
39823,0.302243,Private
39832,0.1628035,Private
39842,0.4382333,Public
39846,0.6406253,Public
39850,0.4793484,Public
39851,0.1508467,Public
39857,0.282024,Private
39865,0.2813685,Public
39867,0.1036259,Private
39876,0.4856909,Public
39879,0.2348347,Public
39882,0.06392875,Private
39884,0.03352154,Public
39886,0.5123259,Public
39891,0.06776419,Public
39895,0.5246252,Private
39901,0.5667081,Private
39909,0.05522245,Public
39913,0.5088674,Private
39915,0.5480371,Public
39916,0.2429718,Private
39922,0.4650542,Public
39925,0.1021069,Private
39941,0.1141661,Private
39950,0.1344253,Public
39952,0.5297407,Public
39954,0.3027329,Public
39961,0.4182224,Public
39963,0.08268686,Public
39974,0.6679957,Public
39978,0.2261189,Private
39979,0.08855395,Public
39986,0.2335145,Private
39993,0.07155204,Public
39994,0.5158818,Private
40002,0.04454175,Public
40004,0.2130601,Private
40025,0.1417814,Public
40031,0.1133663,Public
40042,0.4439184,Private
40056,0.5782312,Private
40075,0.07325777,Private
40076,0.5294474,Public
40077,0.6682694,Public
40078,0.05868461,Private
40081,0.3407588,Private
40088,0.639117,Private
40096,0.1622825,Public
40097,0.1993456,Public
40100,0.6528027,Private
40108,0.4752981,Private
40115,0.3858478,Public
40118,0.389329,Private
40122,0.1975037,Private
40129,0.1304469,Public
40130,0.07787969,Public
40134,0.3745022,Private
40136,0.06161548,Public
40138,0.4919266,Private
40142,0.07650504,Private
40144,0.04759768,Public
40148,0.01086708,Private
40149,0.4225415,Public
40151,0.2086806,Public
40154,0.198761,Private
40158,0.5630143,Private
40159,0.4459841,Public
40160,0.1148598,Private
40164,0.1134736,Private
40167,0.7097555,Private
40168,0.6494625,Private
40172,0.05150404,Public
40178,0.1354305,Public
40180,0.2032776,Private
40197,0.3450951,Public
40204,0.06562332,Private
40205,0.5592371,Public
40209,0.05023522,Public
40222,0.2208647,Public
40225,0.1446035,Public
40232,0.6212357,Public
40239,0.2780874,Private
40244,0.2936588,Private
40262,0.09580446,Public
40264,0.3242297,Public
40274,0.1323351,Private
40277,0.5518527,Public
40285,0.04838688,Private
40297,0.605842,Private
40301,0.07773659,Private
40308,0.4669665,Private
40309,0.1585656,Private
40315,0.4469318,Private
40317,0.07124507,Private
40318,0.0360544,Public
40324,0.6257396,Public
40325,0.3898718,Public
40332,0.3562941,Public
40352,0.5023795,Private
40364,0.3492443,Public
40372,0.5753998,Public
40376,0.3421125,Public
40379,0.03460355,Private
40382,0.2105938,Private
40387,0.5963306,Private
40390,0.5406682,Public
40391,0.5022499,Public
40397,0.4642459,Private
40403,0.09626918,Private
40409,0.2182695,Private
40412,0.4918503,Private
40416,0.4063951,Public
40426,0.2313451,Private
40428,0.07705481,Private
40429,0.6197752,Private
40430,0.5265839,Private
40438,0.5729949,Public
40443,0.1463779,Public
40449,0.4133689,Private
40455,0.7399845,Private
40461,0.1747252,Public
40462,0.02755555,Public
40469,0.6268741,Private
40473,0.3363099,Public
40475,0.1010515,Public
40477,0.5337983,Private
40478,0.391737,Private
40484,0.1366734,Private
40491,0.1334811,Private
40498,0.5713777,Public
40502,0.5266182,Private
40503,0.08449188,Private
40510,0.6487679,Private
40522,0.1542303,Private
40524,0.5646366,Public
40533,0.09347859,Public
40540,0.09336901,Public
40542,0.6220435,Public
40544,0.5108093,Private
40563,0.1413822,Public
40565,0.2742906,Private
40581,0.114836,Public
40583,0.5100504,Public
40597,0.3749169,Public
40600,0.09201955,Public
40603,0.4434201,Private
40612,0.05749074,Private
40626,0.06585655,Public
40631,0.5338972,Private
40633,0.1457396,Private
40639,0.3252721,Private
40641,0.5701731,Public
40642,0.08413272,Public
40643,0.2669675,Private
40644,0.6438434,Private
40645,0.5513168,Public
40647,0.6621295,Private
40658,0.1672709,Public
40663,0.1949552,Private
40667,0.5149592,Public
40670,0.4627884,Private
40693,0.06279122,Public
40695,0.1669973,Public
40696,0.06998538,Private
40701,0.07232919,Public
40711,0.178341,Private
40718,0.1797294,Private
40721,0.4804884,Public
40724,0.20616,Public
40725,0.2555658,Private
40728,0.0875579,Private
40731,0.2004703,Private
40733,0.409642,Public
40734,0.4608702,Private
40736,0.661283,Private
40738,0.3025051,Private
40741,0.04823198,Public
40745,0.6664425,Public
40750,0.5809532,Private
40751,0.2975806,Private
40757,0.0675458,Public
40761,0.1575426,Private
40764,0.4481876,Public
40768,0.08309649,Public
40774,0.1370008,Public
40785,0.5300598,Public
40794,0.1552354,Public
40799,0.1895957,Public
40800,0.3738078,Public
40806,0.5817652,Private
40809,0.4605488,Private
40818,0.4146062,Private
40821,0.5684612,Public
40828,0.06881782,Private
40843,0.3041404,Public
40846,0.3271095,Private
40854,0.1946566,Private
40857,0.1205614,Public
40860,0.4119787,Public
40863,0.1938759,Private
40868,0.147169,Private
40870,0.5158606,Private
40874,0.1683873,Private
40875,0.6156748,Private
40878,0.3907482,Public
40880,0.4795069,Private
40883,0.7488174,Public
40888,0.4258752,Public
40891,0.5563671,Public
40910,0.1498547,Private
40927,0.1820713,Private
40931,0.5828677,Public
40934,0.3698935,Public
40935,0.1451307,Public
40943,0.09109191,Private
40950,0.4938384,Private
40953,0.4572376,Public
40954,0.1820311,Public
40955,0.1192441,Private
40958,0.06442959,Public
40969,0.09672573,Private
40983,0.05231322,Public
40985,0.674545,Public
40992,0.5162781,Public
40998,0.539685,Private
41002,0.3693712,Public
41003,0.3113224,Public
41011,0.7549316,Private
41025,0.6634964,Private
41034,0.1932404,Public
41037,0.7268013,Public
41041,0.1680169,Private
41043,0.09312572,Public
41048,0.5750081,Private
41057,0.4618983,Public
41081,0.373058,Public
41090,0.6629752,Public
41091,0.5154751,Private
41094,0.05110104,Public
41095,0.08259185,Public
41098,0.1219873,Public
41111,0.1223282,Private
41115,0.1981997,Public
41120,0.717769,Private
41136,0.07087266,Private
41139,0.4821388,Public
41150,0.05380872,Private
41152,0.6333402,Private
41153,0.5226464,Public
41157,0.4200794,Public
41160,0.2097191,Public
41163,0.05501756,Public
41167,0.08891015,Private
41185,0.3809835,Private
41190,0.3626527,Private
41191,0.3154875,Public
41196,0.05457265,Public
41198,0.3745596,Public
41201,0.4950264,Private
41203,0.4898155,Public
41205,0.08898792,Private
41209,0.1419253,Private
41230,0.7210349,Public
41232,0.06972478,Private
41235,0.2875395,Private
41240,0.5899795,Private
41243,0.08292612,Public
41247,0.1206866,Public
41249,0.06343208,Private
41252,0.03998108,Public
41256,0.126202,Private
41258,0.06641389,Public
41269,0.4645132,Private
41271,0.07789703,Private
41277,0.5508814,Public
41291,0.2514632,Public
41298,0.4631289,Private
41300,0.5348348,Public
41302,0.5440707,Private
41316,0.1555031,Private
41321,0.1283283,Public
41323,0.5142063,Private
41328,0.5475013,Private
41335,0.4932834,Private
41337,0.1504898,Public
41340,0.5879306,Public
41347,0.4459777,Public
41353,0.571833,Private
41366,0.5962959,Private
41368,0.02649692,Private
41394,0.03691738,Public
41400,0.5012884,Private
41401,0.3728476,Private
41410,0.1320486,Private
41420,0.06000796,Public
41424,0.1124392,Private
41427,0.2239401,Public
41430,0.2438678,Public
41435,0.2068956,Private
41445,0.06646916,Public
41457,0.3497853,Public
41458,0.4897723,Private
41476,0.6412944,Private
41477,0.07298142,Public
41486,0.5066541,Private
41495,0.02770634,Public
41504,0.0725622,Public
41505,0.1561284,Public
41508,0.6138337,Private
41516,0.6544675,Public
41520,0.5339224,Public
41521,0.214919,Private
41534,0.2788221,Private
41538,0.2695382,Private
41542,0.7088888,Private
41548,0.5279354,Public
41552,0.4846248,Public
41555,0.3644617,Public
41559,0.3721181,Private
41568,0.4864161,Public
41574,0.04581072,Public
41576,0.1242515,Public
41581,0.05444945,Public
41598,0.0280541,Private
41604,0.4094022,Private
41605,0.09875005,Public
41606,0.66316,Private
41609,0.1818203,Private
41615,0.341636,Public
41616,0.1029961,Public
41621,0.1609101,Private
41627,0.420374,Public
41628,0.1672934,Private
41632,0.6704268,Private
41646,0.4844697,Private
41662,0.1695373,Private
41679,0.05993376,Private
41688,0.6674306,Private
41708,0.4966663,Public
41716,0.4479215,Private
41721,0.0920083,Private
41722,0.2488878,Private
41723,0.1134739,Private
41730,0.4227931,Public
41743,0.3032641,Private
41745,0.06983577,Private
41751,0.6682003,Private
41753,0.3777473,Private
41755,0.5102948,Private
41770,0.5539201,Private
41773,0.1543085,Public
41777,0.6640623,Public
41779,0.1562478,Private
41783,0.700593,Private
41785,0.4424854,Private
41786,0.2177483,Public
41787,0.1789148,Public
41792,0.6572418,Public
41798,0.1548145,Private
41800,0.09387572,Private
41811,0.1205846,Private
41814,0.3394945,Public
41830,0.3945572,Private
41831,0.522153,Private
41832,0.6308922,Public
41833,0.4155274,Private
41844,0.07055719,Private
41846,0.1278518,Public
41848,0.1853391,Public
41850,0.529942,Private
41855,0.2946901,Private
41862,0.05497626,Private
41869,0.0842346,Private
41873,0.3925671,Public
41874,0.4243948,Private
41876,0.09776214,Private
41887,0.264637,Public
41908,0.0619689,Private
41910,0.5250527,Public
41911,0.04333407,Public
41914,0.3630815,Public
41916,0.174596,Private
41936,0.529566,Public
41938,0.5841925,Public
41941,0.1434552,Private
41949,0.2362579,Public
41950,0.0832553,Private
41954,0.3946425,Private
41964,0.5661817,Public
41965,0.3879582,Public
41971,0.0661957,Private
41975,0.1783453,Public
41979,0.2988059,Public
41984,0.1905559,Private
41991,0.573431,Private
41992,0.2399178,Private
41997,0.0928563,Private
42000,0.1589634,Private
42002,0.5205008,Private
42012,0.1261562,Private
42017,0.1187516,Private
42025,0.49637,Private
42029,0.5143052,Private
42032,0.7884771,Public
42036,0.5170446,Private
42039,0.06360724,Private
42043,0.473087,Public
42051,0.06676911,Public
42056,0.162874,Private
42065,0.4070032,Public
42070,0.3316765,Public
42078,0.07414454,Public
42080,0.6191565,Public
42082,0.02051127,Private
42092,0.3225622,Public
42095,0.07550074,Public
42101,0.6370484,Private
42103,0.3033359,Public
42107,0.4108349,Public
42113,0.76158,Private
42120,0.6428258,Private
42124,0.1062134,Private
42135,0.1051052,Private
42137,0.648663,Private
42139,0.07482093,Public
42145,0.4889445,Private
42154,0.1772169,Private
42176,0.5216781,Public
42185,0.5904781,Private
42192,0.07132371,Public
42197,0.2013257,Private
42205,0.4365656,Private
42207,0.1186743,Private
42213,0.1104542,Public
42215,0.223341,Private
42220,0.1317153,Private
42222,0.4260286,Public
42229,0.391611,Public
42230,0.6077982,Private
42235,0.1521302,Public
42238,0.4412982,Private
42239,0.07213877,Private
42240,0.5657984,Public
42244,0.05755274,Private
42249,0.09554817,Public
42255,0.121364,Private
42261,0.122269,Private
42269,0.4526658,Public
42278,0.7441639,Private
42281,0.04865348,Private
42287,0.3235743,Private
42290,0.06036651,Public
42291,0.1812621,Private
42292,0.3310621,Private
42299,0.1117267,Public
42311,0.2535735,Private
42316,0.1006575,Public
42317,0.2259205,Private
42318,0.5618169,Public
42320,0.2603936,Private
42321,0.4830006,Public
42322,0.1660776,Public
42325,0.6159802,Private
42340,0.6166631,Private
42344,0.6165458,Private
42348,0.4737572,Private
42351,0.2691725,Public
42359,0.4242722,Private
42362,0.6168557,Public
42367,0.0798969,Public
42369,0.4394175,Private
42372,0.2319864,Private
42381,0.04038664,Public
42399,0.684476,Public
42406,0.05015419,Private
42407,0.1367543,Public
42417,0.03211743,Public
42422,0.4981611,Public
42425,0.5916049,Public
42427,0.6009525,Public
42429,0.09019481,Private
42431,0.04639458,Public
42438,0.4689675,Private
42443,0.3308899,Private
42448,0.4078971,Private
42459,0.5815873,Private
42460,0.6288458,Private
42462,0.07374763,Private
42464,0.07114361,Private
42468,0.3442572,Private
42470,0.1201909,Private
42477,0.07566771,Private
42485,0.08435389,Public
42487,0.2120516,Private
42495,0.087547,Private
42498,0.09326106,Public
42500,0.4248234,Private
42503,0.0736268,Public
42510,0.5683141,Public
42517,0.1589731,Private
42520,0.3797668,Public
42530,0.0360241,Public
42531,0.1691927,Public
42533,0.09330021,Private
42534,0.08567529,Public
42543,0.479106,Private
42548,0.04920853,Private
42553,0.4491636,Private
42557,0.1159158,Private
42578,0.1250219,Private
42595,0.09315076,Public
42597,0.5210655,Private
42598,0.6473431,Private
42600,0.5826591,Public
42604,0.1157753,Public
42607,0.231413,Private
42614,0.6938902,Public
42616,0.03565751,Private
42623,0.4759805,Public
42624,0.6603437,Private
42628,0.1482821,Public
42637,0.08735588,Private
42642,0.5457947,Public
42645,0.1175612,Public
42652,0.08275529,Public
42653,0.5710656,Public
42668,0.06295218,Private
42674,0.3428218,Private
42676,0.2104751,Public
42678,0.07626462,Private
42679,0.6636273,Public
42685,0.03249697,Public
42687,0.05163532,Private
42690,0.05415425,Private
42692,0.559201,Private
42712,0.0840054,Public
42718,0.5025896,Public
42719,0.7294362,Private
42721,0.5353796,Public
42722,0.1532332,Public
42723,0.1390909,Private
42727,0.1072012,Private
42730,0.05883779,Public
42732,0.6228183,Public
42733,0.5498205,Private
42734,0.5193567,Public
42738,0.1144614,Public
42747,0.07137167,Public
42748,0.02587526,Private
42749,0.5981851,Private
42752,0.08131287,Public
42756,0.2008004,Public
42770,0.2006322,Private
42771,0.3699682,Private
42782,0.334851,Private
42788,0.2521519,Public
42800,0.01610428,Private
42801,0.7078127,Private
42805,0.5657824,Private
42808,0.03086598,Public
42814,0.3355424,Private
42816,0.6283851,Public
42817,0.4145954,Public
42818,0.09521792,Public
42821,0.08043037,Private
42823,0.3759237,Public
42828,0.05734488,Private
42832,0.1426382,Private
42837,0.09923027,Private
42840,0.06268595,Public
42844,0.7088401,Private
42845,0.5335752,Public
42849,0.3279499,Public
42853,0.583872,Public
42863,0.3983156,Public
42864,0.3784352,Private
42865,0.4800315,Public
42870,0.05691532,Public
42873,0.3026474,Private
42874,0.06734822,Public
42875,0.04787736,Public
42879,0.752151,Public
42880,0.6757796,Public
42889,0.609695,Private
42891,0.4879869,Public
42903,0.07552122,Public
42907,0.07991185,Private
42912,0.214151,Public
42913,0.4273674,Private
42915,0.06010583,Private
42916,0.1328998,Public
42918,0.1101465,Public
42919,0.6442832,Public
42923,0.3663285,Public
42926,0.5505459,Public
42929,0.1133289,Private
42932,0.1150725,Public
42933,0.2383921,Public
42940,0.588593,Public
42941,0.5543865,Private
42942,0.0322736,Private
42944,0.5161611,Public
42946,0.3565845,Private
42949,0.05959731,Public
42951,0.6023248,Private
42963,0.1431484,Private
42965,0.177033,Private
42967,0.1581669,Public
42968,0.1513628,Public
42974,0.09805351,Private
42982,0.6352735,Public
42987,0.05413934,Public
42998,0.1730603,Private
43001,0.3758104,Private
43005,0.3959267,Private
43007,0.465368,Private
43013,0.07478106,Private
43016,0.204108,Public
43019,0.4555889,Private
43021,0.06932154,Private
43025,0.462272,Private
43030,0.4625327,Public
43032,0.7198716,Public
43039,0.0641413,Private
43048,0.6826378,Public
43052,0.6578245,Public
43056,0.4964108,Private
43059,0.3805429,Private
43060,0.04787042,Public
43066,0.1488573,Public
43074,0.1972149,Public
43085,0.3805301,Private
43088,0.0461045,Public
43094,0.1309702,Public
43095,0.5960543,Public
43098,0.1181192,Public
43108,0.5559992,Public
43116,0.2296591,Public
43125,0.08739393,Private
43129,0.5843346,Public
43130,0.5601479,Public
43147,0.5085489,Public
43148,0.07925393,Public
43151,0.03604584,Public
43152,0.07248209,Public
43154,0.1410417,Public
43158,0.0400997,Public
43162,0.5258967,Private
43167,0.1442249,Public
43168,0.5943352,Private
43169,0.6955625,Private
43175,0.7482509,Public
43185,0.4121961,Public
43188,0.0469622,Public
43199,0.5236432,Public
43200,0.5304303,Private
43201,0.2621102,Public
43202,0.5463106,Private
43205,0.2840344,Public
43209,0.5198431,Private
43220,0.5694259,Private
43221,0.2193355,Private
43225,0.714067,Private
43226,0.2188625,Private
43237,0.2308307,Public
43240,0.1201948,Public
43246,0.2637825,Public
43254,0.7746888,Public
43258,0.4490984,Private
43262,0.09153339,Public
43271,0.1799743,Public
43284,0.07472488,Private
43286,0.4723189,Public
43290,0.3455719,Private
43298,0.06105708,Public
43303,0.05223635,Private
43306,0.5404253,Private
43307,0.4486572,Public
43308,0.5021957,Private
43309,0.4430004,Public
43310,0.06505205,Private
43315,0.08519911,Private
43319,0.4604614,Public
43326,0.324611,Private
43333,0.1874816,Private
43336,0.1193873,Private
43351,0.1513763,Private
43355,0.3135747,Private
43356,0.4341295,Public
43361,0.5343543,Private
43370,0.1833969,Private
43371,0.187804,Public
43372,0.1211721,Public
43381,0.4116819,Public
43390,0.4987585,Public
43391,0.4260845,Public
43395,0.5161461,Public
43397,0.4661425,Private
43401,0.7549997,Public
43408,0.05697457,Public
43427,0.4655275,Private
43436,0.2774793,Public
43442,0.1170696,Public
43454,0.6120374,Private
43459,0.2582367,Private
43461,0.1595858,Private
43463,0.4998017,Public
43469,0.6435066,Public
43472,0.08828554,Private
43473,0.06092507,Private
43481,0.09098859,Private
43484,0.5693799,Private
43491,0.5040504,Public
43516,0.1113415,Public
43525,0.2059714,Private
43526,0.1128369,Private
43527,0.3053801,Public
43539,0.08401334,Private
43541,0.3594281,Public
43554,0.1574306,Private
43555,0.3948572,Public
43560,0.2604659,Private
43563,0.08148299,Public
43578,0.1645477,Private
43585,0.2284357,Private
43596,0.3778258,Public
43601,0.4783819,Private
43610,0.1992156,Private
43614,0.09702552,Private
43617,0.5493475,Public
43618,0.3979697,Private
43619,0.18887,Private
43625,0.1256061,Private
43626,0.07537203,Public
43634,0.5576366,Private
43642,0.1190549,Public
43646,0.1426997,Public
43663,0.1283045,Public
43665,0.1574847,Public
43677,0.5649534,Public
43678,0.1365997,Public
43714,0.6832219,Private
43715,0.1236175,Private
43722,0.4908862,Public
43723,0.6511657,Private
43724,0.1347736,Private
43730,0.1322432,Private
43732,0.4883813,Private
43739,0.5653338,Private
43744,0.5512127,Private
43751,0.2918189,Private
43753,0.1103398,Private
43755,0.5710155,Public
43764,0.2488638,Private
43769,0.4632069,Private
43773,0.3092204,Private
43774,0.5774666,Private
43790,0.2171157,Public
43791,0.4283983,Public
43794,0.1371532,Private
43798,0.6125697,Private
43803,0.06872139,Private
43805,0.05356386,Private
43815,0.1288805,Private
43822,0.08920011,Private
43826,0.7534955,Public
43827,0.08378068,Private
43832,0.3435142,Public
43839,0.306977,Private
43856,0.3576174,Public
43870,0.1204354,Private
43872,0.5408468,Public
43874,0.1368563,Public
43876,0.499956,Private
43880,0.314962,Private
43881,0.3486893,Public
43884,0.5956067,Private
43888,0.1556916,Public
43890,0.1192377,Public
43894,0.0833832,Public
43908,0.4634882,Private
43909,0.6288472,Private
43919,0.137181,Private
43923,0.08168874,Private
43925,0.07547083,Private
43934,0.3132517,Private
43937,0.3136732,Private
43939,0.1145332,Public
43949,0.05445213,Public
43950,0.1193369,Public
43952,0.5368759,Private
43954,0.5676208,Private
43965,0.5443025,Public
43978,0.5981185,Private
43988,0.3856935,Private
43998,0.1230928,Public
44013,0.08534379,Public
44014,0.7101035,Public
44028,0.3627499,Public
44035,0.1856584,Private
44036,0.04332509,Private
44040,0.5349461,Public
44041,0.1216214,Public
44045,0.622735,Public
44049,0.145728,Public
44064,0.06617824,Public
44066,0.04854814,Private
44069,0.05095519,Private
44078,0.479513,Private
44084,0.1645586,Public
44104,0.3463797,Private
44109,0.3740536,Public
44111,0.2592028,Public
44112,0.41373,Private
44115,0.4487551,Private
44116,0.1666809,Public
44130,0.1580723,Public
44131,0.102515,Private
44134,0.08968487,Private
44135,0.5225025,Private
44138,0.1376298,Public
44139,0.6710414,Public
44140,0.07985014,Public
44143,0.5101206,Public
44148,0.04626315,Private
44149,0.05648306,Private
44153,0.05740764,Public
44158,0.07344249,Private
44159,0.1214138,Private
44179,0.2230516,Private
44185,0.09610735,Public
44194,0.1187875,Public
44199,0.1284871,Public
44200,0.02476901,Public
44220,0.2314017,Public
44223,0.5435233,Public
44225,0.1027996,Public
44227,0.5144642,Public
44237,0.1083537,Private
44238,0.06676958,Private
44239,0.4240629,Public
44247,0.1726381,Private
44252,0.08454262,Public
44254,0.1544014,Public
44258,0.1723024,Private
44261,0.5345325,Public
44262,0.6616973,Public
44264,0.5589127,Public
44291,0.1312604,Private
44293,0.06901532,Private
44296,0.1973618,Public
44297,0.5784861,Public
44306,0.5189185,Public
44308,0.167693,Private
44322,0.08226528,Public
44324,0.5511381,Private
44327,0.4240521,Private
44328,0.1374846,Public
44331,0.5035822,Private
44333,0.1160738,Public
44345,0.4546907,Public
44348,0.5732107,Public
44350,0.6845185,Public
44354,0.1351416,Private
44358,0.03250088,Private
44361,0.1055475,Public
44363,0.6507577,Public
44369,0.1005134,Private
44377,0.07197917,Public
44386,0.1003218,Public
44387,0.4544314,Private
44397,0.1640158,Private
44400,0.6768526,Private
44406,0.07475989,Public
44409,0.09256333,Public
44411,0.3636054,Public
44413,0.5235437,Private
44414,0.421339,Public
44415,0.08349292,Public
44420,0.3247544,Public
44425,0.2624192,Private
44433,0.1002335,Private
44435,0.03344275,Private
44436,0.3383606,Public
44439,0.5256603,Private
44440,0.4711089,Public
44458,0.4868153,Public
44460,0.2531968,Public
44462,0.101924,Private
44464,0.07760585,Public
44472,0.05695172,Private
44482,0.1200086,Public
44484,0.274976,Public
44488,0.6107833,Private
44498,0.04713668,Private
44512,0.02992648,Public
44516,0.1763707,Private
44518,0.324503,Public
44523,0.1389299,Public
44527,0.5641502,Private
44528,0.6096787,Private
44535,0.1788373,Public
44544,0.06000136,Public
44547,0.3666137,Private
44552,0.0555944,Public
44553,0.3278761,Private
44557,0.2061984,Private
44563,0.5166723,Private
44565,0.4267827,Public
44569,0.4466557,Private
44588,0.08082144,Public
44589,0.1285108,Public
44590,0.7531867,Public
44602,0.5187297,Public
44605,0.530099,Private
44608,0.05433711,Private
44610,0.1017421,Private
44621,0.1334434,Private
44623,0.3574032,Private
44629,0.08451086,Private
44638,0.2387553,Private
44645,0.5522416,Private
44648,0.5099754,Private
44653,0.07681005,Public
44673,0.5299889,Private
44674,0.1479394,Public
44676,0.6872756,Public
44678,0.1282228,Private
44695,0.6633303,Public
44706,0.3361151,Public
44713,0.1278089,Public
44721,0.07035188,Public
44722,0.4660672,Private
44724,0.06715363,Private
44732,0.054217,Public
44735,0.518069,Private
44738,0.5394735,Private
44739,0.5351004,Private
44755,0.4299183,Public
44757,0.1753579,Public
44760,0.610015,Public
44763,0.4975832,Public
44769,0.1216578,Private
44771,0.1194848,Public
44772,0.1565829,Private
44775,0.09308898,Private
44783,0.5914337,Public
44786,0.2691556,Public
44787,0.1267278,Private
44788,0.5166792,Private
44789,0.06367791,Public
44811,0.2429895,Private
44813,0.09373749,Private
44814,0.1009383,Private
44816,0.07387999,Public
44825,0.1518371,Private
44830,0.2182543,Private
44838,0.05955923,Public
44839,0.5506502,Private
44840,0.09598576,Private
44843,0.5264917,Public
44845,0.6091481,Private
44846,0.05870997,Private
44852,0.5727798,Private
44857,0.09321862,Private
44858,0.08350697,Public
44859,0.5038297,Public
44864,0.2017641,Public
44870,0.6583746,Private
44871,0.09007178,Public
44876,0.1567778,Private
44885,0.5300523,Public
44891,0.09265133,Public
44898,0.4511061,Private
44900,0.1386021,Private
44910,0.6073653,Public
44912,0.2729725,Public
44917,0.361625,Public
44921,0.06822965,Public
44936,0.5812894,Public
44938,0.4724661,Private
44941,0.1346832,Public
44942,0.278186,Public
44948,0.2990559,Public
44950,0.5252181,Public
44965,0.7103222,Private
44976,0.3409277,Public
44980,0.2565954,Public
44985,0.06360833,Private
44989,0.1174639,Private
44990,0.04482441,Private
44999,0.1767736,Private
45000,0.07004102,Private
45002,0.1636169,Private
45004,0.4492423,Private
45013,0.0167277,Public
45017,0.187149,Private
45020,0.6172267,Private
45026,0.5361864,Private
45028,0.0513326,Public
45033,0.2289477,Private
45037,0.5227172,Public
45038,0.0712093,Private
45039,0.4641848,Public
45046,0.1220199,Private
45056,0.06392173,Private
45066,0.5795047,Public
45073,0.0734452,Public
45076,0.3953868,Public
45084,0.1122941,Private
45095,0.5624286,Private
45096,0.4417425,Private
45097,0.4204043,Public
45101,0.3267453,Private
45104,0.3074844,Private
45106,0.3427307,Public
45111,0.3716793,Public
45113,0.1871742,Public
45117,0.268804,Public
45124,0.4611973,Public
45134,0.3773538,Public
45153,0.1067899,Public
45156,0.3589672,Public
45166,0.1617352,Public
45167,0.1084131,Private
45168,0.2116377,Private
45177,0.3175219,Public
45178,0.6435562,Private
45186,0.7288942,Private
45201,0.6124937,Public
45203,0.06071632,Public
45206,0.7323496,Public
45210,0.06538874,Private
45211,0.1139634,Public
45212,0.7272196,Public
45213,0.4751323,Private
45215,0.5196168,Private
45217,0.1497594,Public
45226,0.1247017,Private
45227,0.3750791,Public
45232,0.07107792,Private
45236,0.6055343,Private
45241,0.02723091,Private
45242,0.1415827,Public
45246,0.5415832,Public
45253,0.3446243,Private
45254,0.07243424,Public
45256,0.1372488,Private
45264,0.3123295,Public
45266,0.09360249,Public
45270,0.4852638,Public
45272,0.2708982,Public
45276,0.1173724,Private
45278,0.6917704,Public
45283,0.4066234,Private
45291,0.210504,Private
45299,0.5097945,Private
45302,0.06951457,Private
45310,0.1155103,Private
45311,0.7064691,Private
45312,0.4879194,Public
45313,0.08392204,Private
45320,0.07813472,Private
45330,0.3145116,Public
45331,0.3907721,Private
45337,0.1764825,Public
45344,0.4857587,Private
45349,0.1627239,Public
45350,0.1380253,Private
45371,0.5333705,Public
45379,0.05508492,Private
45380,0.2531109,Public
45382,0.07240939,Private
45389,0.2298931,Public
45397,0.138599,Private
45406,0.5549575,Public
45409,0.1244338,Public
45414,0.07536656,Public
45420,0.5265844,Private
45434,0.3484462,Public
45436,0.1863226,Private
45439,0.4979365,Public
45440,0.5445119,Private
45445,0.1183131,Public
45452,0.6008551,Public
45463,0.4424853,Public
45468,0.06579743,Public
45475,0.620311,Public
45482,0.2229254,Public
45485,0.3654475,Private
45489,0.2846911,Private
45499,0.299678,Public
45500,0.1747523,Private
45510,0.4877732,Public
45511,0.4790399,Public
45520,0.3225967,Public
45525,0.1589988,Public
45528,0.2596733,Public
45530,0.5739971,Private
45532,0.6027622,Private
45536,0.08477248,Private
45537,0.3071924,Public
45538,0.3881184,Public
45539,0.1609166,Private
45541,0.4955747,Public
45543,0.4190794,Public
45558,0.4713014,Public
45564,0.05015917,Public
45565,0.06000318,Private
45587,0.1253729,Public
45588,0.1640487,Public
45591,0.1783159,Private
45592,0.4738728,Private
45603,0.1059386,Public
45606,0.5021348,Public
45607,0.1023782,Private
45610,0.3484572,Public
45612,0.0872707,Public
45615,0.2621445,Public
45619,0.6161942,Public
45638,0.1031999,Private
45641,0.4565278,Private
45647,0.2330113,Private
45648,0.5468613,Private
45650,0.1403364,Private
45667,0.5996689,Private
45671,0.1670957,Private
45678,0.5260267,Public
45679,0.1214671,Public
45687,0.1118449,Private
45689,0.0853608,Public
45693,0.08511212,Public
45702,0.5209106,Public
45704,0.539181,Private
45706,0.7917791,Public
45708,0.48397,Public
45712,0.78649,Public
45714,0.1242201,Public
45717,0.0609364,Private
45724,0.1238056,Public
45734,0.3742126,Public
45740,0.05582014,Public
45747,0.1694471,Private
45752,0.6154084,Private
45758,0.112757,Public
45760,0.2475576,Public
45761,0.3025816,Private
45765,0.1169361,Private
45771,0.5132077,Public
45772,0.05208824,Public
45775,0.353286,Public
45778,0.06405878,Public
45783,0.2421381,Private
45784,0.1191372,Private
45798,0.4163223,Private
45800,0.112275,Private
45802,0.1369113,Public
45805,0.06673638,Private
45807,0.192221,Public
45809,0.5457274,Public
45810,0.06746426,Private
45814,0.4572783,Public
45819,0.6804651,Private
45823,0.2418958,Private
45833,0.1052049,Private
45836,0.08822449,Private
45838,0.5173601,Public
45852,0.4810549,Public
45853,0.1575298,Private
45865,0.2257184,Private
45874,0.377247,Private
45875,0.3276835,Public
45878,0.2621255,Public
45890,0.5304753,Public
45891,0.4822184,Private
45893,0.1317262,Private
45896,0.3413669,Private
45897,0.04593273,Public
45900,0.04435984,Public
45906,0.108615,Public
45913,0.6451021,Public
45924,0.2882108,Public
45927,0.04295344,Private
45929,0.5733324,Public
45939,0.04237089,Public
45950,0.1726308,Private
45955,0.5477291,Private
45957,0.1749354,Public
45959,0.08401935,Public
45968,0.5810511,Private
45971,0.05899673,Private
45986,0.06302127,Private
45987,0.1408638,Public
45991,0.1733157,Private
45999,0.0246235,Private
46002,0.09945852,Public
46008,0.09197778,Public
46009,0.1690869,Private
46015,0.5785198,Public
46022,0.4303087,Private
46023,0.166544,Private
46025,0.4028268,Public
46032,0.1774383,Private
46037,0.4290275,Public
46040,0.4510427,Private
46041,0.7397283,Private
46052,0.124396,Private
46053,0.5307648,Public
46057,0.1318819,Private
46060,0.09957454,Private
46062,0.6598305,Private
46069,0.712897,Private
46073,0.1244988,Public
46092,0.08390597,Private
46097,0.1795744,Public
46098,0.687355,Public
46099,0.5602196,Private
46101,0.09702107,Private
46103,0.5785431,Private
46104,0.1429389,Public
46105,0.1579271,Public
46110,0.2449493,Public
46111,0.1390904,Public
46115,0.472203,Private
46116,0.08854418,Private
46117,0.02691682,Public
46118,0.1456493,Public
46121,0.3668676,Public
46126,0.3075359,Private
46142,0.3245604,Private
46144,0.3567431,Public
46146,0.05915149,Public
46149,0.1736687,Public
46151,0.3384907,Public
46154,0.09648586,Private
46156,0.5020995,Private
46157,0.3121845,Public
46162,0.0599805,Private
46163,0.6030685,Public
46167,0.3022601,Public
46169,0.1478786,Private
46172,0.2235557,Public
46175,0.5410376,Public
46176,0.7467462,Private
46182,0.09905945,Private
46193,0.6537737,Public
46197,0.3612218,Private
46202,0.04438347,Public
46211,0.5929384,Private
46214,0.6327888,Public
46216,0.02929578,Private
46218,0.07661574,Public
46219,0.1134131,Private
46220,0.2597421,Private
46221,0.08015794,Public
46223,0.02780555,Private
46225,0.134883,Public
46228,0.624498,Private
46229,0.1014699,Public
46233,0.527666,Public
46235,0.2840312,Private
46240,0.08914343,Public
46246,0.09086093,Private
46250,0.1890773,Private
46271,0.5450284,Public
46281,0.0316418,Public
46287,0.6060066,Private
46289,0.5139891,Private
46300,0.6279625,Public
46303,0.04069053,Public
46305,0.6898748,Private
46309,0.05209691,Private
46313,0.3770849,Private
46326,0.02656671,Public
46330,0.06877309,Private
46332,0.1134576,Private
46335,0.6289243,Public
46336,0.431199,Public
46339,0.2229703,Public
46350,0.1360262,Private
46359,0.1357899,Public
46365,0.3150201,Private
46371,0.2132852,Private
46380,0.07168464,Public
46389,0.4500668,Private
46390,0.5822383,Private
46403,0.06642494,Public
46404,0.5439972,Private
46408,0.2844068,Private
46412,0.5022352,Public
46413,0.559804,Private
46418,0.5906576,Private
46427,0.01962099,Public
46429,0.4979379,Private
46433,0.5985365,Private
46434,0.04184965,Private
46451,0.4939462,Public
46454,0.5420175,Public
46458,0.7054752,Public
46473,0.1615817,Private
46479,0.1177063,Private
46486,0.6496407,Private
46489,0.5967806,Public
46491,0.5648425,Private
46501,0.3695318,Private
46505,0.4281287,Private
46511,0.3927674,Private
46514,0.4039993,Private
46515,0.5428808,Public
46525,0.5162776,Private
46526,0.1559534,Private
46531,0.1067251,Private
46533,0.5893597,Public
46539,0.5052487,Private
46540,0.7229622,Public
46542,0.6369069,Public
46546,0.2485497,Public
46553,0.1597731,Public
46562,0.2234181,Public
46566,0.1110367,Public
46571,0.6177749,Private
46576,0.1407589,Public
46586,0.583993,Private
46600,0.2029007,Private
46607,0.4964685,Private
46612,0.08132924,Public
46619,0.4403914,Public
46622,0.4819146,Private
46624,0.3285714,Private
46627,0.3171766,Private
46628,0.08595632,Public
46629,0.6343661,Private
46638,0.09348763,Private
46646,0.02941802,Private
46647,0.5628577,Private
46648,0.1435117,Private
46659,0.756231,Private
46660,0.1416731,Private
46665,0.09864333,Private
46666,0.07980989,Private
46668,0.1668888,Public
46675,0.1853538,Private
46686,0.1055452,Private
46691,0.3138253,Public
46694,0.100511,Public
46698,0.5985975,Private
46705,0.08284044,Private
46707,0.7508135,Public
46710,0.08792418,Public
46715,0.2255656,Public
46716,0.03659329,Private
46717,0.7154613,Private
46728,0.6287421,Private
46732,0.4200161,Public
46733,0.121193,Private
46737,0.5736045,Private
46738,0.7019503,Private
46745,0.2760352,Public
46751,0.545339,Public
46754,0.3583079,Private
46760,0.638519,Public
46761,0.4817937,Private
46762,0.581919,Private
46764,0.05442495,Public
46766,0.6239657,Public
46798,0.06456748,Private
46799,0.05431857,Private
46804,0.07201088,Public
46806,0.5276414,Public
46815,0.3448987,Private
46819,0.08778812,Public
46825,0.1424586,Private
46828,0.220864,Private
46830,0.349464,Public
46835,0.4903163,Private
46840,0.1242034,Private
46843,0.4657449,Public
46850,0.1814281,Private
46851,0.5412939,Private
46854,0.06714986,Private
46857,0.6133879,Public
46861,0.5356293,Private
46870,0.02792116,Public
46874,0.06533257,Private
46881,0.03741404,Private
46900,0.1225845,Public
46901,0.1009362,Public
46902,0.2250078,Private
46904,0.1636645,Public
46910,0.228101,Private
46922,0.6972544,Private
46926,0.03279956,Private
46930,0.1083507,Public
46936,0.4538787,Public
46940,0.03108672,Public
46947,0.03692744,Private
46950,0.4605592,Private
46959,0.1311995,Private
46971,0.1334663,Public
46972,0.6441469,Public
46975,0.5582274,Public
46976,0.1412243,Private
46978,0.1935567,Public
46982,0.3378561,Public
46994,0.05502926,Private
46996,0.3254004,Private
46999,0.2604544,Public
47003,0.2403411,Private
47006,0.0327853,Public
47013,0.03239021,Public
47014,0.095405,Public
47020,0.121846,Public
47024,0.1587377,Private
47027,0.06293928,Private
47037,0.6022729,Private
47042,0.52184,Public
47046,0.3951389,Private
47055,0.7210426,Private
47057,0.09310734,Public
47058,0.5732055,Private
47064,0.2932675,Private
47068,0.5146965,Private
47076,0.6392508,Public
47078,0.5543196,Private
47080,0.5122797,Private
47085,0.5900872,Private
47093,0.04998194,Private
47096,0.5349185,Public
47098,0.6768825,Private
47101,0.7102259,Private
47109,0.08056751,Private
47111,0.110568,Public
47113,0.1211229,Public
47118,0.1278021,Public
47135,0.1748171,Public
47147,0.0961033,Private
47153,0.1991292,Public
47176,0.1330229,Private
47177,0.5493615,Private
47191,0.1435993,Private
47195,0.4777633,Public
47198,0.63938,Private
47199,0.03005579,Private
47202,0.4548532,Private
47204,0.7590652,Public
47218,0.1243093,Private
47219,0.4167038,Public
47221,0.5263391,Private
47224,0.6117997,Public
47234,0.3005481,Public
47236,0.08540449,Private
47241,0.08730534,Public
47249,0.03240492,Private
47252,0.5317386,Private
47254,0.4570554,Public
47258,0.526913,Public
47259,0.4628695,Public
47279,0.09395739,Private
47280,0.3637038,Private
47287,0.0940604,Public
47289,0.05062265,Private
47291,0.08408967,Public
47295,0.1221257,Private
47299,0.1601308,Private
47304,0.1819719,Public
47307,0.4653634,Private
47310,0.3227389,Public
47315,0.1371374,Private
47316,0.2023365,Private
47322,0.4306934,Private
47333,0.07661907,Public
47340,0.1359217,Private
47345,0.4066305,Public
47356,0.6313044,Private
47361,0.3357792,Public
47362,0.1840063,Private
47365,0.3977146,Public
47366,0.1298484,Private
47367,0.5489073,Private
47374,0.06432611,Public
47376,0.5997409,Private
47377,0.1067286,Private
47387,0.1867075,Public
47396,0.09316535,Private
47403,0.07288609,Private
47406,0.07784963,Private
47411,0.07981878,Public
47414,0.1161453,Private
47419,0.3190559,Public
47427,0.2065938,Private
47431,0.1888113,Public
47445,0.1316089,Public
47452,0.03016055,Public
47455,0.1145589,Public
47456,0.08811138,Private
47458,0.05304244,Private
47475,0.582893,Private
47482,0.5958342,Private
47498,0.4586648,Public
47517,0.6267449,Public
47523,0.08539045,Private
47547,0.1214048,Private
47553,0.01805993,Private
47562,0.1459706,Public
47565,0.04593204,Private
47573,0.1657946,Public
47574,0.1932469,Private
47588,0.1297786,Public
47591,0.1327935,Private
47594,0.1269056,Public
47598,0.505206,Private
47599,0.5085925,Public
47605,0.5021917,Private
47606,0.06467026,Public
47614,0.6228129,Private
47631,0.3932561,Public
47632,0.06002207,Public
47636,0.2451207,Private
47638,0.2206837,Public
47645,0.4599743,Public
47646,0.3434855,Private
47650,0.164209,Private
47653,0.5802189,Private
47655,0.3146629,Public
47656,0.6060827,Private
47657,0.1106946,Private
47659,0.5009919,Public
47662,0.5866249,Private
47663,0.1380864,Public
47664,0.1113383,Private
47671,0.7627399,Private
47684,0.5376605,Public
47691,0.3303849,Public
47700,0.3618639,Public
47701,0.6006452,Public
47703,0.1015443,Private
47708,0.04931939,Private
47717,0.03930116,Private
47719,0.5566419,Public
47728,0.610974,Private
47734,0.4948371,Public
47738,0.1834966,Public
47761,0.5607126,Private
47764,0.4635105,Private
47766,0.1904352,Private
47774,0.7039425,Private
47775,0.08776,Public
47779,0.751528,Private
47780,0.1344301,Private
47788,0.09115148,Private
47796,0.08177959,Public
47800,0.137742,Public
47801,0.1626695,Public
47819,0.1982467,Public
47829,0.06347777,Public
47832,0.5269679,Private
47836,0.6075459,Private
47837,0.2465487,Public
47842,0.05792037,Private
47850,0.5160539,Private
47857,0.4552045,Private
47861,0.2614478,Private
47864,0.3653673,Private
47878,0.3909597,Public
47882,0.579362,Public
47893,0.528949,Private
47894,0.2334368,Private
47897,0.3707056,Private
47908,0.2132058,Private
47910,0.1036648,Public
47914,0.07382718,Public
47915,0.1397638,Private
47922,0.2502407,Public
47924,0.4860415,Private
47926,0.561864,Private
47928,0.5721434,Private
47929,0.3772224,Public
47930,0.2029343,Private
47931,0.08006966,Public
47934,0.1268437,Private
47937,0.5539783,Public
47940,0.1091823,Private
47941,0.04886813,Public
47945,0.303746,Public
47947,0.4989198,Private
47950,0.1634201,Public
47951,0.4784786,Public
47952,0.3869512,Private
47958,0.6407292,Private
47963,0.05564697,Public
47965,0.1053065,Private
47968,0.5846708,Private
47969,0.5493559,Private
47972,0.0483156,Public
47975,0.4641021,Public
47993,0.6652331,Private
47994,0.03255244,Public
47997,0.1267527,Public
48002,0.6485783,Private
48003,0.07677123,Public
48008,0.6153303,Private
48017,0.3399498,Public
48022,0.685506,Private
48037,0.1289183,Private
48043,0.089246,Private
48061,0.3872925,Private
48063,0.1424622,Private
48068,0.1563864,Public
48070,0.1487254,Private
48075,0.5569847,Private
48086,0.5274721,Private
48094,0.2490069,Public
48110,0.1877837,Public
48113,0.5578876,Private
48114,0.6377078,Private
48115,0.08544778,Public
48122,0.1381955,Public
48127,0.6888187,Private
48128,0.1143691,Public
48135,0.3059669,Private
48136,0.03271649,Public
48137,0.5921044,Public
48155,0.6953974,Public
48166,0.5905282,Private
48167,0.0787977,Private
48171,0.110811,Public
48190,0.1048668,Public
48192,0.2579292,Public
48197,0.2218041,Public
48200,0.0435949,Private
48216,0.5920699,Public
48217,0.6200126,Private
48225,0.228859,Public
48226,0.3479757,Public
48228,0.2449168,Public
48231,0.2205343,Public
48232,0.1396865,Public
48239,0.07244357,Public
48241,0.1200714,Public
48242,0.06796818,Private
48244,0.6820225,Public
48245,0.03339845,Public
48268,0.5394446,Public
48270,0.3458341,Private
48280,0.08941002,Private
48281,0.2166929,Private
48282,0.3565913,Private
48285,0.05635259,Private
48287,0.08763915,Public
48290,0.02028327,Private
48291,0.0918422,Private
48302,0.4407417,Public
48320,0.3215934,Public
48322,0.1418926,Public
48328,0.494484,Public
48330,0.2576418,Private
48340,0.1148572,Public
48348,0.5142162,Private
48351,0.745409,Private
48353,0.3137285,Public
48354,0.7739852,Public
48355,0.06179279,Private
48356,0.1706701,Private
48359,0.5021856,Public
48364,0.4501534,Public
48365,0.1946464,Private
48367,0.7280873,Private
48368,0.08356062,Public
48380,0.223272,Public
48398,0.7276214,Private
48402,0.5398051,Public
48404,0.362821,Public
48408,0.3174829,Private
48415,0.5446911,Public
48423,0.5739204,Public
48425,0.07107339,Private
48426,0.07404086,Private
48432,0.09113408,Private
48435,0.1052217,Public
48438,0.3295456,Private
48442,0.0555884,Private
48443,0.3623523,Private
48447,0.1628859,Private
48454,0.09330647,Private
48456,0.6847792,Private
48458,0.5046704,Private
48465,0.09364462,Public
48469,0.141951,Private
48478,0.07688762,Private
48481,0.4552805,Public
48487,0.5468495,Public
48503,0.6052857,Private
48506,0.1505191,Public
48511,0.5572263,Private
48515,0.1600596,Private
48516,0.2232066,Public
48517,0.02024635,Public
48521,0.07237697,Private
48534,0.04732412,Public
48542,0.1540373,Private
48543,0.5684031,Public
48555,0.4087908,Public
48563,0.1488155,Private
48566,0.5734219,Public
48570,0.05893189,Private
48581,0.1323772,Private
48582,0.5244901,Public
48586,0.4510986,Public
48591,0.05998553,Private
48599,0.1307642,Private
48604,0.1623937,Private
48617,0.04111027,Private
48621,0.5106738,Public
48624,0.304905,Public
48632,0.1619264,Private
48634,0.05619746,Private
48639,0.4967651,Private
48648,0.2664735,Public
48651,0.5652312,Private
48657,0.4681441,Private
48664,0.03720951,Public
48665,0.04155201,Private
48671,0.0758848,Private
48673,0.1566501,Public
48688,0.03524749,Public
48689,0.5602788,Public
48692,0.07017399,Private
48695,0.205047,Public
48697,0.1086601,Public
48700,0.5503997,Public
48702,0.4527502,Public
48704,0.08124225,Public
48707,0.3762401,Private
48708,0.3325847,Public
48713,0.05755773,Public
48716,0.3969469,Public
48720,0.662562,Public
48733,0.7125995,Public
48737,0.2715582,Private
48738,0.13838,Private
48743,0.3459039,Private
48747,0.05368614,Public
48750,0.09651393,Private
48756,0.1394301,Private
48758,0.6426901,Public
48766,0.7514084,Public
48770,0.5921352,Private
48773,0.3373263,Public
48776,0.09052377,Public
48777,0.07433889,Private
48781,0.1070775,Public
48784,0.03285506,Private
48785,0.6539502,Public
48786,0.06165741,Public
48787,0.5664095,Public
48791,0.06225554,Public
48795,0.1123253,Private
48803,0.1753945,Private
48807,0.5454481,Private
48812,0.1912138,Private
48817,0.1634587,Public
48821,0.6110944,Public
48825,0.6200359,Public
48838,0.6619374,Private
48845,0.09810758,Public
48847,0.217066,Public
48849,0.3584973,Private
48850,0.1046347,Private
48865,0.6193115,Public
48867,0.07823937,Private
48868,0.3491699,Private
48874,0.2302283,Private
48875,0.03884482,Public
48877,0.5723045,Public
48888,0.07331289,Public
48889,0.08023216,Private
48893,0.1614853,Private
48895,0.1446698,Private
48897,0.02176502,Public
48899,0.09314968,Public
48901,0.4996616,Private
48908,0.0674289,Public
48920,0.6019991,Private
48924,0.1930403,Private
48925,0.03276596,Public
48926,0.626659,Public
48928,0.0403714,Public
48929,0.4113008,Public
48933,0.2455975,Private
48940,0.1048671,Public
48951,0.6106766,Public
48974,0.1907568,Public
48984,0.04434932,Public
48988,0.6015209,Private
48990,0.1024772,Private
48994,0.5664812,Private
49002,0.09037521,Private
49004,0.4908593,Public
49008,0.6407375,Private
49028,0.4326684,Public
49029,0.3337048,Private
49036,0.6596201,Public
49037,0.4599639,Public
49044,0.3360164,Public
49047,0.4189683,Private
49050,0.6341265,Public
49052,0.01055105,Private
49056,0.5199695,Public
49057,0.4552277,Private
49063,0.1727828,Private
49067,0.2219385,Public
49079,0.6754852,Public
49080,0.2667788,Public
49086,0.7675969,Private
49088,0.1417564,Private
49103,0.1329016,Public
49104,0.1482692,Public
49107,0.1015247,Public
49111,0.6579552,Public
49112,0.4839938,Private
49115,0.130923,Public
49116,0.3301258,Public
49138,0.629818,Private
49145,0.1334362,Private
49150,0.4176644,Private
49153,0.2716152,Public
49156,0.09745233,Private
49159,0.3323975,Private
49167,0.1052123,Private
49170,0.1079696,Public
49177,0.07347997,Private
49178,0.09729543,Private
49192,0.5366141,Private
49212,0.6126277,Private
49220,0.08821035,Private
49222,0.621906,Private
49223,0.4481326,Private
49228,0.5061858,Public
49230,0.1134569,Public
49237,0.06065342,Private
49241,0.03650185,Private
49249,0.1392201,Private
49250,0.1325986,Private
49252,0.03471744,Private
49262,0.06609785,Private
49264,0.1512578,Public
49268,0.6996598,Private
49272,0.5207514,Public
49282,0.111453,Private
49289,0.1313384,Private
49294,0.2312567,Public
49297,0.05437669,Public
49298,0.2710328,Public
49306,0.102588,Private
49314,0.1457445,Public
49316,0.5057579,Public
49322,0.5177842,Private
49323,0.686933,Public
49330,0.5070018,Private
49334,0.3261222,Private
49336,0.2970298,Public
49346,0.0538315,Public
49349,0.5442816,Private
49355,0.1781384,Private
49376,0.2979604,Public
49377,0.1176522,Private
49386,0.593493,Private
49390,0.6148303,Public
49393,0.05948574,Private
49395,0.4783474,Public
49396,0.1261971,Public
49402,0.1252421,Private
49407,0.1694126,Public
49410,0.4399094,Public
49416,0.3047332,Public
49420,0.04325924,Private
49422,0.32654,Private
49427,0.619936,Private
49429,0.3165,Public
49431,0.1262292,Private
49434,0.1245822,Private
49437,0.4225913,Public
49438,0.05563467,Public
49451,0.2164799,Private
49454,0.6933687,Public
49455,0.3235445,Private
49456,0.2093749,Private
49464,0.5083665,Public
49476,0.2619943,Private
49477,0.1531288,Private
49481,0.1032569,Public
49485,0.1742884,Private
49490,0.1321449,Public
49492,0.1318027,Private
49500,0.08176615,Public
49508,0.1112706,Public
49510,0.651382,Public
49522,0.300005,Public
49527,0.6174525,Public
49531,0.1876539,Public
49546,0.5262808,Private
49549,0.07658575,Public
49554,0.09838255,Public
49556,0.5889184,Public
49570,0.1657511,Private
49573,0.1481416,Public
49574,0.3015797,Private
49581,0.4511121,Private
49582,0.6249781,Public
49584,0.5248733,Private
49589,0.559914,Public
49592,0.09403911,Private
49593,0.5142745,Public
49597,0.4783872,Private
49600,0.1047257,Private
49606,0.13016,Public
49607,0.03807664,Public
49608,0.06482732,Public
49613,0.5631528,Public
49616,0.09846874,Private
49625,0.1754224,Private
49629,0.09188817,Private
49630,0.6562889,Private
49631,0.2994744,Private
49632,0.1495113,Private
49635,0.6064531,Public
49646,0.345305,Public
49648,0.1331539,Public
49649,0.1230832,Public
49666,0.05573048,Public
49678,0.1628934,Public
49683,0.1412894,Public
49684,0.2142041,Public
49688,0.1454782,Public
49689,0.05571269,Public
49691,0.08837782,Public
49692,0.02722465,Public
49695,0.5210868,Private
49699,0.4659298,Private
49703,0.06621497,Public
49708,0.5841541,Public
49711,0.1356391,Public
49713,0.6395242,Public
49714,0.2443602,Public
49723,0.08658453,Private
49725,0.09300666,Public
49726,0.4760902,Public
49733,0.578735,Private
49737,0.1585879,Private
49744,0.2031182,Public
49746,0.04200997,Public
49752,0.09619574,Private
49756,0.1366815,Public
49757,0.1291039,Private
49766,0.1857578,Private
49768,0.04176417,Public
49769,0.6210097,Private
49777,0.2377252,Public
49786,0.3107693,Public
49810,0.5543806,Public
49811,0.1928725,Private
49812,0.355823,Public
49815,0.03045627,Public
49817,0.4052522,Private
49819,0.1342714,Public
49831,0.1396208,Private
49832,0.4016291,Private
49833,0.1340616,Private
49840,0.4349318,Private
49841,0.3974828,Private
49847,0.5658146,Public
49849,0.06845944,Private
49850,0.6060623,Private
49853,0.460812,Private
49854,0.5400373,Private
49855,0.2189185,Private
49862,0.05999054,Private
49874,0.1166001,Public
49875,0.1312084,Public
49876,0.09818514,Private
49877,0.07903229,Private
49879,0.3193772,Public
49882,0.6916682,Public
49892,0.2936694,Private
49895,0.1270618,Public
49907,0.6084555,Private
49922,0.08943245,Private
49923,0.4757724,Public
49930,0.7481828,Public
49932,0.1497356,Private
49948,0.3934996,Public
49949,0.0490824,Private
49950,0.05809798,Public
49954,0.04032628,Public
49956,0.08369268,Public
49961,0.6397371,Private
49966,0.07865216,Private
49976,0.02314171,Private
49979,0.1197423,Public
49984,0.1684255,Private
49986,0.4474826,Public
49990,0.5091867,Private
49993,0.04772438,Private
49996,0.5414921,Public
49997,0.5423378,Private
49999,0.6357995,Public
50010,0.3035028,Public
50013,0.06811842,Private
50015,0.07162789,Private
50016,0.03922009,Public
50017,0.5320627,Private
50021,0.09091157,Public
50022,0.3292718,Private
50026,0.177429,Private
50029,0.1343125,Public
50042,0.5017473,Private
50044,0.1580198,Private
50057,0.1784775,Private
50061,0.5919425,Public
50062,0.06099194,Public
50064,0.5359099,Private
50069,0.1510691,Private
50070,0.2238352,Private
50071,0.1681473,Private
50072,0.3382609,Private
50075,0.08097931,Public
50081,0.1787621,Public
50085,0.5307568,Private
50089,0.1860763,Public
50094,0.03394329,Public
50098,0.4927853,Private
50100,0.08514091,Private
50106,0.07320491,Private
50108,0.0610037,Public
50110,0.1352688,Private
50113,0.3224493,Public
50115,0.2569498,Public
50117,0.6723389,Private
50119,0.5146735,Private
50124,0.1269418,Private
50126,0.4493034,Private
50131,0.164043,Private
50138,0.1374559,Public
50139,0.1576174,Public
50151,0.5687855,Private
50155,0.09252878,Private
50182,0.187316,Public
50185,0.5587683,Public
50192,0.489429,Public
50200,0.0657467,Public
50210,0.3034159,Private
50222,0.08769175,Public
50225,0.5921398,Public
50227,0.6430319,Private
50231,0.2537294,Private
50235,0.04391135,Public
50241,0.3074124,Public
50248,0.6505355,Public
50251,0.06075294,Public
50254,0.07604831,Public
50255,0.1039992,Public
50258,0.1219502,Public
50272,0.2437584,Public
50278,0.5907233,Public
50281,0.0851484,Private
50288,0.5121756,Public
50290,0.0901553,Public
50298,0.1478671,Private
50300,0.239938,Public
50302,0.1180127,Public
50304,0.1674606,Private
50311,0.1106769,Private
50314,0.2627495,Public
50317,0.3913595,Private
50325,0.5385096,Private
50331,0.04622217,Public
50333,0.3692484,Public
50336,0.516504,Public
50337,0.4590859,Private
50341,0.2954736,Public
50343,0.2000345,Public
50345,0.5153015,Private
50355,0.1586101,Private
50357,0.06294557,Public
50362,0.1936545,Public
50374,0.06359418,Public
50383,0.1251743,Private
50385,0.08374263,Public
50387,0.5092703,Private
50388,0.4667946,Public
50390,0.3393918,Public
50391,0.4597856,Public
50393,0.1348379,Public
50396,0.4669447,Public
50406,0.08557314,Private
50408,0.3067011,Public
50411,0.5242733,Private
50420,0.1215644,Public
50428,0.569988,Private
50430,0.4835612,Public
50435,0.1045153,Private
50438,0.4324528,Public
50445,0.5179977,Private
50448,0.3044402,Private
50457,0.7026994,Private
50460,0.4874547,Private
50468,0.5623311,Public
50477,0.6109424,Private
50478,0.4613747,Public
50481,0.09390678,Private
50489,0.4907254,Public
50492,0.5776665,Public
50493,0.6645303,Private
50494,0.1216761,Public
50500,0.1115891,Private
50508,0.5107075,Public
50511,0.07470684,Private
50513,0.6017513,Private
50516,0.07643314,Private
50517,0.6203215,Public
50519,0.473429,Public
50521,0.3807507,Public
50526,0.5964569,Public
50528,0.5244911,Private
50529,0.03900869,Public
50530,0.5495717,Public
50539,0.1919717,Public
50546,0.3929388,Private
50547,0.368541,Public
50551,0.7220363,Public
50553,0.08395175,Public
50568,0.5159296,Public
50572,0.2192454,Private
50574,0.3952112,Public
50575,0.06868906,Private
50577,0.5809925,Private
50583,0.5456982,Private
50588,0.3469262,Private
50599,0.6009467,Private
50601,0.2830271,Public
50603,0.363432,Public
50604,0.6092727,Private
50606,0.3718717,Private
50612,0.04646016,Private
50613,0.5142969,Public
50617,0.05138997,Public
50621,0.1169347,Public
50624,0.6684267,Public
50626,0.380714,Public
50629,0.1852834,Public
50636,0.6809438,Private
50637,0.6615808,Private
50639,0.1528773,Private
50643,0.2885647,Private
50646,0.2860721,Public
50654,0.2197924,Public
50658,0.6462101,Private
50659,0.1270405,Private
50665,0.5564866,Private
50668,0.4413621,Private
50669,0.3352007,Private
50672,0.08093906,Private
50677,0.06985452,Private
50690,0.1139283,Private
50697,0.2365678,Public
50701,0.07541297,Public
50705,0.4905947,Public
50708,0.08543758,Private
50710,0.2078632,Private
50711,0.06395295,Public
50713,0.06101774,Public
50715,0.3261674,Private
50717,0.6801614,Public
50719,0.4736118,Private
50721,0.3396907,Public
50726,0.5699121,Public
50728,0.6193666,Public
50729,0.3062271,Public
50733,0.5455744,Public
50734,0.03642653,Public
50755,0.4650503,Public
50762,0.2926157,Public
50772,0.1837771,Private
50775,0.2904027,Public
50782,0.06483004,Public
50799,0.4425477,Public
50801,0.09867273,Private
50802,0.630297,Private
50805,0.1396627,Private
50807,0.1727423,Private
50808,0.5540098,Public
50812,0.06381949,Private
50818,0.07921938,Public
50822,0.3049645,Private
50830,0.06039179,Public
50833,0.06387591,Public
50840,0.06753438,Private
50849,0.5583599,Private
50859,0.08924153,Private
50861,0.3654048,Public
50867,0.04197935,Public
50870,0.08576543,Public
50876,0.4786861,Public
50877,0.1507132,Public
50886,0.4956094,Public
50893,0.08562641,Private
50897,0.05146099,Public
50901,0.1651351,Private
50903,0.1067205,Private
50906,0.4852165,Private
50907,0.1891916,Public
50908,0.5470667,Public
50912,0.2001009,Public
50918,0.1492459,Private
50924,0.1711844,Public
50931,0.1882145,Public
50934,0.06249416,Private
50939,0.3487566,Private
50940,0.1704472,Private
50945,0.2192028,Public
50946,0.3860184,Private
50948,0.6539195,Public
50949,0.4865091,Public
50952,0.1121185,Private
50955,0.2016199,Private
50961,0.0284076,Public
50969,0.423651,Public
50971,0.4853981,Public
50975,0.5778859,Private
50979,0.2901964,Private
50986,0.6525368,Public
50990,0.1230491,Public
50993,0.6791501,Private
50998,0.5348787,Private
51001,0.1846623,Public
51003,0.540266,Private
51005,0.2156872,Private
51012,0.3391719,Public
51016,0.3544486,Private
51024,0.5070124,Private
51027,0.40874,Private
51028,0.3840874,Private
51030,0.1868014,Private
51033,0.7565682,Private
51039,0.3403468,Public
51040,0.1723593,Private
51042,0.2535273,Public
51044,0.4737845,Public
51047,0.4113587,Public
51048,0.02031156,Private
51052,0.5495816,Private
51057,0.1924014,Private
51083,0.5390635,Private
51087,0.07445204,Public
51097,0.3792017,Private
51098,0.1906537,Private
51105,0.3139186,Public
51112,0.08112307,Private
51115,0.4953326,Private
51116,0.5887225,Public
51119,0.5243565,Private
51134,0.3585671,Public
51137,0.4948495,Public
51142,0.0643492,Public
51148,0.4302228,Public
51151,0.09810167,Public
51153,0.2896878,Private
51163,0.2623212,Public
51168,0.1020495,Private
51184,0.08009665,Private
51195,0.596031,Public
51196,0.477554,Public
51214,0.3368749,Private
51222,0.5191094,Private
51224,0.1224168,Private
51226,0.06765965,Public
51248,0.07389593,Private
51257,0.09631214,Private
51259,0.1394518,Private
51272,0.1157944,Public
51284,0.6142807,Private
51287,0.5190116,Public
51293,0.5442547,Private
51298,0.255587,Private
51306,0.4355163,Private
51310,0.2213002,Public
51312,0.4818006,Private
51313,0.6537839,Public
51319,0.137375,Public
51322,0.2705371,Private
51324,0.5968771,Private
51330,0.1233308,Public
51331,0.06488593,Private
51334,0.5206447,Public
51337,0.09875485,Private
51356,0.134901,Private
51357,0.5178815,Private
51360,0.1330841,Private
51364,0.03775596,Private
51369,0.4804461,Public
51370,0.5710002,Private
51374,0.4517045,Public
51375,0.5365735,Public
51389,0.6181466,Private
51399,0.05134861,Public
51407,0.08533819,Public
51408,0.05571267,Private
51410,0.09461293,Public
51413,0.5184041,Public
51415,0.06979984,Public
51423,0.5535609,Public
51428,0.1548629,Private
51431,0.08306748,Private
51432,0.461137,Private
51434,0.07740688,Public
51444,0.2207527,Private
51448,0.6657324,Public
51455,0.1045313,Private
51458,0.1992951,Private
51464,0.2333336,Public
51466,0.4056753,Private
51468,0.06756604,Private
51474,0.1212915,Public
51481,0.6329859,Private
51482,0.5433736,Private
51493,0.06810684,Public
51500,0.5094367,Public
51501,0.4844594,Private
51502,0.1283663,Private
51507,0.07652339,Private
51514,0.5120864,Private
51524,0.1129218,Private
51529,0.6915337,Public
51534,0.193282,Public
51539,0.05424671,Public
51542,0.107997,Private
51543,0.2131713,Private
51550,0.1085623,Private
51553,0.1647078,Public
51559,0.5448781,Private
51567,0.4992628,Private
51571,0.1522766,Public
51574,0.1842742,Public
51578,0.283523,Private
51586,0.146092,Private
51588,0.02702422,Private
51603,0.07699386,Public
51612,0.4933437,Private
51616,0.1040964,Public
51618,0.4594083,Public
51626,0.3717183,Private
51628,0.5394512,Public
51630,0.6395178,Private
51631,0.1135469,Public
51632,0.3343756,Public
51638,0.1495316,Public
51644,0.0522368,Private
51645,0.02424237,Public
51649,0.643124,Public
51658,0.1384507,Public
51660,0.2661946,Public
51663,0.2058782,Private
51667,0.1713029,Public
51672,0.2539247,Public
51673,0.08136804,Private
51690,0.1127224,Public
51693,0.1172733,Private
51702,0.5757908,Public
51707,0.04884565,Private
51712,0.4772802,Public
51715,0.6275699,Public
51717,0.5949284,Public
51720,0.7316864,Private
51726,0.1408562,Public
51727,0.542325,Private
51730,0.5025146,Private
51742,0.06986924,Public
51745,0.1309237,Public
51756,0.5077228,Public
51759,0.266048,Private
51761,0.1534254,Private
51772,0.09106309,Private
51782,0.1901349,Public
51786,0.4174769,Private
51796,0.07090969,Public
51798,0.0808885,Public
51801,0.2857567,Public
51805,0.5718389,Public
51813,0.05428062,Private
51818,0.08738234,Private
51827,0.1351113,Public
51829,0.1554427,Public
51831,0.4408052,Private
51843,0.3854318,Private
51857,0.5208191,Public
51860,0.1229609,Public
51869,0.4528796,Private
51875,0.5891863,Private
51877,0.7350389,Private
51880,0.07632064,Public
51883,0.1925182,Private
51884,0.09914164,Public
51885,0.04315033,Private
51886,0.6934124,Public
51897,0.513029,Public
51902,0.5538461,Public
51913,0.1228118,Public
51919,0.04470902,Public
51920,0.5787869,Private
51921,0.5296134,Private
51924,0.349814,Private
51925,0.09665529,Public
51928,0.04123721,Public
51934,0.1711419,Public
51939,0.1145656,Public
51940,0.3228853,Public
51943,0.0958297,Private
51952,0.06493928,Private
51954,0.08836465,Public
51955,0.4731693,Private
51962,0.01182773,Private
51971,0.1474881,Public
51977,0.1893194,Private
51986,0.6138743,Public
51990,0.1338595,Public
51991,0.08222532,Private
51993,0.7066205,Private
51999,0.4212705,Public
52003,0.3021463,Public
52021,0.4034978,Private
52044,0.01802576,Public
52055,0.1662391,Private
52057,0.1616263,Private
52062,0.1546484,Public
52066,0.1574879,Private
52076,0.1138688,Private
52077,0.6683559,Private
52083,0.06554351,Public
52091,0.5573527,Public
52092,0.1189667,Public
52098,0.5628337,Private
52104,0.1694964,Private
52105,0.08299586,Private
52107,0.09992678,Private
52113,0.1167155,Public
52115,0.1118782,Public
52116,0.5209603,Private
52127,0.1135403,Private
52129,0.4834749,Private
52130,0.06652882,Public
52132,0.1203586,Public
52134,0.5016224,Private
52136,0.1819075,Public
52137,0.08961225,Public
52142,0.7102252,Private
52147,0.1405989,Private
52148,0.6349955,Private
52151,0.5167398,Private
52158,0.1349903,Private
52160,0.02097514,Public
52161,0.08380992,Public
52165,0.7531025,Private
52167,0.4284751,Public
52168,0.1764644,Private
52181,0.4045924,Private
52182,0.08932661,Public
52185,0.08379064,Private
52186,0.07893956,Private
52188,0.2603985,Public
52189,0.3458579,Public
52196,0.01366034,Private
52198,0.3236538,Public
52201,0.3245742,Public
52204,0.6354789,Private
52221,0.1375531,Private
52224,0.08445991,Private
52227,0.1574882,Private
52233,0.09230322,Private
52234,0.5846099,Public
52236,0.5838341,Public
52237,0.2592134,Private
52243,0.4998426,Public
52248,0.4877247,Private
52249,0.0738085,Private
52251,0.08434281,Public
52253,0.2856556,Private
52256,0.09640272,Private
52265,0.2361643,Private
52268,0.07860781,Public
52269,0.1955296,Private
52271,0.1940886,Public
52275,0.5008776,Private
52284,0.1242403,Private
52290,0.0778612,Public
52300,0.04404825,Public
52307,0.3871613,Private
52311,0.5030255,Private
52320,0.6007093,Public
52326,0.2794057,Private
52327,0.1998847,Private
52328,0.7052138,Public
52329,0.1584518,Private
52330,0.5119174,Public
52331,0.1824299,Public
52335,0.531725,Private
52342,0.1741453,Public
52344,0.585006,Private
52347,0.1373491,Private
52349,0.5933863,Private
52357,0.3498704,Public
52375,0.08529352,Public
52389,0.4237941,Private
52393,0.1890835,Private
52395,0.6373878,Private
52409,0.3242982,Public
52413,0.122939,Public
52414,0.5002535,Public
52428,0.4316528,Private
52433,0.165805,Public
52442,0.247294,Private
52446,0.09451214,Public
52452,0.3091368,Public
52474,0.2441145,Private
52482,0.09560879,Private
52487,0.09611273,Private
52492,0.3160044,Public
52494,0.5682899,Private
52495,0.1101184,Public
52499,0.06392676,Private
52508,0.5353151,Private
52509,0.1215631,Public
52527,0.2250276,Private
52528,0.3610329,Public
52540,0.07008552,Public
52550,0.3365818,Public
52551,0.2463389,Public
52576,0.3587592,Private
52579,0.3535216,Private
52587,0.4986379,Private
52603,0.05185834,Private
52611,0.3586702,Private
52620,0.1295224,Public
52627,0.06944618,Public
52635,0.7202762,Public
52638,0.4161928,Private
52647,0.1914992,Private
52648,0.09384947,Private
52652,0.5817778,Public
52656,0.07182824,Public
52662,0.1806958,Private
52664,0.4784373,Public
52669,0.4539851,Private
52672,0.2733579,Public
52683,0.05779306,Public
52691,0.6084926,Private
52703,0.2459857,Private
52709,0.4064506,Private
52712,0.1041709,Public
52714,0.7151629,Public
52719,0.1684433,Private
52726,0.4906746,Private
52732,0.4777433,Public
52733,0.06855001,Private
52736,0.09489451,Public
52748,0.1644243,Public
52756,0.05673914,Private
52771,0.054451,Private
52772,0.09457829,Public
52774,0.2769571,Public
52776,0.6052642,Private
52780,0.356242,Private
52781,0.149795,Private
52796,0.2278113,Public
52797,0.1810101,Private
52798,0.232631,Private
52799,0.3881113,Private
52800,0.148984,Public
52802,0.07179256,Private
52805,0.1495961,Private
52813,0.3494641,Private
52815,0.4409959,Private
52832,0.3277027,Private
52833,0.07585688,Public
52853,0.1246338,Public
52870,0.0631957,Private
52874,0.3651867,Public
52879,0.1234744,Public
52882,0.1490625,Private
52887,0.1286567,Public
52890,0.2670736,Private
52893,0.1697589,Public
52921,0.523512,Public
52927,0.01039793,Public
52930,0.1008437,Private
52948,0.1794193,Private
52949,0.2894548,Public
52953,0.358672,Public
52955,0.1563651,Public
52960,0.3383152,Private
52967,0.1799141,Private
52975,0.4074857,Private
52979,0.2350459,Public
52982,0.1180175,Private
52992,0.07074285,Public
52995,0.1078953,Public
52999,0.1914411,Public
53002,0.5250746,Public
53006,0.3207488,Public
53009,0.6106329,Private
53010,0.4203715,Public
53013,0.1882937,Private
53014,0.5174844,Private
53015,0.5928642,Private
53019,0.5741249,Public
53024,0.7977238,Private
53025,0.6487083,Public
53026,0.6532668,Public
53027,0.1797232,Public
53028,0.1077316,Private
53031,0.1493229,Private
53046,0.549862,Private
53051,0.1088302,Private
53053,0.6958242,Private
53061,0.07415292,Private
53072,0.7056017,Private
53076,0.4617464,Public
53079,0.3748686,Private
53080,0.1954757,Private
53084,0.4707192,Private
53095,0.5098378,Public
53096,0.3144453,Public
53106,0.444777,Private
53117,0.1986174,Public
53121,0.1074714,Public
53143,0.4437491,Private
53144,0.03308752,Private
53149,0.1602774,Private
53161,0.09447455,Private
53171,0.2017768,Public
53173,0.0648547,Public
53175,0.1294539,Private
53177,0.05041762,Public
53205,0.03076822,Private
53214,0.6081692,Private
53218,0.1850925,Private
53222,0.146008,Private
53223,0.5361625,Private
53233,0.5392358,Private
53238,0.4078933,Public
53242,0.5928065,Public
53243,0.09949008,Public
53251,0.5180569,Private
53257,0.4829865,Public
53260,0.4674095,Private
53268,0.5915429,Private
53270,0.1221293,Public
53276,0.5192256,Private
53281,0.05221917,Public
53294,0.04398089,Public
53302,0.08312854,Public
53309,0.5976295,Public
53311,0.3380352,Private
53312,0.4600284,Private
53326,0.5354524,Private
53330,0.06482137,Private
53331,0.4674265,Private
53333,0.5309655,Private
53351,0.08532745,Private
53352,0.1190975,Public
53363,0.05253044,Private
53364,0.1019691,Private
53365,0.225716,Public
53370,0.6763114,Public
53374,0.1260714,Public
53380,0.1791954,Public
53384,0.3756327,Private
53389,0.05094799,Public
53394,0.08222467,Private
53410,0.2075486,Private
53412,0.05586963,Public
53413,0.08089914,Private
53420,0.5321915,Private
53441,0.09152495,Private
53442,0.5259646,Public
53444,0.401336,Private
53450,0.2805666,Public
53452,0.2963317,Public
53459,0.1931732,Public
53463,0.4179327,Public
53472,0.1412762,Private
53473,0.52663,Public
53494,0.173815,Private
53502,0.6582699,Public
53516,0.312163,Private
53517,0.4330873,Public
53520,0.5782815,Private
53521,0.2109771,Private
53526,0.5371433,Public
53533,0.2584164,Private
53535,0.4713022,Public
53544,0.371869,Private
53546,0.7385332,Private
53551,0.2857949,Public
53554,0.4663995,Public
53555,0.1291353,Public
53574,0.08620974,Private
53583,0.5007186,Private
53592,0.6394229,Public
53595,0.2202438,Public
53609,0.5440522,Public
53616,0.6602197,Private
53619,0.115735,Public
53625,0.0745544,Public
53629,0.2688656,Private
53632,0.422818,Public
53634,0.09873594,Private
53639,0.3062603,Public
53648,0.1796793,Public
53664,0.663636,Private
53668,0.4419037,Public
53678,0.09068854,Public
53682,0.582885,Private
53687,0.4617724,Private
53693,0.1928263,Private
53707,0.643566,Public
53739,0.5704325,Public
53740,0.1221446,Public
53744,0.2863517,Private
53747,0.07565502,Private
53767,0.4734999,Private
53772,0.4762219,Private
53775,0.1139922,Public
53785,0.06655575,Private
53790,0.4987272,Public
53798,0.5002104,Public
53803,0.5602311,Private
53806,0.03972206,Private
53811,0.07231238,Public
53813,0.09615051,Public
53817,0.1295037,Private
53822,0.2526706,Public
53836,0.1680164,Private
53839,0.606616,Private
53863,0.1410821,Public
53865,0.07702559,Public
53871,0.4251222,Public
53879,0.09261841,Private
53884,0.07841296,Public
53900,0.02652615,Private
53909,0.6456708,Public
53910,0.6232898,Private
53911,0.0733633,Public
53915,0.358,Public
53932,0.6504592,Private
53934,0.1546665,Private
53938,0.1737566,Public
53942,0.6046187,Public
53947,0.5456125,Private
53950,0.1210591,Public
53952,0.3542404,Public
53968,0.1241232,Public
53969,0.7322243,Public
53974,0.3206908,Private
53987,0.4251453,Private
53997,0.1023035,Private
54017,0.4805492,Private
54020,0.06147042,Public
54021,0.07311592,Private
54028,0.4286722,Public
54030,0.2353593,Public
54033,0.1054677,Private
54040,0.5248936,Public
54045,0.4540889,Public
54061,0.1930983,Public
54068,0.1503018,Private
54078,0.3124061,Public
54079,0.6354189,Private
54081,0.4427081,Private
54091,0.4796716,Private
54093,0.3500973,Public
54097,0.3898596,Private
54098,0.5611678,Public
54110,0.10377,Private
54120,0.4465028,Private
54122,0.6119068,Public
54131,0.1030226,Private
54144,0.4672553,Private
54145,0.1464463,Public
54149,0.03538509,Public
54154,0.1151599,Private
54160,0.6938472,Private
54165,0.4544978,Private
54176,0.634334,Public
54182,0.07712834,Private
54189,0.1447619,Private
54195,0.2311984,Private
54199,0.1057394,Public
54200,0.2312344,Public
54203,0.1343981,Private
54205,0.5728559,Public
54210,0.06543208,Public
54213,0.7787165,Private
54215,0.5577471,Public
54219,0.5480465,Public
54220,0.080371,Public
54225,0.05251567,Private
54235,0.05367297,Private
54237,0.07560326,Public
54238,0.09257349,Public
54240,0.1724927,Private
54245,0.1206274,Public
54253,0.1235186,Private
54254,0.07713515,Private
54261,0.2349187,Public
54268,0.5796129,Public
54273,0.2640993,Public
54281,0.1680592,Private
54290,0.6405938,Public
54302,0.4728072,Private
54304,0.09092368,Private
54306,0.09558799,Private
54312,0.2682429,Private
54313,0.1332671,Public
54316,0.2311806,Private
54318,0.06629744,Private
54319,0.1016302,Public
54327,0.3994281,Public
54330,0.4581744,Public
54333,0.213698,Public
54336,0.4718689,Private
54337,0.1168703,Public
54340,0.555318,Private
54341,0.458053,Private
54348,0.2423391,Public
54353,0.1082941,Private
54359,0.4698403,Public
54362,0.04090651,Public
54380,0.2646144,Public
54383,0.1271299,Public
54384,0.08609153,Public
54387,0.4348689,Public
54391,0.1606609,Public
54399,0.1150214,Public
54400,0.05909908,Private
54401,0.6780502,Public
54412,0.6511579,Private
54418,0.1088758,Private
54431,0.105365,Private
54435,0.06553932,Private
54437,0.6417916,Private
54453,0.6103564,Private
54459,0.07128291,Private
54460,0.3246868,Private
54462,0.1397861,Public
54469,0.5984711,Private
54471,0.0996497,Private
54478,0.5114498,Public
54479,0.5604171,Private
54486,0.5785291,Private
54499,0.09550861,Private
54504,0.01757189,Public
54512,0.06357037,Public
54515,0.09473201,Public
54530,0.08312404,Private
54532,0.1367382,Private
54544,0.4940179,Private
54545,0.1815666,Public
54553,0.1344475,Public
54555,0.2758533,Private
54567,0.5781943,Private
54575,0.2345384,Private
54583,0.09735761,Public
54587,0.5003726,Public
54592,0.3515728,Private
54596,0.1932213,Private
54604,0.5067313,Public
54606,0.4889356,Private
54607,0.1402975,Private
54610,0.1129375,Private
54615,0.09023888,Public
54620,0.1251236,Public
54624,0.2787823,Private
54633,0.1986348,Private
54638,0.1230186,Private
54639,0.3604213,Private
54643,0.5315514,Public
54645,0.07371959,Public
54646,0.2597228,Public
54649,0.1092577,Private
54659,0.04561737,Public
54672,0.1037224,Private
54675,0.494357,Private
54679,0.5515677,Private
54681,0.2027221,Private
54691,0.4572772,Private
54693,0.325189,Public
54698,0.04226339,Private
54699,0.2053437,Public
54703,0.4705644,Public
54708,0.02610513,Private
54710,0.6228406,Private
54711,0.5028085,Private
54712,0.770355,Public
54714,0.4982028,Private
54715,0.06853363,Private
54722,0.05404563,Private
54740,0.4288011,Public
54745,0.274325,Private
54748,0.3904564,Private
54754,0.03622593,Private
54756,0.5017997,Public
54766,0.1244633,Private
54771,0.08178961,Public
54774,0.162881,Public
54781,0.5366995,Public
54786,0.3975947,Private
54795,0.309885,Private
54796,0.1901697,Public
54797,0.4269442,Public
54800,0.574273,Public
54808,0.05331142,Public
54812,0.1161614,Private
54816,0.08400708,Public
54818,0.5580909,Public
54823,0.5659817,Private
54836,0.1021912,Public
54841,0.01517571,Private
54842,0.2696151,Private
54843,0.2997134,Private
54845,0.1338924,Private
54847,0.08967533,Public
54850,0.3862251,Private
54857,0.6690941,Private
54862,0.1332298,Public
54869,0.3824437,Private
54880,0.1850965,Private
54886,0.1311878,Private
54892,0.60073,Private
54909,0.02037547,Public
54911,0.2885451,Private
54912,0.07385943,Private
54913,0.1339762,Private
54917,0.5725791,Public
54918,0.1419114,Private
54921,0.1493499,Private
54933,0.160109,Public
54935,0.1837268,Private
54941,0.34534,Private
54943,0.7821911,Private
54951,0.207322,Private
54957,0.5704614,Public
54962,0.3262444,Private
54970,0.4849328,Private
54973,0.1525281,Private
54989,0.6104445,Public
55006,0.1386325,Public
55008,0.4676236,Private
55013,0.07160375,Public
55016,0.5482141,Private
55021,0.7863336,Private
55026,0.06122544,Private
55029,0.08067809,Public
55030,0.2746849,Private
55031,0.3863481,Public
55032,0.5071152,Private
55037,0.1651444,Public
55038,0.255255,Private
55041,0.532459,Public
55043,0.134567,Public
55044,0.1346246,Private
55046,0.6028587,Private
55048,0.2373894,Private
55059,0.07863279,Private
55063,0.1671661,Private
55069,0.6060413,Public
55076,0.09908311,Private
55077,0.03320389,Private
55087,0.4319198,Private
55090,0.09985984,Public
55096,0.2289827,Private
55097,0.6953471,Public
55099,0.535885,Private
55103,0.02544038,Private
55106,0.3473636,Private
55107,0.6349295,Public
55114,0.09687363,Public
55123,0.425053,Public
55129,0.0414901,Public
55147,0.5236534,Public
55152,0.6793811,Private
55161,0.08819594,Public
55162,0.1017599,Public
55165,0.6185575,Private
55168,0.4086934,Public
55175,0.03260205,Public
55176,0.07208581,Private
55178,0.1007665,Public
55180,0.04919151,Public
55182,0.4290229,Private
55184,0.2196701,Public
55186,0.1256266,Public
55188,0.1089557,Public
55192,0.6312733,Public
55197,0.08950906,Private
55200,0.6724969,Public
55204,0.5563223,Public
55206,0.08345248,Public
55208,0.08423541,Private
55215,0.1357238,Public
55220,0.212104,Private
55230,0.5563907,Public
55235,0.1841427,Private
55240,0.1271741,Public
55243,0.1090314,Public
55244,0.6139719,Private
55248,0.3931122,Public
55249,0.09836914,Private
55255,0.06476621,Private
55256,0.2666354,Private
55261,0.221287,Public
55262,0.6294407,Private
55264,0.2441195,Public
55267,0.2874275,Private
55268,0.08973432,Private
55276,0.3598266,Private
55279,0.1368999,Private
55283,0.6042115,Private
55284,0.237141,Private
55296,0.5105623,Public
55304,0.5466455,Private
55309,0.09633663,Public
55311,0.1447103,Public
55312,0.6514814,Private
55313,0.135996,Public
55316,0.4919419,Private
55318,0.06235752,Public
55324,0.3181625,Public
55329,0.5563423,Private
55332,0.5901113,Public
55333,0.4978539,Private
55337,0.3513957,Private
55342,0.499979,Private
55350,0.157739,Public
55355,0.2235601,Private
55361,0.04184375,Public
55371,0.1081422,Public
55372,0.3209822,Public
55381,0.1209278,Public
55388,0.1233034,Private
55390,0.3587445,Public
55393,0.06800852,Public
55398,0.5534369,Private
55401,0.3231153,Public
55409,0.07338435,Public
55412,0.4641254,Public
55413,0.5426033,Public
55415,0.5122759,Private
55416,0.112551,Private
55419,0.5163697,Private
55420,0.1374459,Private
55421,0.5084851,Public
55426,0.07873326,Private
55430,0.05446,Public
55432,0.2070972,Public
55438,0.3607177,Public
55467,0.6276556,Public
55468,0.1660452,Private
55476,0.5607987,Public
55479,0.2245112,Public
55480,0.6069077,Public
55486,0.5870857,Private
55491,0.04059146,Private
55499,0.6860258,Private
55501,0.0850009,Private
55506,0.1049011,Private
55512,0.3305854,Public
55514,0.102167,Public
55517,0.345838,Public
55533,0.05754551,Public
55535,0.1660147,Private
55547,0.07845795,Public
55554,0.1709336,Public
55556,0.06385764,Private
55561,0.1026763,Public
55565,0.153262,Public
55568,0.5048605,Public
55571,0.5459902,Private
55578,0.4932378,Public
55591,0.6191265,Public
55597,0.1718621,Public
55598,0.2179498,Private
55609,0.2444794,Public
55612,0.1466652,Public
55618,0.6540598,Private
55619,0.5410023,Private
55621,0.6108103,Public
55633,0.3989232,Public
55645,0.3179871,Public
55648,0.04690119,Private
55654,0.4476765,Public
55658,0.5239226,Private
55659,0.1104592,Private
55661,0.5145446,Private
55665,0.4002885,Public
55668,0.541485,Private
55673,0.7845911,Private
55677,0.1343475,Private
55680,0.6697045,Public
55685,0.05885683,Private
55690,0.1913572,Private
55692,0.2173342,Private
55696,0.5128455,Private
55698,0.4509892,Private
55710,0.4714952,Public
55711,0.09587306,Private
55715,0.2443382,Private
55718,0.5029433,Private
55723,0.600762,Public
55728,0.137688,Public
55731,0.3514305,Private
55734,0.5954386,Private
55735,0.2703836,Public
55739,0.1416281,Public
55744,0.1050171,Private
55745,0.1325643,Private
55746,0.08873657,Public
55751,0.3501252,Public
55754,0.04975258,Public
55755,0.3174875,Public
55761,0.5385251,Private
55766,0.3141649,Private
55771,0.1472299,Private
55773,0.06995909,Private
55775,0.1278112,Public
55778,0.08041364,Public
55779,0.4291985,Public
55781,0.03702825,Public
55786,0.1803472,Private
55797,0.267031,Public
55798,0.1048202,Private
55805,0.6463296,Public
55808,0.1040258,Public
55809,0.2881074,Public
55820,0.1072663,Private
55822,0.06602214,Private
55823,0.6033276,Private
55826,0.6586851,Public
55828,0.1332476,Private
55830,0.03725295,Private
55831,0.1399204,Public
55833,0.3362575,Public
55835,0.1278149,Public
55839,0.07804846,Public
55841,0.05350629,Private
55842,0.3464822,Public
55856,0.1019424,Private
55860,0.6941351,Private
55863,0.4998198,Public
55872,0.3045749,Private
55878,0.1454539,Public
55892,0.05520092,Public
55894,0.09015784,Public
55896,0.4022109,Public
55897,0.4137214,Public
55904,0.5298585,Private
55913,0.3772515,Private
55915,0.132036,Private
55916,0.1246811,Public
55918,0.4448106,Private
55919,0.3928638,Public
55922,0.02263359,Private
55934,0.5915561,Private
55942,0.6530508,Private
55954,0.5369601,Public
55956,0.1852023,Private
55961,0.6054735,Private
55963,0.3960971,Public
55965,0.03770944,Private
55982,0.1109904,Public
55983,0.4595822,Private
55989,0.545843,Private
55991,0.09374503,Private
56006,0.4438328,Public
56017,0.6615294,Public
56022,0.0274694,Public
56023,0.02812113,Public
56030,0.4671417,Private
56035,0.483437,Public
56044,0.06451062,Private
56049,0.5195822,Public
56053,0.06543949,Public
56058,0.06929534,Public
56063,0.5087472,Public
56071,0.03263481,Public
56078,0.1795883,Public
56087,0.07569512,Public
56088,0.2642968,Public
56091,0.08299268,Private
56095,0.1534684,Private
56096,0.5053963,Private
56105,0.09641714,Public
56115,0.4546662,Public
56116,0.6036812,Public
56117,0.2401737,Private
56125,0.05162614,Private
56131,0.5444471,Public
56132,0.4203671,Public
56133,0.6214945,Public
56138,0.1420127,Public
56141,0.04779217,Private
56143,0.1335189,Public
56144,0.5020499,Public
56147,0.1927622,Public
56151,0.08779898,Public
56152,0.4274574,Public
56154,0.2631118,Public
56160,0.4492723,Public
56165,0.6004069,Public
56172,0.0933985,Private
56174,0.611993,Private
56176,0.1154142,Public
56178,0.4983004,Private
56179,0.4414185,Public
56184,0.1421736,Private
56194,0.1014736,Private
56196,0.06132133,Public
56207,0.1329885,Public
56210,0.3395133,Private
56221,0.1430786,Public
56227,0.1340379,Public
56232,0.06031223,Private
56233,0.1539565,Public
56234,0.2638211,Private
56235,0.4950001,Private
56238,0.175261,Private
56240,0.3543817,Private
56241,0.6394273,Private
56247,0.1142626,Private
56249,0.1075596,Private
56250,0.5386429,Private
56251,0.1873472,Private
56264,0.5686522,Private
56271,0.1295613,Private
56273,0.06347515,Public
56276,0.2484729,Private
56289,0.09922877,Public
56298,0.4485357,Public
56305,0.1710306,Public
56306,0.5879694,Private
56307,0.5556121,Private
56309,0.09836866,Public
56313,0.4033385,Public
56317,0.526197,Public
56319,0.1501389,Public
56321,0.07874611,Public
56325,0.0454164,Private
56326,0.1101303,Public
56332,0.0744343,Public
56333,0.4970045,Public
56344,0.2134221,Private
56354,0.278214,Private
56356,0.1569681,Public
56358,0.4979053,Public
56361,0.4868887,Private
56363,0.1738956,Public
56373,0.08041236,Private
56377,0.3916036,Private
56378,0.5001943,Private
56381,0.1181472,Private
56387,0.4961519,Public
56388,0.05028589,Public
56392,0.1079813,Public
56396,0.1161185,Public
56397,0.6674513,Public
56398,0.1322275,Public
56406,0.02075349,Private
56408,0.1355779,Public
56411,0.1021238,Private
56414,0.7645418,Public
56416,0.3220619,Public
56422,0.2181144,Public
56437,0.01823102,Private
56440,0.1516634,Private
56441,0.0557928,Private
56446,0.1852868,Public
56447,0.3800421,Public
56463,0.1046295,Private
56481,0.4484984,Public
56488,0.637026,Public
56491,0.1113311,Public
56492,0.1482327,Public
56494,0.2956524,Public
56503,0.4104653,Public
56516,0.1166612,Private
56521,0.05221787,Private
56523,0.05914621,Public
56526,0.4863259,Public
56531,0.06490871,Private
56532,0.09722814,Public
56539,0.1758468,Private
56541,0.228457,Public
56547,0.1429779,Private
56548,0.08800945,Private
56549,0.4949259,Public
56550,0.06039716,Private
56556,0.6036478,Private
56561,0.5635945,Private
56563,0.3898841,Public
56565,0.143,Public
56570,0.4604009,Public
56572,0.06623349,Private
56573,0.4516324,Public
56574,0.02961886,Public
56575,0.1831272,Private
56578,0.1487693,Public
56583,0.4180629,Private
56586,0.6672168,Public
56588,0.5325873,Private
56597,0.6236532,Public
56614,0.1395506,Public
56622,0.1519914,Private
56624,0.2650973,Public
56625,0.1055708,Public
56627,0.4103372,Public
56630,0.6258531,Private
56633,0.07496258,Public
56635,0.1182952,Public
56638,0.6827968,Public
56652,0.2471889,Public
56655,0.1115554,Private
56661,0.6525459,Public
56677,0.5124022,Private
56680,0.6354463,Private
56683,0.2574638,Private
56690,0.04368167,Private
56697,0.1112702,Public
56699,0.2194012,Private
56700,0.03932451,Private
56704,0.141919,Private
56731,0.3789434,Public
56733,0.08358371,Public
56738,0.7142153,Private
56746,0.2410404,Public
56747,0.2798944,Private
56751,0.09263512,Public
56754,0.1885805,Private
56759,0.6590812,Public
56768,0.06670894,Public
56782,0.06713983,Public
56790,0.226174,Private
56792,0.03279721,Private
56793,0.09172643,Private
56795,0.1112318,Private
56799,0.4755917,Private
56800,0.1324801,Private
56805,0.5586839,Private
56809,0.5837633,Private
56815,0.2892375,Private
56819,0.1203393,Public
56827,0.5859208,Private
56830,0.1558883,Public
56831,0.5025892,Public
56835,0.4095074,Private
56846,0.4996747,Private
56849,0.047109,Public
56851,0.4732205,Public
56862,0.489281,Private
56866,0.1388183,Public
56869,0.3195838,Public
56878,0.3814334,Private
56879,0.5469205,Private
56880,0.1251634,Private
56882,0.4718041,Private
56886,0.1289293,Public
56888,0.1538662,Public
56889,0.1049141,Private
56892,0.07039689,Private
56893,0.06629945,Public
56901,0.1514978,Public
56908,0.106148,Public
56911,0.0871662,Public
56918,0.7781213,Public
56920,0.5214935,Public
56921,0.2503715,Private
56922,0.1875723,Public
56942,0.2253503,Private
56947,0.171231,Private
56950,0.1634735,Private
56955,0.1440006,Private
56958,0.1019583,Public
56959,0.5307575,Public
56964,0.3388965,Private
56965,0.6064331,Public
56967,0.4967956,Public
56974,0.0258292,Public
56977,0.06780351,Private
56979,0.07104364,Public
56982,0.09143901,Public
56984,0.06939342,Public
56985,0.09888745,Private
56987,0.5851471,Public
56997,0.1046986,Private
57003,0.5294067,Private
57009,0.4839326,Public
57013,0.2653875,Public
57014,0.2306258,Private
57016,0.5698824,Private
57021,0.1006486,Public
57022,0.08009557,Public
57026,0.1032499,Public
57032,0.2725787,Public
57033,0.1814214,Public
57042,0.5100584,Public
57043,0.02917332,Public
57055,0.5158207,Private
57056,0.08498829,Private
57062,0.3386985,Private
57065,0.4435957,Private
57072,0.1666814,Private
57089,0.4320058,Public
57091,0.08341199,Private
57103,0.05683713,Public
57104,0.1080864,Private
57108,0.05365885,Private
57114,0.5621797,Private
57124,0.1450704,Public
57132,0.02152701,Private
57134,0.06667425,Public
57135,0.5061199,Public
57138,0.1300252,Public
57141,0.5123995,Public
57149,0.5548146,Private
57153,0.3585118,Public
57154,0.07810591,Public
57169,0.08590915,Private
57174,0.08351299,Private
57175,0.5477167,Public
57183,0.05736586,Private
57184,0.3717892,Private
57190,0.4989313,Public
57196,0.1233208,Private
57199,0.5034977,Private
57204,0.4418842,Public
57205,0.2391217,Public
57207,0.03240766,Public
57221,0.07540816,Private
57225,0.4245671,Public
57228,0.5964965,Public
57230,0.1210184,Private
57233,0.08053266,Private
57241,0.4743856,Public
57255,0.03131595,Public
57256,0.1716336,Public
57263,0.1367514,Private
57265,0.07606973,Public
57266,0.07071775,Public
57268,0.6717513,Private
57275,0.5950469,Public
57277,0.5391394,Public
57287,0.02568808,Private
57290,0.09932551,Public
57295,0.09487864,Private
57298,0.157776,Private
57300,0.09073907,Public
57320,0.4718853,Private
57324,0.1971211,Private
57326,0.09284019,Private
57331,0.07386521,Private
57333,0.1545214,Public
57346,0.08782889,Public
57353,0.4634597,Private
57371,0.2969265,Public
57372,0.398556,Public
57378,0.3767955,Public
57384,0.05552541,Public
57388,0.1426504,Private
57389,0.07412646,Private
57391,0.1369485,Private
57395,0.07230508,Public
57396,0.5512383,Public
57410,0.08947884,Private
57415,0.04578084,Public
57417,0.3632936,Private
57418,0.5587736,Private
57427,0.07740617,Public
57429,0.1373973,Public
57433,0.07626169,Private
57435,0.4336695,Public
57439,0.225193,Private
57442,0.5713624,Private
57443,0.1097051,Public
57450,0.4386659,Private
57458,0.07504077,Public
57467,0.3120202,Public
57473,0.6513209,Private
57480,0.5093856,Private
57492,0.3902286,Private
57500,0.1385982,Private
57505,0.02494559,Private
57514,0.1943091,Public
57520,0.5818452,Public
57530,0.1013707,Public
57535,0.105411,Public
57545,0.07121065,Public
57557,0.08621725,Private
57560,0.1710501,Public
57563,0.2372988,Private
57572,0.1284634,Private
57589,0.464553,Private
57600,0.07950218,Public
57602,0.1099143,Private
57608,0.3394035,Private
57609,0.07981778,Public
57615,0.04787086,Public
57616,0.15569,Public
57619,0.1157085,Private
57620,0.5022129,Private
57623,0.1632943,Public
57632,0.08870473,Private
57645,0.4882773,Public
57649,0.05220243,Public
57654,0.1425368,Private
57656,0.09904869,Private
57660,0.2031521,Private
57676,0.7070653,Public
57679,0.05601814,Public
57692,0.1229725,Public
57693,0.4752401,Public
57702,0.3835469,Public
57705,0.6116368,Private
57713,0.06144596,Private
57714,0.1394404,Public
57716,0.6196863,Public
57724,0.3423255,Public
57727,0.1380381,Public
57730,0.3925482,Private
57732,0.04481183,Public
57737,0.2002294,Private
57745,0.2965456,Public
57748,0.4725462,Public
57755,0.04791896,Private
57757,0.1587113,Public
57761,0.04863204,Public
57767,0.1573675,Private
57769,0.1389482,Public
57771,0.4740891,Public
57772,0.1674246,Public
57775,0.2916122,Public
57784,0.3223138,Private
57786,0.5369509,Public
57788,0.2577929,Private
57796,0.1905526,Private
57797,0.4903144,Public
57799,0.2110394,Public
57801,0.495901,Public
57802,0.5575106,Public
57803,0.5854923,Public
57804,0.06664159,Private
57805,0.1521334,Public
57811,0.2740401,Public
57813,0.06810088,Private
57819,0.5061245,Private
57823,0.1579493,Public
57828,0.6029041,Public
57836,0.07799613,Private
57849,0.05856887,Public
57851,0.2640831,Private
57853,0.529787,Private
57854,0.3408504,Private
57857,0.3954231,Public
57865,0.02511178,Public
57866,0.1515424,Public
57874,0.2118491,Private
57879,0.5218055,Private
57888,0.4136383,Private
57889,0.5111748,Private
57893,0.06411525,Private
57894,0.08359376,Private
57906,0.03183088,Public
57911,0.4731944,Public
57913,0.6499608,Private
57920,0.1992987,Private
57923,0.6784903,Public
57926,0.425864,Private
57932,0.07617394,Public
57935,0.1097663,Public
57939,0.4499677,Private
57941,0.1139704,Public
57944,0.3367673,Private
57954,0.564264,Private
57955,0.1823657,Private
57966,0.4441815,Public
57980,0.03133906,Private
57981,0.1337445,Public
57986,0.1116336,Private
57987,0.07935864,Public
57988,0.5634246,Private
57993,0.4846466,Private
57995,0.1221735,Public
58001,0.1867442,Public
58002,0.2073737,Public
58005,0.06526368,Private
58008,0.4587056,Private
58013,0.1871983,Private
58017,0.5260026,Private
58026,0.5716829,Public
58027,0.5872103,Private
58031,0.5851321,Public
58032,0.4843633,Private
58046,0.03463337,Public
58047,0.1009513,Private
58049,0.617439,Public
58051,0.04205411,Public
58053,0.5494943,Public
58065,0.3527299,Private
58066,0.5285399,Private
58067,0.5534949,Public
58070,0.1090451,Public
58073,0.1270776,Public
58095,0.4560086,Private
58097,0.1438903,Private
58105,0.1250691,Private
58122,0.07687616,Private
58123,0.04736122,Public
58139,0.2635568,Public
58141,0.07581379,Private
58144,0.4487005,Private
58150,0.6276553,Public
58160,0.1090811,Private
58161,0.1244614,Public
58168,0.3552946,Public
58171,0.4389424,Public
58176,0.06171235,Private
58177,0.155332,Private
58182,0.06338326,Private
58185,0.2646723,Private
58186,0.4759297,Private
58188,0.04933394,Public
58194,0.6846536,Private
58204,0.3326978,Public
58209,0.2000239,Private
58215,0.529555,Public
58219,0.09513006,Public
58226,0.4465861,Private
58228,0.1385015,Public
58232,0.1029527,Public
58235,0.6335667,Private
58241,0.08666024,Private
58243,0.5868778,Public
58249,0.08968683,Public
58251,0.5960912,Public
58255,0.3353574,Private
58260,0.4402409,Private
58268,0.2684157,Public
58272,0.1477383,Private
58279,0.1014798,Private
58282,0.2281775,Private
58283,0.09557815,Public
58326,0.5226345,Private
58328,0.05992899,Private
58334,0.0414613,Public
58335,0.02992021,Public
58342,0.1811761,Public
58348,0.1109318,Public
58360,0.4952939,Private
58382,0.1252724,Private
58390,0.5481984,Public
58391,0.1121529,Private
58394,0.3752696,Public
58397,0.5501326,Private
58408,0.179687,Public
58414,0.2501507,Private
58418,0.3689015,Private
58420,0.3880351,Private
58434,0.05943047,Private
58436,0.3687774,Public
58445,0.261423,Private
58446,0.4931861,Private
58453,0.7641658,Public
58465,0.552824,Private
58466,0.1375242,Public
58473,0.1135473,Public
58478,0.03991968,Private
58479,0.08959398,Public
58480,0.2785902,Public
58481,0.494361,Public
58499,0.4749264,Private
58502,0.0670834,Private
58513,0.2749349,Public
58528,0.1249755,Private
58531,0.4581068,Private
58535,0.7321886,Private
58541,0.09519269,Private
58548,0.5909936,Private
58552,0.07626158,Public
58557,0.07651354,Public
58560,0.06674223,Private
58565,0.02724045,Public
58574,0.3109234,Public
58576,0.4713209,Public
58579,0.1161646,Public
58581,0.4016624,Private
58582,0.08326458,Public
58584,0.1126788,Private
58585,0.09232193,Private
58595,0.09979054,Public
58596,0.07268248,Public
58597,0.05225069,Public
58600,0.7638304,Private
58601,0.2864948,Public
58606,0.06794356,Private
58608,0.01194965,Public
58609,0.1334631,Public
58618,0.2152438,Public
58620,0.07582605,Public
58627,0.13483,Public
58630,0.1054939,Private
58643,0.04588468,Public
58645,0.3716734,Private
58650,0.2496122,Private
58653,0.06040052,Private
58655,0.5178714,Private
58656,0.6866902,Public
58671,0.084003,Private
58692,0.08979167,Public
58701,0.2633811,Private
58703,0.03321157,Public
58704,0.09227535,Private
58706,0.2575847,Private
58712,0.1131683,Private
58715,0.3591117,Public
58726,0.02514963,Private
58730,0.02497318,Private
58734,0.05636481,Public
58735,0.5841627,Public
58739,0.6306913,Public
58741,0.07879525,Public
58745,0.4836964,Private
58754,0.3081913,Public
58755,0.1599678,Private
58759,0.5319187,Private
58760,0.1269371,Private
58762,0.4640611,Private
58764,0.5228226,Private
58765,0.5118966,Private
58770,0.5295619,Public
58773,0.5297093,Private
58784,0.4176334,Private
58786,0.07248788,Public
58791,0.7896314,Private
58792,0.1286884,Private
58798,0.07090657,Public
58799,0.04048939,Private
58806,0.1061538,Private
58810,0.5669689,Public
58813,0.5841596,Public
58817,0.0839047,Public
58819,0.1593228,Private
58829,0.6085353,Public
58830,0.1206014,Private
58841,0.4550078,Private
58847,0.6393495,Private
58849,0.4242558,Public
58855,0.03200753,Public
58860,0.3396544,Public
58861,0.5218418,Public
58865,0.4207869,Public
58866,0.6272953,Public
58870,0.06226484,Public
58871,0.3937531,Private
58876,0.5091712,Public
58899,0.04215021,Public
58900,0.386288,Private
58901,0.2980171,Private
58905,0.1478654,Private
58906,0.09290919,Private
58914,0.5803484,Public
58915,0.5691767,Private
58920,0.153761,Private
58929,0.07173759,Private
58940,0.5123734,Private
58942,0.06360008,Public
58945,0.7376169,Public
58951,0.1480998,Private
58954,0.4578282,Private
58959,0.2007679,Public
58971,0.4182216,Public
58973,0.457016,Public
58981,0.2948514,Public
58985,0.6291094,Public
59003,0.1076246,Private
59004,0.12042,Public
59010,0.5266668,Public
59019,0.1994533,Public
59021,0.08421928,Private
59025,0.07155426,Private
59030,0.1235457,Private
59031,0.597401,Private
59040,0.09863324,Private
59042,0.19742,Private
59049,0.2916163,Private
59051,0.1564054,Public
59052,0.2809263,Private
59055,0.4008566,Public
59056,0.6429579,Private
59063,0.7217391,Public
59066,0.5786887,Public
59072,0.4295919,Public
59076,0.4834988,Private
59090,0.1410197,Private
59095,0.6389107,Public
59099,0.5521301,Private
59101,0.4042888,Public
59117,0.6788279,Private
59119,0.2158117,Public
59123,0.1036542,Public
59129,0.1070442,Private
59136,0.3820371,Private
59145,0.5006286,Private
59150,0.1677906,Private
59155,0.3773243,Private
59156,0.4211771,Public
59163,0.6340927,Public
59164,0.09574881,Private
59165,0.103712,Public
59169,0.1506222,Private
59174,0.5892076,Public
59180,0.01835023,Public
59182,0.6009672,Public
59183,0.3957578,Private
59184,0.3208917,Private
59185,0.1049105,Public
59189,0.1111167,Public
59191,0.7782121,Public
59196,0.5701635,Public
59197,0.4785574,Public
59199,0.07334352,Private
59201,0.534316,Public
59204,0.3157713,Public
59207,0.5834617,Public
59213,0.6118857,Public
59220,0.4996577,Public
59222,0.7062007,Private
59225,0.5081436,Private
59228,0.492718,Private
59231,0.3788225,Public
59232,0.04079248,Private
59234,0.07049292,Private
59238,0.1231569,Private
59241,0.138147,Private
59251,0.07952648,Public
59252,0.1362148,Private
59254,0.5224884,Private
59258,0.1111002,Private
59261,0.4947068,Private
59262,0.5993735,Private
59263,0.3778853,Public
59267,0.05822628,Private
59274,0.1519561,Private
59275,0.3388772,Private
59287,0.5202113,Private
59300,0.6560124,Public
59303,0.5330966,Public
59305,0.1372945,Public
59314,0.2147148,Private
59315,0.04988197,Private
59316,0.1286988,Private
59321,0.42337,Private
59330,0.09242481,Private
59331,0.1486552,Public
59332,0.3409157,Private
59342,0.08313371,Private
59353,0.6119373,Private
59372,0.1341454,Private
59379,0.1484237,Private
59383,0.1831806,Public
59395,0.03067149,Private
59399,0.6064187,Private
59402,0.5414293,Public
59405,0.5324465,Public
59412,0.5154355,Public
59414,0.4031953,Public
59426,0.1240084,Private
59430,0.09588882,Public
59453,0.07825878,Public
59470,0.03061304,Private
59473,0.07376452,Public
59474,0.08853284,Private
59478,0.5752082,Public
59486,0.03995938,Public
59488,0.5115295,Private
59494,0.3267722,Private
59500,0.05236382,Private
59507,0.03685962,Private
59518,0.5402384,Public
59526,0.6170651,Private
59534,0.6788211,Public
59538,0.1408736,Public
59546,0.10587,Public
59547,0.2428103,Private
59550,0.1260791,Public
59556,0.5317779,Public
59557,0.04630032,Public
59560,0.02844378,Private
59567,0.0742757,Public
59577,0.4733297,Private
59607,0.03380027,Public
59612,0.5013818,Private
59613,0.5954701,Public
59618,0.07595978,Private
59622,0.1101593,Public
59624,0.1399047,Public
59629,0.1160019,Public
59630,0.3179006,Public
59634,0.685962,Public
59635,0.0658723,Public
59638,0.576005,Private
59643,0.448496,Private
59648,0.3797302,Public
59658,0.1779229,Public
59659,0.5561541,Public
59660,0.5816591,Public
59664,0.4521602,Public
59670,0.6037902,Public
59673,0.03960147,Public
59675,0.02734885,Private
59676,0.1233172,Private
59682,0.1773246,Private
59683,0.08863028,Public
59694,0.5179434,Private
59696,0.1921308,Public
59711,0.0397745,Public
59719,0.07304699,Private
59720,0.4737712,Public
59722,0.08508994,Public
59735,0.2375723,Private
59739,0.268178,Private
59754,0.5528654,Private
59757,0.5377343,Public
59758,0.4576208,Public
59765,0.0317587,Private
59766,0.1342756,Public
59768,0.2581035,Public
59778,0.374673,Public
59784,0.109311,Private
59789,0.02403029,Private
59790,0.028513,Public
59792,0.2166259,Private
59796,0.3124236,Public
59799,0.2257566,Private
59807,0.4911358,Public
59810,0.3378323,Public
59812,0.5823897,Public
59817,0.04011304,Private
59819,0.4085019,Private
59821,0.6028279,Private
59834,0.3113263,Public
59838,0.4424657,Public
59840,0.5564036,Public
59846,0.444595,Public
59848,0.2439824,Public
59858,0.4426295,Private
59860,0.1241204,Private
59871,0.5433081,Private
59872,0.151693,Public
59875,0.1734899,Public
59884,0.4386046,Private
59886,0.2866271,Public
59889,0.6929775,Private
59894,0.5348159,Private
59896,0.3519172,Public
59900,0.1457897,Public
59902,0.1236543,Private
59919,0.1606198,Private
59935,0.01955664,Private
59940,0.176871,Private
59945,0.4695726,Private
59946,0.5726802,Public
59949,0.4426474,Private
59954,0.1657634,Private
59965,0.4685807,Public
59967,0.08476715,Public
59979,0.06904756,Private
59980,0.1112215,Private
59993,0.141101,Public
59998,0.4521513,Private
60004,0.07656306,Private
60006,0.2323408,Private
60010,0.5100223,Public
60011,0.208577,Public
60012,0.05183915,Public
60021,0.1087643,Private
60022,0.4148403,Private
60030,0.5267457,Public
60032,0.5219939,Private
60038,0.1234875,Public
60040,0.2762327,Private
60044,0.5335635,Public
60046,0.1504391,Private
60058,0.1369302,Private
60062,0.1125167,Private
60067,0.2676092,Public
60071,0.08348185,Public
60077,0.149607,Public
60091,0.1285278,Private
60096,0.1052995,Public
60098,0.2747864,Private
60100,0.1351944,Private
60101,0.7216887,Public
60102,0.1283881,Public
60103,0.5227563,Public
60107,0.1512653,Private
60110,0.1415557,Private
60112,0.5604408,Public
60119,0.05758046,Private
60124,0.6853353,Public
60128,0.5812317,Public
60135,0.1029733,Private
60139,0.1630527,Private
60142,0.1775684,Public
60148,0.6666918,Private
60155,0.2628283,Private
60156,0.675319,Private
60160,0.429283,Private
60162,0.2669406,Public
60167,0.3460197,Public
60180,0.09180361,Private
60184,0.1621736,Private
60186,0.4740296,Public
60194,0.5184734,Public
60197,0.2260662,Public
60200,0.5630057,Public
60204,0.06467283,Public
60213,0.06685391,Public
60231,0.2963595,Public
60233,0.0397228,Private
60241,0.4087816,Private
60252,0.3048475,Public
60261,0.05913557,Public
60262,0.4436145,Public
60263,0.7905799,Private
60272,0.1124258,Private
60277,0.06505173,Private
60279,0.09618492,Private
60281,0.7248237,Public
60282,0.1261551,Public
60285,0.08764932,Public
60287,0.4801193,Public
60289,0.1490735,Public
60294,0.6702451,Private
60301,0.06078964,Public
60303,0.07524825,Private
60304,0.06843945,Public
60308,0.3966933,Public
60309,0.5055949,Private
60313,0.1023673,Public
60314,0.3172745,Public
60315,0.4076471,Public
60342,0.6173362,Private
60348,0.5003515,Public
60354,0.2348431,Private
60356,0.6047769,Private
60360,0.4803062,Private
60369,0.2713522,Public
60372,0.08695239,Private
60380,0.5763264,Public
60390,0.08348837,Private
60403,0.1054604,Private
60408,0.6027893,Public
60410,0.4985231,Public
60422,0.1482985,Private
60428,0.5122099,Private
60430,0.4372289,Private
60438,0.02612073,Public
60461,0.07156707,Private
60466,0.04365981,Private
60481,0.5828031,Private
60482,0.742186,Public
60496,0.6036218,Private
60500,0.3246601,Private
60504,0.1026443,Public
60519,0.1960966,Public
60520,0.2678004,Public
60521,0.3463905,Public
60522,0.1855957,Private
60523,0.5035009,Public
60526,0.03678606,Private
60531,0.1129527,Public
60535,0.07291824,Private
60545,0.5372084,Private
60558,0.3564877,Private
60561,0.5662852,Private
60562,0.09832416,Public
60566,0.04869347,Private
60576,0.4332157,Private
60582,0.5695922,Public
60587,0.1281054,Private
60593,0.3356962,Public
60598,0.3958407,Private
60603,0.4557361,Public
60610,0.5832459,Private
60611,0.08411925,Public
60614,0.1411734,Public
60616,0.04422837,Public
60624,0.09840052,Private
60631,0.4169153,Public
60635,0.6248981,Private
60645,0.1874837,Private
60646,0.6082364,Private
60652,0.1474017,Public
60653,0.1759988,Private
60654,0.1604103,Private
60658,0.06600075,Public
60663,0.08764536,Public
60664,0.1538907,Private
60666,0.1632156,Public
60669,0.03286467,Public
60683,0.5400172,Public
60684,0.4002097,Private
60686,0.4768786,Private
60692,0.07516857,Private
60695,0.5286006,Private
60703,0.3255264,Public
60709,0.5509992,Public
60710,0.3866426,Public
60713,0.180719,Public
60719,0.1422639,Public
60721,0.5458319,Private
60726,0.05546573,Public
60727,0.1286764,Public
60739,0.5172772,Public
60740,0.4639455,Public
60746,0.1121972,Public
60752,0.02351203,Public
60758,0.5599065,Public
60760,0.02174568,Private
60774,0.6286726,Private
60776,0.08604091,Private
60782,0.5001363,Private
60797,0.1346752,Private
60805,0.09203108,Private
60815,0.4787922,Private
60817,0.2428557,Private
60820,0.5597293,Public
60824,0.6789218,Public
60839,0.1898735,Public
60840,0.3486758,Public
60848,0.07573065,Private
60857,0.5796041,Public
60886,0.07419689,Private
60890,0.6685504,Private
60892,0.04833629,Public
60895,0.03266864,Public
60920,0.1689844,Public
60921,0.6490559,Public
60924,0.1630456,Private
60926,0.5189301,Private
60931,0.1549379,Private
60935,0.07207265,Private
60942,0.4004449,Private
60945,0.06857935,Private
60946,0.02860425,Public
60948,0.5683697,Public
60955,0.2109466,Public
60957,0.2596999,Private
60963,0.06774711,Private
60964,0.5468772,Private
60972,0.1158066,Private
60973,0.5653982,Private
60985,0.1682494,Public
60998,0.04240166,Public
61001,0.463942,Private
61009,0.1371153,Private
61030,0.3155083,Private
61032,0.6785064,Public
61035,0.5748569,Private
61040,0.268424,Private
61049,0.1267599,Private
61050,0.3216975,Public
61063,0.4499327,Private
61064,0.5234554,Private
61072,0.6012733,Private
61075,0.03963933,Private
61078,0.04055463,Private
61082,0.5316378,Private
61084,0.1349849,Private
61086,0.4802715,Public
61087,0.3226517,Public
61102,0.1846758,Public
61104,0.6015305,Private
61108,0.4504,Public
61109,0.07865041,Public
61114,0.3310598,Private
61120,0.2360966,Private
61134,0.121733,Public
61135,0.09309011,Public
61142,0.1175659,Private
61158,0.08566363,Public
61160,0.1077848,Public
61161,0.4319361,Public
61169,0.3212269,Public
61177,0.5237345,Private
61189,0.07396858,Public
61192,0.2951659,Private
61196,0.1475651,Public
61201,0.0667773,Public
61202,0.5144269,Public
61212,0.08055919,Private
61215,0.1218098,Public
61217,0.5274791,Public
61228,0.4485543,Public
61240,0.1624478,Private
61245,0.1035202,Public
61246,0.247492,Private
61247,0.5866727,Private
61248,0.08274982,Private
61250,0.06705559,Private
61256,0.1067684,Public
61260,0.5167893,Private
61264,0.1475596,Private
61267,0.1604948,Public
61268,0.4517905,Private
61269,0.3102957,Public
61271,0.07600036,Private
61272,0.4088846,Private
61274,0.0822202,Private
61292,0.02870116,Public
61293,0.6354852,Private
61304,0.4412377,Private
61305,0.09518956,Public
61313,0.1222098,Private
61314,0.4924888,Private
61330,0.2515509,Private
61331,0.08706364,Private
61332,0.35319,Public
61336,0.4570951,Public
61339,0.1286132,Public
61340,0.08549718,Public
61344,0.08334172,Public
61350,0.1130633,Private
61351,0.1992448,Public
61358,0.2229712,Private
61360,0.1013493,Public
61365,0.09455463,Public
61367,0.4464425,Private
61373,0.08921718,Private
61381,0.5807542,Public
61382,0.1727379,Private
61386,0.1923797,Public
61388,0.3477699,Public
61389,0.183787,Public
61394,0.0313989,Private
61396,0.1454956,Public
61401,0.06484608,Private
61404,0.1687447,Private
61407,0.6333403,Public
61410,0.1510381,Private
61413,0.5340718,Public
61415,0.1286109,Public
61416,0.1180772,Public
61417,0.07415556,Public
61431,0.4828871,Public
61434,0.4572752,Public
61440,0.1793333,Private
61451,0.174516,Public
61455,0.1813147,Public
61457,0.3726964,Private
61465,0.1312697,Public
61471,0.4465924,Private
61476,0.4235975,Private
61477,0.5111789,Public
61480,0.5667711,Public
61497,0.2945578,Public
61501,0.5832433,Public
61509,0.452263,Private
61510,0.4703525,Private
61516,0.04989777,Private
61517,0.1063431,Public
61518,0.5097144,Private
61521,0.01759434,Public
61526,0.3595621,Private
61527,0.1668864,Private
61529,0.08338362,Public
61536,0.3732877,Public
61550,0.110636,Public
61554,0.2154535,Private
61558,0.05512612,Public
61562,0.5358023,Private
61572,0.6230836,Private
61576,0.3105599,Public
61584,0.3775083,Private
61585,0.4567797,Public
61587,0.4395063,Public
61588,0.1985576,Private
61589,0.1148801,Public
61596,0.1503715,Private
61597,0.1353146,Private
61600,0.4033447,Public
61602,0.2350229,Private
61606,0.6901738,Public
61607,0.6148075,Private
61608,0.05440932,Private
61610,0.06861866,Private
61627,0.05338367,Private
61629,0.05421082,Public
61642,0.367247,Private
61646,0.5774776,Public
61665,0.598015,Private
61671,0.1077258,Public
61681,0.3591552,Public
61683,0.6646232,Public
61687,0.6852279,Public
61690,0.02990138,Public
61692,0.6272289,Public
61700,0.1280642,Private
61707,0.136576,Private
61709,0.1331789,Public
61710,0.6610782,Private
61715,0.7603846,Public
61716,0.07904329,Private
61717,0.3974899,Public
61720,0.1720798,Private
61724,0.5392632,Public
61726,0.0860513,Public
61731,0.08555008,Private
61742,0.1855989,Private
61743,0.05634351,Private
61744,0.2733055,Public
61748,0.0667727,Private
61750,0.1316305,Private
61753,0.04912869,Public
61756,0.3130862,Public
61762,0.7665617,Public
61768,0.5863137,Public
61772,0.0796181,Public
61779,0.2159242,Public
61788,0.6676371,Private
61794,0.229559,Private
61799,0.07283799,Private
61807,0.2298343,Private
61813,0.6029003,Public
61816,0.1537829,Private
61821,0.5793133,Private
61822,0.1713643,Private
61824,0.4952104,Public
61826,0.4840739,Private
61829,0.455076,Private
61836,0.1867771,Private
61842,0.1814277,Private
61844,0.1108914,Private
61845,0.6644234,Private
61852,0.537131,Private
61855,0.0427778,Private
61858,0.1790013,Private
61860,0.1118888,Public
61861,0.07438431,Private
61868,0.5732422,Public
61869,0.3426043,Public
61877,0.6239385,Public
61886,0.1532588,Public
61892,0.4652069,Public
61897,0.1430058,Public
61899,0.08986156,Public
61901,0.3452714,Private
61902,0.08719795,Private
61914,0.05972599,Private
61915,0.5353349,Public
61916,0.08921126,Public
61918,0.3366103,Private
61920,0.04685219,Public
61922,0.327185,Private
61923,0.1830503,Private
61926,0.2842366,Private
61929,0.5028696,Public
61934,0.4669642,Public
61944,0.6279469,Private
61949,0.1249384,Public
61954,0.1507773,Private
61957,0.7626461,Private
61991,0.07663534,Public
61993,0.6741816,Public
61997,0.1267122,Public
62001,0.4780261,Public
62002,0.1125038,Private
62003,0.4713002,Private
62008,0.04711801,Private
62013,0.6857044,Public
62014,0.785123,Public
62019,0.3679128,Private
62021,0.5498359,Private
62028,0.3148542,Private
62032,0.1490858,Private
62040,0.02601032,Private
62046,0.5443966,Public
62047,0.598738,Public
62059,0.07602948,Private
62061,0.5116006,Public
62068,0.1057017,Private
62071,0.1972076,Public
62072,0.3719777,Public
62077,0.3562739,Public
62085,0.1767586,Private
62103,0.304753,Private
62107,0.2289803,Public
62112,0.1009176,Public
62119,0.0373401,Public
62120,0.1219715,Public
62126,0.5360648,Private
62129,0.172338,Public
62137,0.2550887,Public
62142,0.2543515,Public
62147,0.1817723,Private
62150,0.1524258,Private
62151,0.6321492,Private
62154,0.08912881,Private
62157,0.552183,Private
62167,0.1601816,Public
62170,0.2035907,Private
62175,0.1436697,Private
62182,0.5380166,Public
62185,0.4585881,Private
62187,0.0961584,Private
62188,0.06586065,Private
62197,0.1037604,Public
62211,0.2964674,Public
62217,0.4549813,Private
62222,0.1921136,Public
62223,0.09844503,Public
62224,0.5998557,Public
62233,0.7025953,Public
62244,0.1693559,Private
62245,0.439669,Private
62248,0.2599888,Private
62257,0.05235249,Public
62260,0.09335063,Public
62261,0.05093984,Public
62278,0.1652416,Public
62286,0.03211222,Private
62287,0.5998071,Public
62292,0.5158445,Public
62294,0.5378309,Private
62303,0.2945691,Private
62320,0.06934828,Public
62325,0.461778,Private
62345,0.03371396,Private
62349,0.1298045,Private
62355,0.4504543,Private
62363,0.539489,Public
62368,0.08212701,Public
62370,0.07307412,Public
62389,0.5527686,Private
62398,0.3573704,Private
62399,0.3773778,Private
62402,0.3975907,Private
62403,0.09679667,Public
62408,0.2524289,Public
62409,0.6313791,Public
62423,0.1815739,Public
62424,0.6836831,Private
62425,0.1293684,Private
62433,0.1402729,Public
62435,0.1381419,Private
62438,0.5703477,Public
62443,0.1305499,Private
62444,0.05073353,Public
62451,0.4419263,Private
62457,0.1741837,Public
62461,0.580426,Public
62471,0.2626471,Private
62483,0.3891434,Public
62491,0.05256728,Public
62493,0.5114557,Public
62495,0.162615,Private
62497,0.5511263,Public
62501,0.1055827,Private
62502,0.5753242,Private
62507,0.7408863,Private
62508,0.1679806,Public
62509,0.1108185,Private
62513,0.0983114,Public
62514,0.5885159,Private
62515,0.5450537,Public
62516,0.081121,Private
62522,0.09577321,Private
62524,0.05613131,Public
62532,0.1093824,Public
62537,0.450839,Public
62539,0.1182373,Private
62543,0.7951891,Public
62551,0.1241509,Private
62552,0.08099671,Private
62559,0.4653028,Private
62574,0.564464,Public
62576,0.09048326,Public
62580,0.1190294,Public
62583,0.5804472,Private
62592,0.0320415,Public
62598,0.1013898,Public
62601,0.6706877,Public
62613,0.3142542,Private
62619,0.5769991,Private
62623,0.1623347,Public
62624,0.4524055,Public
62636,0.1091097,Public
62637,0.5597497,Public
62643,0.1074211,Private
62646,0.2551295,Public
62648,0.4769006,Private
62651,0.5013206,Private
62653,0.498919,Private
62665,0.4221068,Public
62668,0.7571333,Private
62670,0.1803137,Public
62671,0.4879686,Public
62672,0.5457129,Private
62680,0.5533002,Public
62683,0.02697871,Public
62694,0.1822263,Public
62695,0.4723748,Public
62699,0.07421901,Private
62708,0.5051597,Private
62709,0.5239861,Private
62711,0.107758,Public
62712,0.1616172,Public
62714,0.0435858,Public
62723,0.1026138,Private
62726,0.5306911,Private
62744,0.06984271,Private
62751,0.07483032,Private
62752,0.4605025,Private
62758,0.07155199,Public
62766,0.5292625,Private
62767,0.4910913,Private
62768,0.5807143,Private
62771,0.2633556,Public
62780,0.1422606,Private
62781,0.5749695,Public
62784,0.4156659,Private
62785,0.1777045,Private
62790,0.07227951,Private
62796,0.5941017,Public
62798,0.1232639,Public
62805,0.06763279,Private
62812,0.4074415,Private
62813,0.4841365,Private
62814,0.2363018,Public
62820,0.6172723,Private
62821,0.1445926,Private
62823,0.1450554,Public
62824,0.07244384,Public
62851,0.1367304,Private
62856,0.1513553,Public
62863,0.2519455,Private
62866,0.04055981,Private
62873,0.6454074,Public
62874,0.08763553,Public
62875,0.1055849,Private
62878,0.3730927,Private
62881,0.3535923,Private
62888,0.3141024,Private
62894,0.5001042,Private
62898,0.6494757,Private
62901,0.4660008,Private
62904,0.5106761,Private
62906,0.03782418,Public
62907,0.1323241,Public
62912,0.1033594,Private
62919,0.5772463,Public
62931,0.4665615,Private
62943,0.02976905,Private
62946,0.05043051,Public
62948,0.2958117,Public
62955,0.1522204,Private
62956,0.5898056,Public
62958,0.2195807,Private
62963,0.09162457,Private
62968,0.1006426,Public
62969,0.1617644,Private
62979,0.6156092,Private
62981,0.4267514,Public
62982,0.6016738,Public
62985,0.2385176,Public
62987,0.09743957,Private
62993,0.5107361,Public
62996,0.06567512,Public
62999,0.4646608,Public
63001,0.474267,Public
63014,0.07993163,Public
63023,0.1264153,Private
63027,0.5687183,Public
63037,0.1205741,Private
63038,0.08486716,Public
63042,0.08074185,Public
63043,0.01682453,Public
63044,0.5926735,Private
63059,0.5245121,Private
63064,0.3953941,Public
63069,0.1550718,Private
63076,0.1034154,Public
63079,0.06892274,Private
63080,0.4109907,Private
63081,0.5385186,Public
63083,0.508196,Public
63087,0.4704988,Public
63090,0.5255845,Private
63094,0.2126595,Public
63095,0.07996617,Private
63103,0.07705708,Public
63108,0.07553738,Private
63115,0.1078996,Public
63116,0.1660554,Private
63123,0.5608828,Public
63130,0.07512376,Public
63133,0.2666952,Public
63138,0.4395926,Private
63140,0.1956201,Public
63143,0.7153157,Private
63146,0.09019491,Private
63155,0.1121065,Public
63165,0.1628641,Public
63171,0.05365606,Public
63172,0.1943799,Public
63175,0.08143216,Public
63176,0.337361,Private
63179,0.1141795,Public
63185,0.6159142,Public
63190,0.2462613,Private
63197,0.07443448,Public
63208,0.1311935,Private
63209,0.2482373,Private
63212,0.472478,Public
63217,0.1046709,Private
63219,0.1212656,Private
63220,0.08435404,Private
63221,0.5540357,Private
63226,0.7583568,Private
63227,0.4986373,Private
63230,0.06736634,Private
63232,0.1008059,Private
63238,0.1267449,Private
63248,0.6680768,Private
63261,0.1756587,Public
63265,0.5530602,Private
63278,0.1234912,Public
63281,0.7720777,Public
63288,0.3402135,Public
63291,0.09886389,Public
63293,0.6810236,Private
63294,0.5578762,Public
63295,0.4019248,Private
63303,0.1294104,Private
63308,0.5419146,Public
63310,0.316726,Public
63315,0.5095098,Private
63321,0.3900795,Private
63327,0.02755386,Public
63328,0.1644825,Public
63332,0.1035615,Public
63333,0.5946018,Public
63335,0.08398601,Public
63344,0.3921433,Private
63350,0.3855039,Public
63353,0.2262152,Public
63355,0.1219901,Private
63365,0.4817246,Private
63370,0.0840949,Public
63372,0.4659432,Private
63374,0.08099285,Private
63379,0.1006929,Public
63382,0.09089875,Public
63394,0.6852058,Private
63397,0.5710181,Private
63400,0.6041387,Private
63401,0.23458,Public
63410,0.03703059,Private
63411,0.5579122,Public
63416,0.6353421,Private
63427,0.06825604,Private
63437,0.02752743,Public
63449,0.2267676,Public
63456,0.2864958,Private
63471,0.6066103,Private
63472,0.1706069,Public
63474,0.1113199,Private
63477,0.4465832,Public
63483,0.6049698,Public
63528,0.09143992,Public
63530,0.7653415,Private
63545,0.04941171,Public
63554,0.08309425,Private
63560,0.4459557,Public
63575,0.09998847,Private
63576,0.04316561,Private
63580,0.5406653,Public
63582,0.04461779,Public
63589,0.5075089,Public
63593,0.04087221,Public
63594,0.1286244,Private
63600,0.3452469,Private
63610,0.04880247,Public
63620,0.1625483,Private
63627,0.2814673,Public
63644,0.08337064,Public
63645,0.1442641,Public
63646,0.1141469,Public
63652,0.1686683,Private
63656,0.0448557,Public
63668,0.09696425,Private
63671,0.2068151,Public
63688,0.3537321,Private
63690,0.1037527,Public
63704,0.1265747,Public
63721,0.088522,Public
63722,0.4483404,Public
63723,0.3391844,Public
63731,0.05500968,Public
63734,0.5422781,Private
63740,0.09369157,Public
63745,0.5667998,Private
63749,0.590757,Private
63752,0.1097216,Private
63753,0.2960532,Private
63755,0.105647,Public
63761,0.3270892,Private
63763,0.1422257,Private
63766,0.1439221,Private
63767,0.1245441,Public
63768,0.03421365,Private
63769,0.1157208,Public
63772,0.4094131,Public
63783,0.5803982,Public
63788,0.6939889,Public
63797,0.1506588,Private
63805,0.04380592,Private
63811,0.5054147,Public
63814,0.07129601,Private
63815,0.1059747,Private
63822,0.2397641,Private
63825,0.02309447,Private
63830,0.1501649,Public
63832,0.5511209,Public
63851,0.2233417,Private
63852,0.09465081,Public
63853,0.1190154,Private
63865,0.1712172,Private
63867,0.1041018,Private
63869,0.04855671,Public
63870,0.1327547,Private
63874,0.09449697,Private
63878,0.06326324,Public
63879,0.5246221,Public
63884,0.3782624,Public
63888,0.5219036,Public
63908,0.4841738,Private
63909,0.5156668,Private
63910,0.1235209,Public
63918,0.5354976,Private
63922,0.5011963,Public
63924,0.2391043,Public
63925,0.1740478,Public
63927,0.5365101,Private
63928,0.4133261,Private
63932,0.1125014,Private
63936,0.481202,Private
63944,0.4977451,Public
63960,0.5259547,Private
63964,0.2494649,Public
63965,0.2140327,Public
63967,0.1585764,Private
63969,0.2019497,Public
63972,0.1821101,Public
63983,0.07593056,Public
63985,0.08557467,Public
64005,0.1021535,Private
64006,0.2013187,Public
64014,0.1437748,Private
64016,0.1658594,Private
64022,0.4941519,Private
64027,0.5363942,Public
64028,0.6621881,Private
64033,0.08888775,Public
64037,0.102966,Public
64041,0.3382999,Private
64042,0.09017077,Public
64044,0.2704684,Private
64046,0.2163827,Public
64047,0.341887,Private
64054,0.08387505,Private
64057,0.1410542,Private
64067,0.3764617,Public
64068,0.04596086,Public
64075,0.6068658,Private
64077,0.6547383,Private
64079,0.2126414,Public
64085,0.03126861,Public
64089,0.1253023,Private
64093,0.1169686,Private
64094,0.06715789,Private
64106,0.1180327,Private
64110,0.606845,Public
64140,0.6734163,Public
64141,0.1989975,Private
64148,0.1325573,Private
64157,0.1029061,Public
64165,0.07597128,Private
64166,0.6265517,Public
64170,0.07607745,Public
64173,0.4950062,Private
64174,0.5564542,Public
64175,0.07061345,Public
64178,0.6482322,Private
64182,0.6697312,Public
64186,0.08970477,Public
64198,0.2551354,Private
64200,0.2480072,Public
64204,0.1791151,Private
64210,0.1118231,Public
64222,0.1004141,Public
64226,0.3220285,Private
64230,0.4981694,Public
64236,0.04323999,Private
64265,0.6158745,Private
64270,0.5624624,Private
64274,0.06575302,Public
64280,0.2808208,Public
64286,0.06519157,Private
64288,0.1658958,Public
64289,0.3648326,Private
64291,0.6368651,Private
64303,0.03314118,Public
64307,0.07402516,Public
64309,0.5123599,Private
64315,0.7694648,Private
64320,0.1234051,Public
64323,0.1571604,Private
64324,0.283514,Private
64325,0.3305333,Public
64331,0.1143374,Public
64334,0.3191817,Private
64340,0.4972703,Private
64341,0.5342245,Private
64353,0.527378,Public
64356,0.08252635,Private
64360,0.6220653,Private
64361,0.1073993,Private
64366,0.757085,Public
64367,0.3908778,Public
64373,0.1237992,Private
64377,0.4727565,Public
64379,0.1387824,Public
64384,0.2018019,Private
64385,0.666188,Public
64386,0.5116702,Private
64409,0.2703097,Private
64418,0.5368825,Private
64425,0.7267345,Public
64427,0.1528749,Private
64429,0.1299679,Private
64435,0.1513594,Private
64442,0.4668779,Public
64450,0.2931628,Public
64467,0.6844608,Private
64471,0.6867284,Public
64480,0.4576162,Private
64482,0.4017785,Public
64484,0.5158118,Public
64486,0.1701279,Private
64503,0.2323127,Private
64505,0.1222517,Private
64509,0.4965171,Public
64510,0.07025228,Private
64512,0.03082357,Private
64514,0.1439985,Public
64523,0.1214882,Public
64538,0.2628849,Public
64541,0.182786,Private
64544,0.3803348,Public
64550,0.4702186,Private
64551,0.4553037,Public
64555,0.7104111,Private
64557,0.1856671,Private
64558,0.5584488,Private
64559,0.5345472,Public
64575,0.4176033,Public
64587,0.1313447,Private
64591,0.5181923,Public
64595,0.1391279,Private
64600,0.339422,Public
64604,0.6082432,Public
64610,0.6493395,Public
64612,0.08143799,Private
64619,0.08501922,Private
64641,0.7130702,Public
64644,0.5445976,Public
64648,0.4821169,Public
64666,0.0439332,Private
64674,0.3591344,Private
64680,0.5165164,Public
64686,0.4820799,Private
64703,0.2595849,Private
64708,0.1007755,Private
64712,0.5520952,Public
64723,0.1142747,Private
64729,0.1055837,Private
64732,0.5963766,Public
64749,0.6866767,Public
64754,0.5214876,Public
64757,0.04360918,Public
64771,0.5965083,Public
64772,0.6261158,Private
64789,0.2402724,Private
64791,0.687919,Public
64796,0.2681621,Public
64800,0.1462983,Private
64805,0.2231091,Public
64808,0.173297,Public
64814,0.04731055,Private
64817,0.328407,Public
64818,0.2974421,Public
64820,0.1138126,Private
64824,0.7154407,Private
64829,0.03254712,Public
64839,0.3083578,Private
64854,0.1441006,Private
64857,0.6356426,Public
64860,0.5386724,Private
64873,0.6562882,Public
64874,0.2823293,Public
64881,0.6412213,Public
64887,0.1513312,Public
64889,0.361967,Public
64892,0.1188991,Private
64895,0.08974069,Public
64910,0.5059423,Private
64912,0.4419058,Public
64919,0.07150822,Private
64922,0.03077864,Private
64925,0.06319415,Public
64926,0.08629347,Private
64929,0.5064365,Private
64930,0.1590019,Public
64934,0.022382,Public
64946,0.4090169,Private
64947,0.563827,Private
64952,0.6039716,Public
64965,0.7115932,Private
64967,0.04603082,Public
64973,0.5590148,Public
64977,0.1191058,Private
64994,0.505729,Private
65006,0.6818146,Public
65018,0.1304465,Public
65020,0.3321484,Public
65029,0.3934603,Private
65030,0.6348206,Public
65031,0.0768659,Public
65034,0.2862304,Public
65037,0.03989578,Private
65048,0.317683,Public
65049,0.116356,Private
65054,0.4889123,Public
65061,0.1062348,Public
65063,0.0670887,Public
65064,0.1467716,Public
65066,0.1861651,Public
65074,0.193984,Public
65077,0.6006491,Public
65078,0.4919678,Public
65082,0.2613901,Public
65087,0.06804786,Public
65092,0.189559,Public
65095,0.09496791,Public
65101,0.08674893,Private
65108,0.08102476,Private
65126,0.156642,Private
65128,0.02787559,Public
65129,0.2879986,Private
65131,0.1339084,Private
65133,0.3249939,Public
65139,0.5270848,Public
65140,0.0595326,Private
65149,0.05877787,Private
65155,0.1531186,Private
65158,0.06063134,Private
65160,0.06284767,Private
65169,0.04067701,Private
65171,0.01893707,Public
65180,0.08217731,Public
65184,0.4131302,Private
65185,0.5867481,Public
65195,0.07314447,Public
65197,0.2771577,Public
65206,0.1402826,Public
65211,0.4020412,Public
65212,0.1275042,Private
65214,0.6918616,Public
65215,0.4319296,Private
65220,0.4888846,Public
65223,0.1840049,Private
65226,0.5760267,Private
65227,0.1635403,Private
65228,0.0702078,Public
65231,0.5296475,Public
65242,0.06899863,Private
65250,0.1556816,Private
65252,0.0605284,Public
65263,0.2364033,Private
65267,0.3250593,Private
65277,0.2707885,Public
65282,0.128105,Private
65283,0.4234822,Public
65285,0.1273212,Public
65294,0.2419455,Private
65296,0.3299101,Public
65303,0.2344483,Private
65305,0.1585992,Private
65308,0.1201352,Private
65310,0.5964983,Public
65311,0.1812263,Public
65318,0.6086962,Public
65333,0.3970446,Private
65344,0.1428825,Public
65350,0.2075706,Private
65355,0.3107414,Public
65363,0.2567029,Public
65364,0.4775244,Private
65365,0.02873101,Private
65382,0.05160428,Public
65391,0.5414214,Private
65403,0.6966087,Public
65408,0.4794437,Private
65417,0.1472403,Public
65421,0.6385475,Private
65424,0.0742797,Public
65425,0.05683377,Public
65428,0.1360701,Private
65429,0.1208805,Public
65431,0.3417626,Public
65435,0.6478026,Public
65439,0.07177275,Public
65441,0.2197686,Private
65449,0.04552801,Public
65450,0.1587409,Private
65451,0.6353423,Private
65453,0.07380723,Public
65455,0.335395,Private
65458,0.02290753,Public
65464,0.5950716,Public
65470,0.2172185,Public
65471,0.1490807,Public
65472,0.5086761,Public
65480,0.1738153,Public
65481,0.1448986,Private
65488,0.3921592,Private
65497,0.1754483,Private
65499,0.4204799,Private
65510,0.01057865,Private
65516,0.1743657,Public
65522,0.2190423,Private
65524,0.04783518,Public
65527,0.1793623,Private
65532,0.3910973,Private
65545,0.3531787,Public
65546,0.5800313,Private
65548,0.07469275,Private
65552,0.0627806,Private
65555,0.1129216,Public
65557,0.04387737,Private
65560,0.2644057,Private
65563,0.2688989,Public
65584,0.03585636,Private
65587,0.07037269,Public
65592,0.5467681,Private
65602,0.2193207,Public
65603,0.5766394,Public
65604,0.6426944,Public
65609,0.4245118,Private
65614,0.1593198,Private
65618,0.4201247,Public
65623,0.5646121,Public
65629,0.3244289,Private
65633,0.4978899,Public
65641,0.7282852,Public
65642,0.05832729,Private
65661,0.7028422,Public
65667,0.6189535,Private
65677,0.6215549,Public
65679,0.5123551,Private
65681,0.1196264,Private
65687,0.03962316,Public
65696,0.4491352,Private
65697,0.5010442,Private
65700,0.1314599,Private
65714,0.4701524,Public
65715,0.452472,Public
65725,0.07213868,Private
65726,0.3119907,Public
65727,0.4377415,Public
65733,0.05778553,Public
65747,0.08322911,Private
65756,0.04384198,Public
65772,0.0564364,Public
65774,0.12988,Private
65776,0.08801471,Public
65780,0.3501888,Public
65782,0.5470811,Public
65785,0.09365149,Public
65792,0.0984659,Private
65794,0.3820379,Public
65807,0.524278,Private
65836,0.4998459,Public
65838,0.5033763,Public
65839,0.4670557,Public
65841,0.2668512,Private
65842,0.3593881,Public
65843,0.6618979,Public
65864,0.5063618,Private
65867,0.5095071,Public
65873,0.08797121,Private
65875,0.5667127,Public
65883,0.1497518,Public
65886,0.1128322,Private
65888,0.4975812,Public
65898,0.08733584,Public
65901,0.1947476,Public
65907,0.4834995,Public
65908,0.3757245,Private
65911,0.07182125,Public
65930,0.03271443,Private
65936,0.07684919,Public
65938,0.7272789,Public
65941,0.573859,Public
65942,0.1842934,Private
65950,0.1179762,Private
65953,0.1301283,Private
65958,0.2029584,Public
65961,0.1249088,Public
65982,0.4348699,Private
65985,0.08021073,Public
65994,0.3735348,Private
66003,0.5771065,Public
66008,0.1524257,Public
66013,0.1304432,Public
66017,0.2151435,Public
66024,0.2265195,Private
66025,0.7472835,Private
66033,0.1257658,Private
66040,0.0800184,Private
66046,0.5975025,Public
66055,0.2045775,Public
66060,0.0985603,Public
66061,0.1249262,Private
66062,0.07897138,Public
66063,0.1672745,Private
66077,0.1118799,Private
66081,0.4687617,Private
66084,0.5076248,Private
66087,0.3674429,Private
66093,0.1971069,Private
66095,0.1760064,Private
66098,0.1154155,Public
66101,0.04679104,Private
66103,0.02662957,Public
66105,0.4022123,Private
66113,0.3578889,Private
66118,0.5165308,Public
66125,0.4862918,Private
66126,0.1223934,Public
66133,0.5933648,Private
66134,0.4010546,Private
66141,0.1602344,Private
66150,0.5825039,Private
66151,0.4388472,Public
66155,0.06394147,Public
66163,0.1065459,Private
66168,0.4553478,Public
66169,0.1253315,Public
66177,0.7751762,Public
66178,0.124054,Public
66188,0.3271912,Private
66189,0.163872,Public
66194,0.453383,Public
66197,0.5502326,Private
66198,0.221215,Private
66199,0.0949993,Public
66201,0.07696507,Private
66202,0.08619762,Public
66203,0.5548239,Private
66205,0.1385,Public
66214,0.3936728,Public
66216,0.5728047,Public
66226,0.1743581,Private
66234,0.1449674,Public
66235,0.3410221,Public
66236,0.3663938,Private
66249,0.1070897,Public
66252,0.121459,Private
66253,0.4885212,Public
66255,0.621911,Public
66258,0.08146868,Public
66262,0.3139605,Public
66266,0.6206604,Public
66267,0.128173,Private
66273,0.5102393,Private
66275,0.1802019,Public
66299,0.6019197,Public
66313,0.4781624,Private
66314,0.04306361,Public
66320,0.5861902,Private
66321,0.08958913,Private
66323,0.07567491,Public
66324,0.08430447,Private
66330,0.1546621,Private
66332,0.1215284,Private
66333,0.161751,Private
66344,0.0244987,Public
66351,0.5512104,Private
66354,0.5005113,Public
66358,0.654051,Public
66381,0.3901865,Private
66387,0.1030482,Public
66394,0.5080732,Private
66395,0.1350555,Private
66399,0.1510247,Private
66400,0.1064083,Private
66404,0.5547773,Private
66406,0.5167993,Private
66412,0.3234799,Private
66418,0.2085331,Private
66422,0.08581094,Private
66425,0.1208069,Public
66433,0.08309924,Public
66435,0.0508138,Public
66446,0.6480233,Public
66457,0.0463911,Public
66458,0.1234709,Private
66467,0.5342745,Private
66470,0.06696441,Private
66471,0.1318844,Private
66480,0.629141,Private
66483,0.09733426,Private
66490,0.07899185,Private
66504,0.3168249,Public
66535,0.5813775,Private
66537,0.4521274,Public
66538,0.2135624,Public
66540,0.3832254,Public
66543,0.6460394,Private
66549,0.1032933,Private
66554,0.1003749,Public
66555,0.1405006,Private
66557,0.1391134,Public
66558,0.120795,Public
66567,0.2594959,Public
66576,0.7333859,Public
66577,0.5099082,Private
66600,0.4339593,Public
66606,0.5878034,Public
66612,0.1228721,Public
66615,0.284763,Private
66617,0.2990155,Private
66624,0.5517423,Private
66627,0.481037,Private
66629,0.1045512,Private
66630,0.7552829,Public
66634,0.1349829,Public
66635,0.1450958,Private
66640,0.6408071,Public
66641,0.2442659,Public
66652,0.05942835,Public
66656,0.08860404,Public
66668,0.5199109,Public
66670,0.2104652,Public
66672,0.632789,Public
66673,0.5071021,Private
66677,0.5343484,Private
66686,0.360925,Public
66690,0.233347,Public
66691,0.1103919,Public
66697,0.4918384,Public
66703,0.5492907,Public
66704,0.04110701,Public
66706,0.1023172,Private
66707,0.7365541,Private
66708,0.0855354,Private
66714,0.158943,Private
66720,0.1391032,Private
66727,0.1062147,Private
66729,0.643255,Private
66732,0.4564387,Private
66735,0.09063613,Private
66736,0.04833788,Private
66745,0.1136678,Private
66753,0.5425776,Public
66758,0.6847364,Public
66766,0.04433956,Public
66770,0.1034212,Public
66775,0.5844524,Public
66777,0.06560852,Public
66778,0.611473,Public
66780,0.5111402,Private
66786,0.613396,Public
66788,0.2720245,Public
66793,0.4854202,Public
66794,0.7079054,Public
66798,0.3325793,Private
66800,0.5152216,Private
66803,0.06284909,Public
66809,0.3706923,Private
66830,0.6086314,Public
66836,0.05476572,Private
66842,0.1145288,Private
66844,0.3101205,Private
66846,0.09593978,Public
66852,0.05161811,Private
66861,0.4965539,Private
66863,0.1467012,Private
66890,0.1192159,Public
66896,0.584357,Public
66897,0.1251808,Public
66899,0.0130189,Public
66900,0.5344511,Private
66905,0.08807662,Public
66909,0.54944,Public
66912,0.3303778,Private
66914,0.4031709,Public
66917,0.0912625,Private
66918,0.0700769,Private
66920,0.6560265,Private
66922,0.06036323,Private
66940,0.5499828,Public
66945,0.3175285,Public
66951,0.07457948,Private
66957,0.1735548,Public
66960,0.528335,Public
66961,0.5902336,Private
66968,0.5695137,Public
66972,0.1250202,Public
66981,0.735597,Public
66983,0.378437,Public
66985,0.7179368,Private
67005,0.09204371,Public
67009,0.7031922,Public
67021,0.7007251,Public
67028,0.129365,Private
67035,0.1611526,Public
67038,0.08448685,Public
67042,0.1461758,Private
67054,0.5836352,Public
67055,0.09773472,Private
67061,0.04481464,Public
67065,0.101123,Public
67067,0.09984219,Public
67078,0.1265774,Private
67081,0.62532,Public
67084,0.1238317,Public
67087,0.1730178,Private
67092,0.2752899,Public
67113,0.2999236,Private
67115,0.648146,Private
67121,0.05778457,Private
67136,0.0172705,Public
67143,0.1923966,Public
67155,0.675201,Private
67156,0.1117112,Public
67158,0.36533,Public
67160,0.0625431,Private
67163,0.3086915,Private
67165,0.6816112,Public
67169,0.08821505,Public
67170,0.05398092,Private
67172,0.203165,Private
67173,0.6160677,Public
67182,0.08737292,Public
67194,0.09699085,Public
67203,0.3959736,Public
67214,0.6462352,Public
67215,0.302101,Private
67221,0.310809,Public
67228,0.1306397,Public
67231,0.4585733,Private
67238,0.625783,Public
67260,0.5472331,Public
67261,0.0781544,Private
67262,0.4985211,Public
67263,0.1214449,Private
67264,0.5918031,Public
67270,0.4335776,Public
67271,0.08288419,Private
67278,0.3758258,Public
67288,0.4882902,Private
67293,0.2480312,Public
67298,0.04991956,Private
67300,0.1534596,Public
67306,0.1209701,Private
67309,0.3286132,Private
67310,0.1460336,Public
67313,0.1153979,Public
67321,0.07675606,Public
67334,0.4884993,Private
67342,0.456512,Public
67346,0.3101718,Private
67356,0.1850677,Public
67359,0.04540667,Public
67364,0.1069055,Private
67381,0.1408223,Public
67384,0.06000375,Public
67388,0.0654093,Private
67390,0.1674835,Private
67391,0.05365314,Public
67396,0.03998737,Public
67411,0.272538,Public
67421,0.1322687,Private
67428,0.09370291,Public
67435,0.1158185,Private
67438,0.3771127,Private
67439,0.7643472,Private
67442,0.1241064,Public
67443,0.546758,Public
67444,0.03490803,Public
67445,0.385705,Public
67446,0.05380327,Public
67449,0.03891964,Private
67450,0.3402704,Public
67468,0.3918545,Public
67470,0.06740455,Private
67471,0.3060508,Private
67474,0.04421512,Public
67494,0.1648692,Private
67496,0.07854555,Private
67501,0.1225867,Public
67506,0.2619873,Private
67507,0.2966779,Public
67509,0.3066488,Public
67519,0.4899035,Public
67525,0.3600844,Public
67526,0.08060037,Private
67534,0.514544,Private
67539,0.6122864,Public
67546,0.5983762,Private
67551,0.3770438,Public
67560,0.08545986,Public
67561,0.3406546,Private
67563,0.7713326,Public
67567,0.1293918,Private
67568,0.1267863,Public
67573,0.04077567,Private
67576,0.2388309,Public
67580,0.1050674,Public
67584,0.1371263,Private
67592,0.4089888,Private
67593,0.5034893,Public
67594,0.4743237,Private
67598,0.482588,Public
67600,0.1777611,Public
67602,0.5860865,Public
67603,0.3989987,Private
67609,0.1762444,Private
67612,0.05716923,Private
67613,0.3764499,Private
67616,0.0801336,Public
67619,0.4068951,Public
67628,0.05838865,Public
67638,0.09689431,Private
67641,0.5835372,Public
67642,0.04491816,Private
67643,0.1211498,Private
67649,0.5841631,Private
67650,0.09901621,Public
67657,0.4117683,Public
67661,0.441005,Private
67664,0.07945749,Private
67675,0.02500809,Public
67684,0.1359035,Private
67690,0.08727998,Private
67691,0.06769866,Public
67695,0.3282207,Private
67696,0.06515656,Public
67699,0.4630032,Private
67708,0.06306463,Public
67712,0.1104702,Public
67713,0.1698044,Public
67728,0.1470533,Private
67753,0.1998672,Private
67759,0.5537856,Public
67764,0.6393234,Public
67766,0.5160914,Public
67770,0.0518445,Public
67779,0.1096352,Private
67782,0.5144519,Public
67784,0.4210523,Private
67787,0.7206425,Private
67789,0.194367,Public
67799,0.4960008,Private
67804,0.1353706,Private
67807,0.4792901,Private
67808,0.3760521,Private
67819,0.1308913,Public
67821,0.4393425,Public
67838,0.1634953,Private
67839,0.3519223,Public
67843,0.6032624,Private
67847,0.5841292,Private
67850,0.2481476,Public
67853,0.03271326,Public
67857,0.5669391,Public
67863,0.05972073,Private
67865,0.09657843,Public
67875,0.5767882,Public
67889,0.5688058,Private
67894,0.3606239,Private
67902,0.6731988,Private
67904,0.06775725,Private
67906,0.1699806,Public
67913,0.4487564,Private
67914,0.1595488,Private
67917,0.5052707,Public
67936,0.241872,Public
67938,0.5866633,Public
67945,0.2101167,Private
67946,0.04641996,Private
67951,0.4622675,Private
67952,0.1954154,Private
67957,0.527487,Public
67963,0.01301672,Private
67965,0.1131986,Private
67969,0.6311771,Private
67975,0.2208008,Public
67982,0.1410397,Private
67990,0.4391701,Private
67996,0.2000285,Public
68008,0.1775101,Private
68011,0.08706094,Public
68019,0.3341314,Public
68020,0.2856713,Private
68026,0.5574262,Public
68027,0.08878929,Private
68038,0.5542769,Private
68040,0.4151814,Public
68045,0.08046377,Public
68047,0.07265553,Public
68049,0.3725924,Public
68056,0.5216333,Private
68078,0.2876725,Public
68079,0.4674691,Private
68089,0.5276157,Public
68099,0.1134965,Public
68104,0.2875476,Private
68111,0.671401,Public
68112,0.5688352,Private
68116,0.06422488,Private
68117,0.5801002,Private
68122,0.1244916,Public
68126,0.4178645,Public
68136,0.1736997,Private
68143,0.1302434,Public
68147,0.5942193,Private
68148,0.1666372,Private
68149,0.474633,Private
68154,0.08476467,Private
68159,0.02142574,Private
68165,0.4966176,Public
68172,0.5333089,Private
68173,0.1252302,Private
68178,0.2103471,Public
68184,0.0456671,Private
68187,0.5448038,Public
68199,0.04363542,Public
68206,0.4337192,Private
68207,0.2352944,Private
68211,0.1906021,Public
68222,0.4857008,Private
68225,0.550584,Public
68226,0.5597101,Public
68232,0.02467802,Public
68235,0.5975264,Private
68244,0.2723278,Public
68247,0.0848324,Public
68248,0.07734033,Private
68258,0.0465567,Public
68259,0.4830572,Public
68264,0.1953175,Public
68274,0.09773564,Private
68285,0.7301313,Private
68289,0.05027571,Private
68295,0.1951504,Public
68304,0.1159538,Public
68306,0.4612667,Private
68309,0.5718549,Public
68312,0.561208,Public
68315,0.1666157,Public
68319,0.2170041,Public
68321,0.09981927,Public
68322,0.1125183,Private
68323,0.5155624,Public
68336,0.4386799,Private
68340,0.5457163,Public
68344,0.1424046,Private
68354,0.2168612,Private
68358,0.456999,Private
68359,0.301465,Public
68363,0.3710686,Private
68367,0.175896,Public
68368,0.1188422,Private
68369,0.5439599,Private
68371,0.08049972,Private
68376,0.4749779,Private
68379,0.05318917,Private
68382,0.130469,Private
68385,0.08322683,Public
68388,0.3451093,Public
68408,0.0813164,Private
68416,0.07595782,Private
68422,0.1413577,Public
68431,0.5176573,Public
68447,0.2927592,Private
68449,0.2721505,Public
68450,0.1822704,Public
68456,0.7137052,Public
68458,0.07924325,Public
68464,0.1798511,Private
68469,0.0655239,Public
68470,0.4709596,Public
68472,0.2552127,Private
68475,0.4769568,Public
68476,0.1032384,Public
68477,0.5310696,Public
68481,0.1078885,Public
68487,0.508864,Private
68497,0.5919476,Public
68498,0.02412909,Public
68513,0.542367,Public
68515,0.3097523,Public
68519,0.07555418,Public
68531,0.1070312,Public
68535,0.08380361,Public
68546,0.09298297,Public
68560,0.05145275,Private
68576,0.5682902,Public
68577,0.2596792,Public
68578,0.4964592,Private
68580,0.1260158,Public
68582,0.1597755,Private
68591,0.1591298,Public
68593,0.5517184,Public
68602,0.1753025,Private
68607,0.1841896,Public
68617,0.04985578,Public
68619,0.5350566,Private
68623,0.6303914,Private
68625,0.07016639,Public
68648,0.1886823,Private
68650,0.1517742,Public
68653,0.03769721,Private
68659,0.1389878,Public
68665,0.5589514,Private
68666,0.1278953,Public
68670,0.4861228,Private
68673,0.1848902,Public
68681,0.1121768,Private
68682,0.1755528,Private
68684,0.5366447,Private
68685,0.1011823,Private
68689,0.5337948,Public
68694,0.1158949,Private
68703,0.4065932,Public
68706,0.1324815,Private
68711,0.0745055,Private
68731,0.09150732,Public
68745,0.1053661,Public
68748,0.4834512,Private
68752,0.04129205,Private
68754,0.08611809,Private
68760,0.07966378,Private
68771,0.2010233,Public
68772,0.4468254,Private
68774,0.3180809,Private
68775,0.06227528,Private
68783,0.05778819,Private
68785,0.3186333,Private
68787,0.3918538,Private
68795,0.09021002,Private
68798,0.486644,Private
68803,0.1886335,Private
68811,0.5007855,Public
68812,0.5050341,Public
68814,0.1488373,Private
68816,0.3141211,Private
68819,0.4813395,Private
68827,0.511239,Private
68828,0.4697699,Public
68835,0.4536892,Public
68836,0.06085194,Private
68840,0.1009246,Private
68842,0.5406137,Public
68843,0.07171457,Public
68847,0.09286132,Public
68860,0.07425454,Public
68861,0.4958104,Private
68866,0.6858317,Public
68868,0.1087331,Public
68876,0.511656,Private
68878,0.1269777,Private
68879,0.2599556,Private
68894,0.1197642,Public
68895,0.1310116,Public
68896,0.1475932,Public
68899,0.07635189,Private
68904,0.1088834,Public
68906,0.2903892,Private
68908,0.4396142,Private
68910,0.06538651,Private
68916,0.5812647,Public
68920,0.1275545,Public
68921,0.07172132,Private
68926,0.1489915,Public
68931,0.05813755,Private
68936,0.2043533,Public
68943,0.3394525,Private
68945,0.06022806,Private
68950,0.4927957,Public
68960,0.3856776,Private
68968,0.3352801,Private
68975,0.06318387,Private
68993,0.3311143,Public
69000,0.1087096,Public
69001,0.4721337,Private
69002,0.5655645,Public
69015,0.1403637,Private
69035,0.3515896,Public
69042,0.1403307,Private
69050,0.1496092,Public
69051,0.634029,Private
69057,0.4095099,Public
69070,0.6684959,Public
69072,0.1071639,Public
69074,0.06664915,Private
69081,0.5921203,Public
69082,0.5927343,Private
69087,0.5827403,Public
69092,0.09293128,Private
69093,0.09453806,Private
69101,0.5373924,Public
69103,0.1915483,Public
69108,0.4815822,Public
69109,0.4826779,Private
69110,0.08726029,Private
69119,0.1465334,Public
69122,0.4969049,Private
69123,0.5919604,Private
69134,0.3581052,Private
69139,0.322794,Private
69157,0.07841594,Private
69163,0.4133217,Private
69165,0.2142389,Private
69166,0.07967314,Public
69172,0.2271344,Private
69180,0.192359,Private
69184,0.2664127,Private
69187,0.5150069,Public
69192,0.02599834,Private
69201,0.113062,Public
69202,0.1742896,Private
69205,0.07530721,Public
69206,0.175877,Private
69208,0.4259811,Public
69211,0.2626311,Public
69212,0.7042148,Public
69217,0.3311005,Public
69224,0.105656,Public
69249,0.4342671,Private
69252,0.5880048,Private
69263,0.4799948,Private
69267,0.5072841,Private
69274,0.08779199,Public
69278,0.0944218,Private
69280,0.3786672,Private
69283,0.06702711,Public
69284,0.3917938,Private
69285,0.5007648,Private
69286,0.05799183,Private
69290,0.5885287,Private
69298,0.07878321,Public
69300,0.1010841,Private
69306,0.2154595,Public
69310,0.3334126,Private
69322,0.07735829,Public
69327,0.5147126,Public
69329,0.07532861,Public
69336,0.08497866,Public
69338,0.1109272,Public
69341,0.3789571,Public
69345,0.4694403,Private
69346,0.2502313,Private
69350,0.2209814,Public
69351,0.1268302,Private
69353,0.1171109,Private
69358,0.4366245,Public
69374,0.06163293,Private
69377,0.6997916,Public
69381,0.455732,Public
69385,0.06156182,Public
69390,0.4148584,Public
69392,0.3000786,Private
69393,0.1157758,Private
69407,0.5846581,Public
69409,0.5056274,Private
69428,0.5085288,Public
69434,0.1888839,Public
69443,0.06860502,Private
69444,0.06702032,Private
69445,0.6843542,Private
69449,0.2466831,Public
69453,0.447753,Public
69460,0.09221021,Public
69463,0.07647625,Private
69468,0.5307842,Public
69479,0.1056626,Private
69483,0.6004781,Public
69487,0.286743,Public
69497,0.08579976,Public
69504,0.1646291,Private
69506,0.140075,Private
69517,0.1500896,Private
69518,0.1210567,Private
69519,0.1373238,Private
69521,0.09104294,Public
69526,0.66619,Private
69532,0.1140858,Private
69535,0.1567935,Private
69537,0.6188446,Public
69541,0.5071421,Public
69549,0.06868627,Private
69561,0.2886813,Public
69569,0.07760888,Public
69585,0.0658481,Public
69586,0.5888244,Private
69590,0.02396282,Public
69599,0.6524765,Private
69603,0.3139604,Private
69610,0.1330316,Private
69615,0.3936278,Public
69617,0.6869673,Private
69619,0.1336305,Public
69624,0.1122793,Public
69625,0.5912226,Public
69626,0.5639656,Public
69634,0.09954178,Private
69639,0.3552467,Public
69650,0.08188514,Private
69669,0.07864655,Public
69672,0.05679011,Private
69678,0.5969698,Private
69681,0.2461886,Public
69687,0.45211,Private
69690,0.07578012,Public
69694,0.06402054,Private
69702,0.1482958,Private
69711,0.3412364,Private
69715,0.06940233,Public
69724,0.5245715,Private
69726,0.3648084,Private
69754,0.1372798,Private
69767,0.3348386,Public
69768,0.1360698,Public
69770,0.5950307,Private
69778,0.657893,Private
69783,0.1738961,Private
69785,0.2392374,Private
69786,0.4038667,Private
69795,0.2222499,Public
69803,0.109895,Private
69806,0.08375975,Public
69810,0.0312029,Private
69812,0.7151132,Public
69815,0.7764099,Private
69831,0.1717134,Private
69835,0.04599704,Private
69836,0.5476788,Public
69837,0.1276996,Private
69838,0.4799691,Public
69847,0.5322767,Public
69852,0.07423642,Private
69854,0.5009068,Private
69855,0.2255461,Public
69863,0.1153409,Private
69868,0.5189309,Public
69876,0.07733287,Private
69893,0.4920802,Private
69896,0.2117854,Private
69902,0.1645446,Private
69903,0.1138817,Private
69904,0.5414623,Private
69906,0.5263186,Public
69909,0.5145867,Public
69918,0.1343986,Private
69922,0.08315867,Public
69925,0.1319743,Private
69926,0.6473672,Public
69928,0.413917,Private
69930,0.241829,Public
69939,0.3932631,Private
69951,0.2827373,Private
69959,0.1062289,Public
69963,0.6195224,Private
69967,0.1407996,Public
69996,0.0825336,Private
69998,0.06798931,Private
70009,0.125715,Public
70014,0.02352845,Public
70017,0.6716468,Public
70021,0.1465795,Public
70022,0.5582427,Private
70027,0.1547448,Public
70028,0.623897,Private
70031,0.5131047,Private
70035,0.5383627,Private
70043,0.1187318,Private
70047,0.60522,Public
70051,0.07155269,Private
70053,0.6241748,Private
70063,0.07433094,Private
70067,0.1121058,Public
70069,0.5203134,Public
70072,0.3934165,Private
70077,0.5712156,Private
70080,0.606529,Public
70089,0.5059969,Private
70091,0.1063662,Public
70093,0.2113415,Private
70097,0.5773718,Public
70102,0.05001598,Public
70111,0.5631602,Public
70112,0.4149879,Public
70114,0.1605714,Public
70119,0.09633964,Public
70122,0.1574848,Public
70130,0.5146082,Private
70134,0.6164488,Private
70135,0.4765138,Private
70152,0.1086546,Public
70153,0.5172179,Public
70162,0.7617336,Private
70167,0.1490126,Private
70173,0.1238613,Private
70179,0.6788309,Private
70188,0.2097814,Private
70190,0.138867,Private
70192,0.07228636,Public
70194,0.08328757,Private
70198,0.6233046,Private
70199,0.1674284,Private
70202,0.6261696,Public
70204,0.08108133,Public
70207,0.3099869,Public
70210,0.1821315,Public
70211,0.1390057,Private
70218,0.1753613,Private
70219,0.1523087,Public
70227,0.7539185,Private
70229,0.5483115,Public
70233,0.08359976,Private
70246,0.1227485,Public
70247,0.4086368,Private
70248,0.1074351,Private
70258,0.08015821,Private
70263,0.6260456,Private
70268,0.2722393,Public
70269,0.1115646,Private
70271,0.1090557,Public
70283,0.08643007,Public
70290,0.197239,Private
70293,0.1456378,Private
70305,0.435923,Private
70309,0.4849922,Public
70313,0.09359263,Private
70316,0.1849603,Public
70320,0.4884372,Private
70323,0.1365355,Private
70326,0.367864,Private
70331,0.1624724,Private
70333,0.1207465,Private
70340,0.474661,Public
70342,0.4619075,Private
70354,0.3393975,Private
70366,0.1881071,Public
70375,0.5985885,Public
70382,0.1082494,Public
70385,0.1106181,Private
70390,0.494922,Private
70392,0.5773927,Private
70393,0.5004284,Public
70394,0.1688813,Public
70400,0.06188194,Private
70402,0.6879895,Public
70404,0.1062825,Public
70409,0.07507008,Public
70411,0.1304368,Public
70412,0.08039749,Public
70423,0.3217832,Private
70427,0.08731572,Public
70429,0.4515758,Public
70434,0.3048361,Private
70441,0.6996123,Private
70442,0.1220391,Private
70448,0.6371029,Private
70453,0.02810762,Private
70456,0.4941482,Private
70459,0.6195422,Private
70461,0.1527324,Public
70463,0.08385591,Private
70467,0.6926253,Public
70469,0.3483333,Public
70474,0.3679115,Public
70476,0.2940817,Public
70478,0.6958138,Public
70480,0.1269303,Private
70482,0.3176304,Public
70496,0.05265685,Public
70499,0.4491009,Public
70507,0.1239149,Public
70515,0.5397956,Private
70532,0.6007358,Public
70533,0.5305957,Public
70538,0.03128881,Public
70543,0.4848189,Public
70553,0.1742426,Public
70559,0.5109879,Public
70560,0.5168459,Private
70572,0.06589577,Private
70585,0.109201,Private
70587,0.08606229,Public
70588,0.05177453,Public
70592,0.1392172,Private
70599,0.3363,Public
70601,0.5044903,Private
70603,0.2903644,Private
70605,0.43107,Public
70610,0.371599,Public
70624,0.06946926,Private
70627,0.06482647,Private
70631,0.6722109,Private
70640,0.1219809,Public
70641,0.5603769,Private
70647,0.429097,Public
70648,0.6239426,Public
70649,0.0931069,Private
70658,0.3120831,Private
70663,0.1241685,Public
70678,0.5455291,Public
70683,0.4825566,Public
70687,0.03445529,Public
70690,0.5256774,Public
70714,0.652353,Private
70721,0.1629868,Public
70726,0.06939279,Private
70729,0.6335402,Public
70739,0.3813148,Public
70740,0.05935438,Public
70744,0.1561341,Public
70765,0.5861111,Private
70766,0.1850287,Private
70779,0.1149341,Private
70780,0.1506339,Public
70792,0.2541818,Private
70793,0.4442463,Private
70799,0.1000057,Public
70812,0.6695531,Private
70815,0.1232287,Private
70819,0.3472962,Private
70821,0.6132498,Private
70825,0.5264955,Private
70831,0.227952,Public
70832,0.1189034,Private
70835,0.09246133,Private
70843,0.4958517,Public
70855,0.3327854,Private
70864,0.4940971,Private
70871,0.09507671,Public
70880,0.1873208,Private
70886,0.1674966,Private
70897,0.7829184,Private
70902,0.2200787,Private
70910,0.5622443,Public
70912,0.5487893,Private
70916,0.4021031,Private
70917,0.4420024,Private
70934,0.1669176,Public
70935,0.5017496,Public
70949,0.1784638,Private
70959,0.5274373,Public
70966,0.393005,Public
70968,0.7697558,Private
70969,0.02937481,Private
70971,0.6948481,Private
70977,0.1053961,Private
70979,0.159724,Private
70981,0.1300765,Public
70984,0.03822631,Private
70990,0.1515283,Private
70994,0.06284452,Private
71011,0.1377154,Public
71017,0.1752256,Public
71028,0.06055351,Private
71031,0.5994089,Private
71033,0.5497247,Private
71035,0.1572872,Private
71042,0.5746593,Private
71045,0.1387871,Public
71051,0.05701172,Private
71054,0.5181529,Private
71055,0.2509094,Public
71062,0.4311898,Public
71066,0.1433301,Private
71074,0.6988307,Private
71088,0.1573791,Public
71091,0.1922533,Public
71094,0.5188528,Public
71101,0.08555739,Private
71116,0.1183062,Private
71117,0.1497012,Public
71121,0.2895834,Private
71126,0.1415737,Public
71127,0.6929181,Public
71128,0.6268824,Public
71138,0.08155322,Private
71139,0.09903127,Private
71147,0.3157427,Public
71150,0.1126941,Private
71152,0.09760994,Private
71153,0.4969231,Private
71154,0.09156811,Private
71155,0.05765232,Private
71156,0.1326835,Public
71158,0.0673671,Public
71160,0.1278164,Private
71180,0.5460849,Private
71185,0.1645524,Private
71186,0.1230939,Private
71187,0.1641127,Private
71196,0.09802756,Private
71200,0.4700347,Private
71206,0.5181994,Public
71211,0.5644569,Private
71216,0.1226365,Private
71218,0.2554247,Public
71229,0.679676,Public
71232,0.06740147,Private
71240,0.1751494,Private
71246,0.33401,Public
71257,0.4895105,Public
71260,0.5882055,Public
71274,0.6041203,Public
71279,0.6597813,Private
71289,0.5791783,Private
71291,0.1522138,Private
71295,0.03501943,Public
71301,0.08140446,Public
71303,0.5632467,Public
71308,0.4563141,Private
71309,0.06722981,Private
71310,0.4558838,Public
71312,0.05902915,Private
71315,0.603143,Public
71318,0.233955,Public
71319,0.1287484,Private
71324,0.04376799,Public
71325,0.0173114,Private
71326,0.6328054,Public
71327,0.09079672,Private
71333,0.4210044,Public
71334,0.1348538,Public
71344,0.1486859,Public
71347,0.2957238,Private
71354,0.1041397,Private
71356,0.3365292,Private
71363,0.1588668,Public
71368,0.5476108,Public
71376,0.1395773,Public
71386,0.6848188,Private
71387,0.1218715,Public
71388,0.2974142,Public
71425,0.7165767,Private
71427,0.3553756,Private
71428,0.742494,Public
71431,0.4102697,Public
71435,0.04019263,Public
71437,0.01868951,Private
71442,0.28912,Public
71448,0.07123402,Private
71455,0.1862342,Public
71458,0.4873484,Private
71466,0.04558778,Private
71468,0.2769718,Public
71469,0.1966381,Public
71474,0.1497381,Public
71486,0.3105086,Private
71492,0.1290805,Private
71494,0.6320642,Private
71519,0.1035543,Public
71520,0.1483907,Public
71524,0.537457,Private
71531,0.271629,Private
71537,0.07158967,Private
71540,0.1151128,Private
71543,0.3314837,Private
71545,0.314119,Private
71548,0.266913,Private
71558,0.477074,Private
71569,0.4768403,Private
71574,0.255821,Private
71576,0.788447,Public
71591,0.1328479,Private
71596,0.07038137,Private
71602,0.5725435,Public
71609,0.2509387,Private
71610,0.0316554,Public
71612,0.04642025,Public
71621,0.6293512,Public
71622,0.1278982,Private
71626,0.1267051,Private
71629,0.04496002,Private
71633,0.5851971,Public
71635,0.1106455,Private
71641,0.2798236,Public
71642,0.1421672,Public
71643,0.17901,Public
71652,0.1109873,Private
71667,0.04911887,Public
71675,0.2970088,Private
71677,0.5011297,Private
71678,0.09648379,Public
71688,0.5795886,Private
71694,0.08187429,Public
71695,0.5219122,Public
71696,0.2451358,Public
71707,0.4144275,Private
71713,0.5703093,Private
71718,0.5062667,Private
71719,0.1812796,Private
71725,0.08008943,Public
71726,0.3305294,Private
71727,0.5218219,Public
71728,0.3844513,Public
71736,0.1663097,Private
71739,0.2075089,Public
71743,0.4567093,Public
71745,0.5618567,Public
71749,0.08023018,Public
71762,0.2946495,Private
71765,0.3368798,Public
71774,0.7799296,Private
71776,0.4594721,Public
71778,0.06448587,Private
71779,0.7780846,Private
71792,0.1549144,Private
71805,0.1873447,Private
71819,0.5799335,Private
71820,0.3184927,Private
71831,0.2431436,Private
71832,0.1234139,Public
71833,0.06644017,Public
71834,0.4021687,Private
71835,0.619415,Public
71838,0.1815881,Public
71839,0.4179575,Private
71846,0.52692,Public
71849,0.2993076,Public
71853,0.4992763,Private
71854,0.5684181,Public
71857,0.1009186,Public
71873,0.524496,Public
71880,0.3771467,Public
71885,0.6943749,Public
71887,0.09738292,Private
71894,0.09633888,Public
71895,0.5981166,Public
71906,0.08519407,Private
71907,0.07492071,Public
71908,0.6376769,Public
71910,0.1409495,Public
71916,0.5294615,Public
71918,0.5942591,Public
71923,0.6367252,Public
71927,0.2308052,Private
71932,0.04401205,Private
71934,0.1289281,Private
71939,0.3025974,Public
71942,0.3366154,Private
71947,0.09481829,Private
71966,0.3227608,Public
71973,0.07385603,Private
71975,0.3225897,Private
71979,0.473924,Public
71980,0.5761037,Private
71984,0.1458676,Public
71986,0.5592669,Public
71988,0.353751,Public
71997,0.2323444,Public
72008,0.6789212,Private
72009,0.4746863,Private
72010,0.3088467,Public
72012,0.1245058,Private
72013,0.06473159,Private
72015,0.5289259,Private
72022,0.05957857,Private
72035,0.07227678,Private
72036,0.5390589,Private
72042,0.4021271,Public
72043,0.1216966,Private
72045,0.08305191,Public
72048,0.2259053,Public
72055,0.09639747,Public
72069,0.0762819,Public
72075,0.6225479,Private
72082,0.5347875,Private
72084,0.08230938,Public
72089,0.1025774,Private
72090,0.7478209,Public
72095,0.2013364,Private
72099,0.02746446,Public
72101,0.1486543,Public
72102,0.1663068,Private
72104,0.6195343,Private
72105,0.06788231,Public
72107,0.09683752,Public
72108,0.2899382,Public
72115,0.07361296,Private
72123,0.6827202,Public
72124,0.09315967,Public
72126,0.5213164,Private
72127,0.122143,Private
72134,0.4905608,Public
72144,0.4984587,Private
72146,0.2184549,Public
72153,0.0628167,Public
72154,0.08184957,Private
72158,0.05905972,Public
72177,0.1665355,Public
72178,0.3820041,Private
72179,0.231349,Private
72190,0.3562097,Private
72197,0.5016816,Private
72201,0.08124915,Public
72204,0.06780647,Private
72216,0.365403,Public
72219,0.3237161,Private
72227,0.1248591,Public
72231,0.1117033,Public
72232,0.5004311,Public
72233,0.2274083,Private
72237,0.1300779,Public
72240,0.4896346,Private
72246,0.5029833,Private
72254,0.06409287,Private
72255,0.1507088,Public
72258,0.3439411,Public
72265,0.07090705,Private
72267,0.568931,Private
72274,0.2391381,Public
72287,0.04803816,Private
72298,0.1141963,Public
72302,0.4444869,Public
72303,0.1020036,Public
72307,0.115581,Public
72309,0.5021183,Public
72317,0.4176949,Private
72320,0.3356726,Public
72322,0.314282,Private
72323,0.5005108,Private
72328,0.5894405,Private
72354,0.5302513,Public
72355,0.02700872,Private
72356,0.340636,Public
72358,0.3898993,Private
72361,0.6245708,Public
72369,0.3438132,Private
72373,0.1314472,Public
72374,0.7159044,Private
72377,0.1518433,Public
72379,0.6877192,Public
72388,0.08629195,Private
72390,0.5307578,Public
72391,0.5928192,Private
72392,0.5416473,Private
72394,0.5278038,Private
72402,0.5126641,Private
72409,0.3015153,Private
72413,0.2116182,Private
72420,0.1058509,Public
72427,0.1229497,Private
72430,0.07632572,Private
72436,0.214741,Public
72439,0.5709556,Public
72460,0.1193055,Public
72467,0.0502621,Private
72468,0.4988872,Public
72474,0.1106349,Private
72489,0.5496084,Private
72495,0.6534557,Private
72497,0.06194758,Public
72498,0.1361087,Private
72499,0.4699843,Private
72502,0.2841687,Public
72516,0.1157009,Public
72518,0.1054389,Public
72525,0.07872394,Private
72534,0.4797171,Public
72541,0.559938,Public
72545,0.4653887,Public
72551,0.4854552,Public
72553,0.5384967,Public
72554,0.1029442,Private
72561,0.1180534,Public
72567,0.1614652,Private
72571,0.6000642,Public
72572,0.7312801,Public
72573,0.4557521,Private
72577,0.5393003,Private
72588,0.1388732,Private
72590,0.5964513,Public
72592,0.03583442,Private
72594,0.5784489,Private
72595,0.06205921,Public
72597,0.1817756,Private
72603,0.127341,Public
72613,0.4823486,Public
72615,0.08641072,Private
72617,0.368864,Private
72618,0.07455577,Private
72629,0.6069266,Private
72635,0.1132598,Public
72644,0.5910171,Private
72651,0.6090306,Private
72652,0.1377335,Public
72656,0.7378057,Public
72657,0.4839533,Private
72663,0.5064154,Public
72666,0.09413175,Private
72682,0.3354017,Public
72683,0.3632959,Private
72684,0.3075786,Private
72692,0.3657407,Private
72694,0.6103643,Private
72702,0.5022069,Public
72715,0.2461234,Private
72717,0.5481638,Private
72723,0.3337193,Private
72725,0.08547129,Private
72728,0.08197242,Private
72739,0.2111802,Private
72742,0.03252444,Private
72743,0.4830626,Private
72746,0.138943,Private
72750,0.7102222,Public
72752,0.108285,Public
72762,0.6064865,Private
72766,0.6321412,Public
72776,0.1654938,Public
72778,0.04369821,Public
72779,0.4241511,Private
72780,0.4528034,Private
72781,0.08444727,Private
72782,0.4908557,Private
72788,0.6635408,Private
72789,0.6300014,Public
72790,0.1603118,Public
72793,0.1529551,Public
72795,0.4797403,Public
72799,0.09932914,Private
72805,0.1518044,Public
72812,0.07286089,Private
72827,0.02157371,Private
72828,0.03362601,Public
72832,0.6005514,Private
72833,0.06126093,Private
72843,0.4414808,Private
72847,0.113837,Private
72855,0.1483748,Private
72867,0.3875267,Private
72869,0.06304024,Private
72870,0.08258782,Public
72887,0.08391753,Private
72894,0.1239803,Private
72902,0.5829008,Public
72903,0.05218586,Public
72908,0.5647135,Public
72909,0.1561505,Public
72914,0.1589137,Public
72918,0.1637624,Public
72920,0.06718275,Private
72925,0.5087616,Private
72930,0.3283668,Private
72932,0.1709313,Public
72936,0.06699337,Private
72943,0.520657,Public
72949,0.5588072,Public
72954,0.1473109,Private
72959,0.4549983,Private
72969,0.175009,Private
72972,0.4373618,Private
72976,0.1013077,Private
72980,0.4884943,Private
72982,0.4677185,Private
72991,0.04303669,Public
72994,0.06114614,Public
72999,0.4973231,Private
73002,0.1560172,Private
73016,0.1314845,Public
73029,0.4883256,Public
73030,0.3856971,Public
73034,0.2762499,Public
73048,0.4950921,Public
73058,0.09927636,Private
73062,0.1905153,Public
73065,0.02462331,Public
73071,0.7758497,Public
73079,0.2981665,Private
73098,0.04280555,Public
73100,0.1423905,Public
73108,0.4065698,Private
73124,0.6791522,Private
73133,0.1351518,Public
73143,0.04915268,Private
73150,0.09273113,Public
73155,0.07713176,Private
73158,0.595481,Public
73162,0.157246,Private
73165,0.139893,Private
73166,0.1233276,Private
73167,0.1410973,Private
73168,0.637564,Public
73169,0.1021498,Private
73173,0.5542837,Public
73177,0.5807663,Public
73181,0.1143449,Private
73185,0.3672706,Private
73193,0.6812567,Private
73202,0.392794,Private
73225,0.02889983,Private
73228,0.09166867,Private
73229,0.0753377,Private
73230,0.1954343,Private
73233,0.1280334,Public
73246,0.2500102,Private
73251,0.4691354,Private
73263,0.3816305,Private
73271,0.1617387,Public
73273,0.03898064,Public
73277,0.08495272,Public
73282,0.4645439,Public
73285,0.479275,Private
73290,0.5021346,Public
73294,0.07544678,Public
73297,0.5809705,Private
73300,0.3245482,Public
73302,0.3797937,Public
73306,0.05850689,Private
73309,0.3007783,Private
73313,0.1208916,Private
73319,0.4851022,Private
73324,0.6388955,Private
73332,0.539585,Public
73339,0.4984196,Private
73340,0.06902958,Private
73346,0.04520065,Private
73352,0.6058943,Public
73356,0.1517831,Public
73366,0.660036,Public
73369,0.4760021,Private
73373,0.07921813,Private
73374,0.3675224,Public
73379,0.08397883,Private
73384,0.5373677,Private
73391,0.1778037,Private
73396,0.1486498,Public
73398,0.2729483,Private
73401,0.07786069,Private
73402,0.4636365,Private
73404,0.2923954,Private
73410,0.07396535,Private
73414,0.09773134,Public
73432,0.07311461,Private
73438,0.6132765,Public
73445,0.06377174,Private
73463,0.1293881,Private
73469,0.5041603,Private
73471,0.5177349,Private
73474,0.1469391,Public
73477,0.625208,Public
73479,0.5014277,Private
73480,0.6533093,Public
73489,0.6262258,Public
73493,0.3940298,Private
73495,0.04504985,Public
73501,0.2135831,Public
73502,0.08423247,Public
73506,0.1276407,Private
73508,0.07091454,Public
73509,0.09049751,Private
73511,0.5338573,Private
73523,0.1592083,Public
73527,0.09759496,Public
73530,0.4712615,Public
73531,0.5850319,Private
73535,0.4187185,Public
73537,0.3265079,Public
73539,0.1604784,Public
73543,0.1080581,Public
73545,0.1204381,Private
73548,0.5290425,Public
73551,0.5332525,Private
73553,0.316477,Public
73563,0.1523598,Private
73567,0.2152617,Private
73568,0.4047611,Public
73580,0.4233999,Private
73588,0.2573192,Private
73591,0.4953785,Private
73596,0.07179647,Private
73598,0.2000977,Private
73601,0.6307041,Public
73602,0.4988964,Private
73606,0.6882083,Public
73609,0.6191167,Private
73613,0.08291166,Private
73616,0.07718149,Private
73620,0.04815153,Private
73631,0.5256811,Public
73633,0.3996881,Private
73634,0.07926651,Public
73638,0.618833,Private
73643,0.08435748,Private
73648,0.08151928,Public
73653,0.4707299,Private
73656,0.1668735,Public
73664,0.498281,Private
73666,0.5813377,Private
73667,0.5480909,Private
73678,0.3739628,Private
73686,0.09800316,Public
73688,0.5411037,Public
73690,0.1076401,Public
73695,0.04630699,Public
73698,0.1639283,Public
73703,0.4706964,Private
73704,0.1332053,Private
73705,0.2110729,Public
73717,0.1138963,Private
73719,0.348515,Private
73740,0.3031348,Public
73741,0.07381918,Private
73744,0.5082245,Public
73745,0.5268924,Private
73746,0.5987739,Private
73748,0.168918,Public
73755,0.1479698,Public
73757,0.1361386,Private
73758,0.1104495,Public
73762,0.1306491,Private
73770,0.4871567,Private
73779,0.1121678,Public
73781,0.07248925,Private
73786,0.6352255,Private
73788,0.2164368,Public
73794,0.04670615,Private
73800,0.5290558,Public
73802,0.626861,Private
73805,0.4409238,Public
73809,0.05471784,Public
73820,0.1069989,Private
73822,0.3476858,Private
73823,0.5669406,Public
73839,0.135672,Private
73843,0.1373862,Private
73844,0.2202018,Public
73847,0.5785834,Private
73851,0.04613246,Private
73861,0.4702084,Private
73869,0.06264071,Private
73870,0.07892801,Private
73883,0.3941838,Private
73885,0.3325903,Private
73889,0.5284369,Public
73903,0.5456038,Public
73905,0.4256627,Private
73914,0.1843909,Private
73916,0.08411164,Public
73920,0.1057917,Public
73922,0.5317828,Public
73927,0.1202674,Private
73933,0.1179606,Private
73937,0.1211739,Private
73947,0.03460572,Public
73948,0.3710559,Private
73953,0.08613547,Public
73960,0.1560808,Public
73963,0.09704737,Public
73965,0.3337566,Private
73967,0.2537477,Private
73969,0.1380789,Public
73970,0.4761932,Public
73972,0.5024025,Private
73973,0.2855424,Public
73984,0.1213244,Public
73994,0.1303613,Public
73997,0.4122518,Public
74000,0.2349392,Public
74005,0.04830162,Private
74024,0.2504767,Public
74027,0.3967465,Public
74031,0.1332993,Private
74034,0.4747721,Public
74038,0.06829116,Private
74051,0.05260198,Public
74055,0.5869345,Private
74062,0.07950391,Public
74065,0.1274671,Private
74069,0.2999036,Private
74071,0.650478,Private
74081,0.5611083,Private
74083,0.1942742,Public
74084,0.08012712,Public
74085,0.3046023,Private
74090,0.7158476,Private
74092,0.2227531,Public
74094,0.6189011,Private
74095,0.3297175,Private
74099,0.05819188,Private
74102,0.2049351,Private
74123,0.05259959,Private
74130,0.6455885,Public
74131,0.503388,Private
74134,0.06658234,Public
74135,0.5770588,Public
74137,0.6054289,Private
74142,0.2643288,Private
74155,0.5965028,Public
74157,0.08018163,Private
74159,0.3918639,Public
74160,0.1009907,Public
74163,0.482346,Private
74172,0.1169574,Private
74176,0.1270363,Private
74180,0.6452475,Public
74182,0.7960992,Private
74191,0.3726819,Public
74205,0.515091,Private
74216,0.3449833,Public
74218,0.5067686,Private
74219,0.1681365,Public
74221,0.3367691,Public
74225,0.5873111,Public
74229,0.07079482,Private
74231,0.6909009,Private
74233,0.6656017,Private
74236,0.05914146,Public
74237,0.128855,Public
74248,0.09624433,Private
74255,0.120312,Public
74258,0.1050408,Private
74264,0.5388406,Public
74266,0.517172,Private
74270,0.1498609,Private
74280,0.5607097,Public
74283,0.0488077,Public
74286,0.7809209,Private
74289,0.6340684,Public
74290,0.6059222,Private
74292,0.4725884,Private
74300,0.4701912,Public
74302,0.1213491,Private
74308,0.241855,Public
74310,0.07793574,Private
74311,0.3821205,Public
74312,0.1029606,Private
74318,0.5894111,Public
74319,0.556406,Public
74323,0.07460976,Public
74327,0.1017968,Public
74328,0.08172929,Private
74329,0.2396812,Public
74335,0.3651686,Public
74353,0.09535161,Public
74354,0.5201533,Public
74356,0.3462265,Public
74362,0.3589968,Public
74385,0.1341733,Private
74387,0.5132707,Private
74391,0.4991457,Private
74397,0.4311686,Public
74400,0.1368613,Private
74408,0.06289299,Private
74417,0.1997847,Private
74418,0.2622522,Public
74420,0.03930636,Public
74441,0.5112348,Public
74442,0.114362,Public
74451,0.04220937,Private
74460,0.1569023,Public
74462,0.1957992,Public
74466,0.5210809,Public
74469,0.1617288,Public
74474,0.08332079,Public
74478,0.1512938,Public
74486,0.07137482,Private
74489,0.5264216,Public
74490,0.07325958,Private
74491,0.04108129,Private
74492,0.08473296,Private
74495,0.4423352,Private
74499,0.2300703,Public
74504,0.357279,Private
74510,0.4937977,Private
74519,0.1624467,Public
74520,0.5915661,Public
74525,0.1889701,Private
74526,0.4607504,Public
74527,0.02847468,Private
74531,0.08720386,Public
74532,0.1335659,Public
74534,0.02900963,Private
74543,0.4758165,Private
74553,0.07586261,Private
74554,0.08271369,Private
74567,0.1216401,Private
74570,0.5250572,Public
74586,0.7756049,Private
74590,0.02419093,Public
74599,0.1457841,Public
74601,0.04566056,Private
74603,0.4620927,Public
74619,0.1042471,Private
74624,0.09757847,Public
74632,0.1160751,Public
74637,0.6952976,Public
74638,0.5856814,Private
74640,0.3018234,Private
74642,0.5249656,Public
74647,0.5147938,Public
74656,0.496637,Public
74658,0.1102232,Public
74663,0.5068596,Private
74666,0.7868928,Private
74667,0.2335795,Public
74671,0.5262136,Public
74676,0.08107601,Private
74681,0.1364875,Public
74684,0.06937379,Public
74691,0.06035166,Private
74693,0.5703981,Public
74694,0.1223734,Public
74696,0.09945651,Public
74702,0.04250043,Private
74704,0.7990301,Public
74707,0.08292531,Private
74710,0.514703,Public
74711,0.7332301,Public
74714,0.1841264,Private
74716,0.4971823,Public
74723,0.1255816,Public
74727,0.4072261,Public
74740,0.07437105,Private
74744,0.7195573,Public
74755,0.138999,Private
74763,0.1376784,Public
74777,0.4071293,Public
74779,0.1081478,Public
74781,0.6289697,Public
74791,0.5314019,Private
74795,0.4781939,Public
74796,0.0685283,Private
74797,0.1138248,Public
74804,0.0972629,Private
74807,0.1294258,Public
74813,0.5324998,Private
74816,0.02513494,Public
74822,0.1244553,Private
74842,0.1409644,Private
74852,0.1088987,Private
74854,0.2255827,Public
74855,0.7319916,Private
74859,0.04531588,Public
74861,0.2126094,Public
74868,0.4820211,Public
74874,0.4605601,Private
74877,0.6178791,Public
74878,0.6080934,Private
74888,0.5268187,Private
74893,0.5744613,Public
74900,0.4852297,Public
74904,0.0949052,Private
74905,0.08923992,Public
74907,0.4849734,Public
74910,0.259614,Public
74921,0.05589172,Private
74935,0.5023704,Public
74944,0.08289215,Public
74947,0.122197,Public
74960,0.5914279,Public
74964,0.03254611,Private
74965,0.2375,Private
74967,0.09391318,Private
74968,0.5621134,Private
74971,0.1336631,Public
74974,0.2505163,Private
74990,0.2919005,Private
74991,0.09402319,Private
74996,0.1462294,Private
75008,0.5666752,Public
75010,0.357268,Private
75012,0.07883516,Public
75017,0.1428107,Private
75019,0.1349366,Public
75020,0.2257332,Private
75023,0.359338,Private
75024,0.1551652,Private
75028,0.07485925,Public
75033,0.3263784,Private
75039,0.4273418,Private
75046,0.1522605,Private
75051,0.2271777,Private
75054,0.1370538,Private
75057,0.08919439,Private
75060,0.520595,Public
75069,0.5073454,Public
75079,0.1722359,Private
75082,0.09132426,Private
75088,0.1079337,Public
75093,0.4575636,Public
75096,0.543251,Public
75117,0.3663119,Private
75118,0.2241259,Private
75133,0.07253195,Private
75135,0.05773874,Public
75138,0.5995973,Public
75139,0.3706823,Private
75145,0.491441,Public
75147,0.1350131,Public
75148,0.1198543,Public
75153,0.1066151,Private
75160,0.4431747,Public
75163,0.2141434,Public
75164,0.4548515,Public
75166,0.07684369,Private
75172,0.5278037,Public
75174,0.5364919,Public
75179,0.05571988,Public
75186,0.133858,Public
75188,0.1279602,Private
75199,0.2750457,Private
75205,0.1135627,Public
75207,0.5446459,Private
75209,0.5240283,Public
75214,0.3983889,Private
75225,0.1253003,Public
75235,0.3438421,Public
75242,0.5354193,Private
75246,0.1626215,Private
75250,0.2654348,Private
75257,0.1463636,Private
75265,0.05724968,Private
75268,0.1261777,Private
75271,0.3132738,Public
75276,0.1464423,Public
75277,0.06837198,Private
75281,0.1850687,Private
75282,0.05625327,Private
75287,0.1213767,Public
75301,0.4225648,Public
75304,0.2719539,Public
75308,0.09794021,Private
75312,0.08139081,Public
75318,0.1190773,Private
75319,0.2229749,Public
75320,0.398943,Public
75324,0.02265959,Private
75330,0.1830306,Public
75350,0.1063643,Private
75351,0.1997955,Public
75353,0.1262553,Private
75355,0.4640618,Private
75357,0.4993085,Private
75361,0.1625593,Public
75379,0.4184893,Public
75386,0.5672941,Private
75388,0.1399561,Private
75396,0.7966375,Private
75400,0.4511766,Private
75403,0.6893677,Private
75414,0.1241709,Private
75415,0.5240778,Private
75418,0.3148885,Private
75419,0.6711915,Private
75422,0.126152,Private
75426,0.03007261,Private
75430,0.083276,Public
75432,0.4158838,Public
75446,0.2138822,Private
75450,0.27968,Private
75451,0.07785267,Public
75452,0.4080436,Private
75453,0.7347196,Private
75476,0.04733518,Private
75481,0.287475,Private
75483,0.5220217,Public
75485,0.1229784,Public
75486,0.1960575,Public
75499,0.1270049,Private
75503,0.101246,Public
75504,0.04350974,Private
75515,0.1936699,Private
75519,0.509352,Private
75520,0.4971339,Private
75526,0.1637926,Private
75532,0.02351408,Private
75536,0.1421642,Public
75542,0.5643129,Public
75561,0.5665725,Private
75564,0.5617649,Public
75569,0.04528433,Private
75577,0.4259626,Public
75582,0.09308668,Private
75583,0.4660847,Public
75587,0.56678,Private
75591,0.1238756,Public
75602,0.07786874,Private
75603,0.5539023,Public
75609,0.02164586,Private
75622,0.3831795,Public
75629,0.566434,Private
75645,0.2748803,Private
75652,0.5080889,Private
75656,0.05544388,Private
75665,0.06356188,Private
75667,0.0565417,Private
75672,0.5098789,Public
75675,0.04030074,Private
75676,0.2650886,Public
75677,0.4640017,Private
75681,0.4222117,Public
75683,0.5367847,Public
75692,0.0848015,Private
75697,0.6368366,Public
75700,0.1251428,Public
75701,0.04767862,Public
75703,0.1501058,Private
75705,0.6537776,Public
75706,0.1201829,Public
75713,0.6934955,Private
75715,0.1780539,Private
75717,0.4279437,Public
75720,0.1380116,Private
75723,0.1241916,Public
75726,0.7573883,Private
75731,0.482393,Public
75745,0.118158,Public
75749,0.5544789,Public
75751,0.1333645,Private
75752,0.5973374,Public
75758,0.1319221,Private
75761,0.7228885,Public
75766,0.2867388,Private
75769,0.4658904,Private
75774,0.07598985,Public
75783,0.5553437,Public
75787,0.2122615,Public
75791,0.2957571,Private
75801,0.4944715,Public
75828,0.5917218,Private
75829,0.1482794,Private
75831,0.04935258,Private
75838,0.1028542,Private
75839,0.05630974,Public
75842,0.300137,Public
75846,0.02345835,Private
75851,0.1097659,Public
75852,0.5376968,Private
75857,0.5474537,Private
75863,0.4840161,Public
75868,0.3934439,Public
75871,0.700846,Public
75874,0.6149543,Public
75876,0.1004857,Private
75880,0.07165621,Private
75885,0.1006405,Public
75886,0.4952868,Private
75893,0.1585433,Public
75897,0.5793922,Private
75899,0.6918153,Private
75900,0.4211276,Public
75910,0.325474,Private
75911,0.3334452,Private
75916,0.550941,Public
75918,0.2368516,Public
75922,0.07576906,Private
75930,0.0874954,Public
75932,0.4780739,Public
75937,0.4009086,Public
75939,0.123339,Private
75940,0.2981259,Public
75945,0.4876387,Private
75948,0.2564432,Public
75952,0.03588007,Public
75955,0.08257338,Private
75956,0.07624633,Public
75969,0.1604318,Private
75973,0.08065549,Public
75974,0.1164616,Private
75976,0.4441463,Public
75986,0.5677887,Private
75992,0.6696269,Public
75993,0.6280285,Private
76000,0.03777998,Public
76002,0.133282,Public
76008,0.1617957,Private
76018,0.2386775,Public
76021,0.4953415,Public
76022,0.4396215,Private
76023,0.4840496,Private
76024,0.7494644,Private
76025,0.1313706,Private
76034,0.05189508,Public
76041,0.02529211,Public
76050,0.2713124,Private
76054,0.3078505,Public
76057,0.07203692,Public
76060,0.2088215,Public
76064,0.1819279,Public
76067,0.05986746,Public
76068,0.1201106,Public
76077,0.4864502,Private
76086,0.4962826,Private
76090,0.5199812,Private
76095,0.1130089,Public
76102,0.1117917,Public
76106,0.1690653,Private
76112,0.5775189,Public
76118,0.5279005,Public
76120,0.1093315,Private
76121,0.241253,Private
76125,0.4551713,Public
76126,0.4998938,Private
76147,0.09807609,Private
76151,0.2746409,Private
76153,0.4685824,Public
76154,0.4321198,Private
76162,0.1663709,Private
76173,0.1048293,Public
76190,0.5496736,Private
76202,0.1852068,Private
76208,0.4492024,Public
76213,0.2169069,Public
76215,0.104801,Public
76216,0.08268563,Private
76218,0.5168136,Public
76221,0.6289111,Private
76229,0.5790058,Public
76230,0.04871018,Private
76234,0.05099637,Private
76240,0.489767,Private
76242,0.4216474,Private
76253,0.3464228,Public
76256,0.2702298,Public
76260,0.500261,Private
76272,0.5003313,Public
76274,0.1269969,Private
76276,0.1785422,Private
76280,0.566193,Private
76281,0.5398425,Public
76286,0.5512233,Private
76289,0.3255134,Public
76290,0.07710289,Private
76292,0.0562044,Private
76293,0.5647253,Private
76295,0.1423648,Private
76298,0.05449238,Public
76302,0.3737892,Private
76310,0.3550468,Private
76311,0.09155199,Public
76312,0.434817,Private
76313,0.6142061,Private
76323,0.7935107,Private
76325,0.08156251,Private
76329,0.1093141,Public
76349,0.770578,Private
76355,0.4711629,Public
76361,0.05903765,Private
76367,0.08448567,Public
76368,0.1027364,Private
76373,0.7209134,Public
76380,0.025657,Public
76382,0.6500482,Public
76384,0.5661754,Private
76394,0.09551515,Public
76396,0.6146212,Public
76407,0.6832845,Public
76411,0.1763301,Public
76421,0.2423094,Private
76422,0.7849213,Public
76425,0.5678027,Public
76427,0.2909166,Public
76428,0.06538458,Public
76429,0.1284648,Public
76436,0.1827164,Public
76439,0.07830956,Public
76441,0.3357913,Public
76448,0.687705,Public
76449,0.496321,Private
76452,0.171384,Public
76454,0.1142512,Private
76464,0.08806342,Private
76465,0.1364642,Private
76474,0.1423952,Public
76475,0.1616651,Private
76478,0.5473619,Private
76497,0.0778086,Private
76502,0.08935915,Private
76508,0.2186024,Public
76509,0.1149512,Private
76514,0.3184547,Private
76515,0.6114712,Public
76519,0.1187753,Public
76521,0.3632484,Private
76524,0.05428978,Public
76533,0.08244945,Private
76534,0.6898841,Public
76537,0.1100558,Private
76539,0.1090271,Public
76544,0.4109039,Private
76552,0.2399207,Private
76555,0.1819065,Private
76559,0.07226693,Public
76574,0.06149645,Public
76575,0.2732596,Public
76579,0.08011617,Public
76586,0.1218331,Private
76589,0.1398076,Public
76614,0.04505357,Public
76619,0.3598705,Private
76620,0.560195,Public
76621,0.1403426,Public
76623,0.1775102,Private
76625,0.06588894,Public
76631,0.111152,Private
76637,0.03664752,Private
76639,0.5641553,Public
76646,0.3111917,Private
76666,0.3866169,Private
76669,0.3884256,Public
76670,0.09054341,Private
76674,0.5599646,Public
76675,0.08067857,Private
76676,0.09893128,Private
76681,0.09267754,Public
76688,0.6007238,Public
76693,0.304791,Public
76695,0.1302178,Private
76700,0.2002823,Private
76707,0.6073945,Public
76708,0.06916425,Public
76709,0.3656302,Private
76719,0.08785052,Public
76721,0.6424108,Public
76729,0.2264893,Public
76733,0.4080486,Private
76737,0.2657233,Public
76743,0.0616594,Private
76749,0.5459334,Private
76757,0.0870029,Public
76759,0.374143,Private
76762,0.4662961,Public
76764,0.03343907,Public
76768,0.1201958,Private
76772,0.1384067,Public
76777,0.3935498,Private
76794,0.4147451,Private
76797,0.1527462,Public
76815,0.6059529,Private
76816,0.5785039,Private
76820,0.6828569,Public
76830,0.4372833,Private
76848,0.263566,Private
76850,0.6323647,Public
76853,0.5082862,Public
76860,0.5677324,Public
76864,0.0614777,Public
76865,0.1678042,Public
76868,0.2514634,Private
76870,0.09264689,Private
76872,0.0671836,Private
76882,0.7593914,Public
76896,0.2502008,Public
76898,0.06873026,Public
76905,0.1213614,Public
76907,0.1056339,Private
76908,0.1269571,Public
76917,0.6379335,Private
76918,0.09778539,Public
76919,0.3350483,Private
76920,0.4097439,Private
76922,0.1086936,Private
76928,0.6783051,Private
76942,0.4352317,Private
76943,0.4356333,Private
76944,0.3240441,Public
76945,0.08301658,Public
76946,0.09411922,Private
76948,0.5508771,Public
76949,0.4817423,Private
76955,0.08101204,Public
76957,0.749512,Private
76958,0.5170004,Public
76960,0.5649949,Private
76961,0.136202,Public
76968,0.2336311,Public
76970,0.09539373,Private
76971,0.4775361,Public
76975,0.6833423,Public
76976,0.1502414,Private
76981,0.4206059,Private
76996,0.6483192,Public
77000,0.3881569,Private
77001,0.4801394,Public
77004,0.7309847,Public
77007,0.3169922,Private
77015,0.5866029,Public
77017,0.1216094,Public
77028,0.5274442,Public
77034,0.1113284,Private
77052,0.4731299,Private
77061,0.1033633,Public
77064,0.3012531,Private
77065,0.510114,Private
77066,0.4460842,Public
77067,0.02517025,Private
77078,0.1730973,Public
77084,0.1443612,Public
77085,0.5627114,Public
77088,0.4887697,Public
77089,0.1263331,Private
77092,0.1584075,Private
77095,0.7615032,Private
77097,0.0856363,Public
77108,0.1081646,Public
77112,0.03416925,Public
77116,0.3932432,Public
77120,0.4130435,Private
77123,0.1305853,Private
77124,0.1463294,Private
77129,0.1765081,Private
77149,0.1287673,Public
77154,0.2501368,Public
77160,0.5991895,Public
77166,0.1769025,Private
77169,0.2280726,Public
77173,0.6448556,Public
77175,0.1110005,Private
77179,0.379457,Public
77186,0.04700508,Private
77188,0.7514268,Public
77189,0.5059556,Private
77192,0.07790868,Public
77195,0.5246769,Private
77198,0.1243268,Private
77199,0.07456399,Public
77209,0.1444932,Private
77214,0.2457877,Private
77219,0.758948,Private
77223,0.5359398,Private
77224,0.3027778,Private
77225,0.04275378,Public
77227,0.5290945,Public
77228,0.4279899,Public
77231,0.3218307,Private
77233,0.6909084,Private
77236,0.1851709,Private
77239,0.1850075,Public
77240,0.5250304,Private
77241,0.04320071,Private
77242,0.03198815,Public
77243,0.1648853,Private
77248,0.518168,Public
77255,0.08258684,Private
77256,0.09275452,Public
77257,0.05729597,Private
77258,0.2186256,Public
77259,0.472314,Public
77261,0.08047441,Private
77271,0.08235372,Private
77273,0.2490525,Public
77275,0.05497772,Public
77281,0.1474618,Private
77299,0.4851085,Private
77313,0.1642379,Public
77318,0.1671632,Public
77331,0.07662829,Public
77332,0.3707621,Private
77338,0.5216699,Private
77339,0.07274254,Private
77347,0.2194147,Public
77355,0.1053708,Private
77360,0.0440216,Public
77362,0.2919933,Private
77366,0.5362602,Public
77371,0.1031804,Public
77373,0.6067642,Public
77384,0.322668,Public
77395,0.5006613,Public
77400,0.07821479,Private
77403,0.2350965,Private
77413,0.4964845,Private
77425,0.1499241,Private
77430,0.04714363,Public
77442,0.4878387,Private
77450,0.07375778,Public
77452,0.1251357,Public
77454,0.5350915,Public
77462,0.1357862,Public
77463,0.05378326,Private
77465,0.5855059,Public
77470,0.5410468,Public
77475,0.053907,Private
77485,0.4270925,Public
77487,0.6090337,Private
77502,0.07239293,Public
77505,0.5552354,Private
77506,0.5202929,Private
77511,0.7772641,Public
77513,0.1987556,Private
77514,0.08387297,Public
77518,0.3613597,Public
77521,0.5648808,Private
77525,0.6313151,Private
77527,0.6440834,Public
77534,0.1736498,Public
77535,0.1646352,Public
77539,0.519268,Private
77564,0.2000915,Private
77567,0.08133502,Public
77575,0.4989608,Private
77576,0.5593513,Public
77582,0.5721666,Private
77583,0.1074576,Private
77593,0.5489914,Private
77597,0.5457848,Public
77603,0.196737,Public
77605,0.3606678,Public
77606,0.5729284,Private
77608,0.574488,Private
77614,0.06411809,Public
77654,0.5335801,Public
77658,0.0795539,Public
77661,0.4062482,Private
77670,0.1444869,Private
77681,0.1355778,Public
77694,0.1542581,Private
77701,0.1476432,Public
77707,0.08271675,Private
77709,0.5090268,Public
77711,0.183296,Public
77712,0.155483,Private
77713,0.4825382,Private
77714,0.5222677,Public
77722,0.725533,Private
77733,0.7959663,Private
77734,0.1241582,Public
77735,0.08671618,Private
77751,0.2392095,Private
77754,0.386054,Public
77755,0.1537727,Private
77758,0.4576614,Private
77761,0.1674452,Public
77763,0.1220213,Private
77779,0.4728163,Public
77787,0.05293481,Private
77789,0.08326828,Private
77794,0.6637102,Public
77798,0.5478212,Private
77801,0.06772894,Public
77806,0.05169152,Private
77810,0.1111352,Private
77811,0.4080625,Public
77814,0.6765935,Private
77818,0.04993173,Public
77830,0.4422564,Private
77834,0.08682821,Private
77842,0.6396132,Private
77848,0.6895429,Public
77850,0.5969703,Private
77852,0.6514574,Private
77853,0.1641061,Private
77857,0.1114477,Private
77865,0.380931,Private
77866,0.5329998,Public
77870,0.1963573,Public
77872,0.2267337,Private
77878,0.02699537,Public
77891,0.6607645,Private
77909,0.03763852,Private
77911,0.1017339,Private
77918,0.5893201,Private
77922,0.4442556,Private
77924,0.03906857,Private
77926,0.3029431,Private
77928,0.4608713,Public
77929,0.2329515,Public
77932,0.06891503,Public
77937,0.2255763,Private
77947,0.2045529,Public
77949,0.1114063,Private
77952,0.06238716,Private
77960,0.2878198,Public
77963,0.2176482,Private
77975,0.5111642,Public
77982,0.13789,Private
77984,0.06467498,Public
77986,0.05150966,Public
77988,0.07673183,Public
77989,0.1086025,Private
77990,0.1191659,Public
77991,0.1174088,Private
77994,0.4404354,Private
78000,0.7073157,Public
78002,0.1659594,Public
78004,0.1431053,Public
78006,0.1372465,Private
78012,0.5107147,Private
78015,0.07412027,Public
78018,0.08163025,Private
78021,0.1305944,Public
78025,0.4204541,Private
78033,0.07727345,Public
78038,0.3638418,Public
78040,0.5919253,Public
78047,0.06430536,Private
78052,0.09754955,Private
78059,0.03315022,Public
78065,0.5811039,Public
78069,0.070108,Private
78077,0.07836138,Public
78082,0.2336302,Private
78097,0.5098912,Public
78108,0.2827401,Public
78112,0.2136467,Private
78113,0.1290245,Public
78116,0.1183688,Private
78118,0.4025728,Public
78131,0.6129541,Public
78137,0.4956082,Private
78142,0.1421063,Public
78167,0.2857135,Private
78170,0.1107273,Private
78177,0.5928993,Private
78179,0.6064108,Public
78182,0.1020927,Public
78183,0.3170642,Public
78187,0.3807297,Private
78194,0.5275742,Public
78199,0.5531488,Public
78200,0.6379128,Private
78206,0.07814045,Public
78209,0.2169469,Private
78210,0.06730967,Public
78213,0.6511682,Private
78218,0.5721657,Private
78222,0.5628823,Public
78229,0.2425275,Private
78232,0.6785827,Private
78233,0.1303329,Public
78249,0.6236446,Private
78250,0.5395945,Private
78257,0.04684973,Private
78258,0.5242618,Private
78270,0.06529523,Public
78278,0.06805302,Public
78279,0.3769335,Public
78282,0.104962,Public
78283,0.2611882,Public
78287,0.3697033,Public
78291,0.5509528,Public
78301,0.3503692,Private
78303,0.02672645,Public
78311,0.2539425,Private
78313,0.3755463,Private
78315,0.07696347,Private
78322,0.6483083,Public
78339,0.3649209,Private
78343,0.3931031,Private
78344,0.603126,Private
78345,0.5677515,Public
78348,0.4264722,Public
78349,0.4958622,Private
78352,0.1476884,Public
78353,0.1327353,Private
78356,0.143213,Private
78382,0.08163985,Private
78388,0.4801825,Private
78389,0.08730026,Private
78405,0.06763944,Private
78411,0.09499636,Private
78412,0.0988743,Public
78413,0.1530223,Private
78414,0.08473694,Private
78422,0.5536016,Private
78424,0.2592827,Public
78437,0.4784714,Public
78443,0.6865836,Private
78455,0.1203875,Public
78461,0.1520971,Private
78462,0.2862789,Private
78467,0.6527601,Public
78471,0.1816751,Public
78477,0.08734373,Private
78478,0.1662667,Public
78484,0.6058687,Private
78497,0.1236356,Private
78506,0.08960136,Private
78513,0.09915196,Public
78515,0.6450425,Public
78518,0.09553675,Private
78532,0.4159756,Public
78533,0.1234392,Public
78537,0.345172,Private
78542,0.1284835,Public
78543,0.3540342,Public
78545,0.3230952,Private
78553,0.247146,Public
78561,0.2515734,Public
78563,0.1625888,Public
78565,0.1119576,Private
78572,0.2039766,Private
78578,0.5739648,Private
78581,0.2892582,Private
78586,0.07081975,Public
78587,0.6757625,Private
78590,0.1958878,Public
78591,0.1297973,Private
78592,0.2154589,Private
78603,0.1756973,Public
78604,0.1473263,Private
78608,0.2204922,Private
78609,0.2825361,Public
78610,0.5466956,Private
78612,0.6841548,Private
78616,0.181596,Public
78617,0.2634639,Public
78623,0.6370266,Private
78627,0.1278538,Public
78629,0.4999797,Public
78636,0.06610289,Private
78643,0.07409029,Private
78645,0.634527,Public
78648,0.09502002,Public
78653,0.1694478,Private
78655,0.1712323,Public
78657,0.3708608,Private
78672,0.5793971,Private
78678,0.03779751,Public
78682,0.1797649,Private
78683,0.3961724,Private
78692,0.07168608,Private
78707,0.5969503,Public
78711,0.2272454,Public
78712,0.4989677,Private
78714,0.4807121,Private
78731,0.1580865,Private
78743,0.4115084,Public
78748,0.1421648,Private
78752,0.3676798,Public
78757,0.04734166,Private
78763,0.1052638,Private
78766,0.08023175,Private
78768,0.3717644,Public
78771,0.1299437,Private
78781,0.05122317,Public
78784,0.1343056,Public
78797,0.1988528,Private
78798,0.6272463,Private
78812,0.1334893,Private
78815,0.1675228,Private
78816,0.4732689,Public
78824,0.5076574,Public
78832,0.143687,Private
78840,0.0901412,Private
78854,0.09258258,Private
78858,0.1214959,Public
78859,0.2095459,Public
78860,0.07076626,Private
78863,0.1957049,Public
78867,0.5607679,Private
78872,0.1504454,Public
78883,0.5115812,Public
78885,0.651565,Public
78886,0.06756044,Public
78894,0.0540136,Private
78915,0.2816608,Public
78916,0.3228512,Public
78919,0.08713789,Private
78928,0.7092352,Public
78929,0.1115035,Private
78930,0.4156312,Public
78931,0.1367908,Public
78933,0.5877427,Public
78943,0.2643615,Private
78944,0.1304711,Public
78945,0.4033953,Private
78946,0.04235458,Private
78947,0.06885277,Public
78948,0.3180431,Private
78950,0.06382582,Public
78953,0.05447927,Public
78958,0.3748558,Private
78971,0.498874,Public
78972,0.1091518,Private
78975,0.1338653,Private
78976,0.2156086,Public
78978,0.4053523,Public
78993,0.1259091,Private
79003,0.4265539,Public
79012,0.4600684,Public
79023,0.2218805,Public
79025,0.5167679,Public
79026,0.08060058,Private
79027,0.4811363,Public
79030,0.3298908,Public
79031,0.6283342,Private
79036,0.1807228,Private
79044,0.5789146,Private
79045,0.1067921,Private
79052,0.1310821,Public
79054,0.1575316,Public
79057,0.1349766,Private
79059,0.1392945,Public
79062,0.1233796,Private
79063,0.1102202,Public
79064,0.5314729,Private
79071,0.6149826,Private
79079,0.4993738,Private
79082,0.4920517,Public
79083,0.4263925,Private
79096,0.514616,Private
79098,0.1716157,Private
79099,0.698056,Private
79104,0.4998277,Public
79111,0.5011716,Public
79118,0.07689492,Public
79120,0.1534605,Private
79134,0.0675005,Private
79139,0.04842325,Public
79141,0.618201,Private
79148,0.1042776,Public
79151,0.06638543,Private
79164,0.4515522,Public
79172,0.1911463,Public
79180,0.1699629,Public
79182,0.1110235,Private
79183,0.09423608,Private
79190,0.492618,Public
79198,0.5880957,Private
79199,0.4769956,Private
79211,0.4828162,Public
79222,0.4987905,Private
79232,0.1465763,Public
79233,0.3403001,Private
79235,0.6172868,Private
79239,0.5882866,Public
79244,0.2655474,Private
79251,0.1015674,Public
79252,0.5461,Private
79267,0.5718707,Private
79273,0.5437357,Public
79285,0.2228579,Private
79286,0.1032054,Public
79287,0.5146695,Private
79301,0.1706363,Private
79303,0.6545109,Private
79304,0.4291338,Private
79305,0.6865811,Private
79309,0.1059283,Public
79311,0.1361031,Public
79314,0.4782852,Private
79315,0.4493762,Public
79322,0.4890139,Public
79324,0.5403126,Public
79332,0.5379848,Private
79335,0.5664908,Private
79345,0.0579696,Public
79360,0.07243444,Public
79364,0.09543933,Private
79369,0.4902319,Public
79376,0.5564725,Private
79380,0.1400638,Private
79386,0.5110911,Private
79390,0.5519277,Public
79397,0.3637562,Private
79400,0.04643728,Private
79401,0.134147,Public
79409,0.1639198,Private
79414,0.1375208,Public
79415,0.5286539,Private
79417,0.5192369,Private
79422,0.1317943,Public
79424,0.4996803,Public
79431,0.4170262,Public
79434,0.4518311,Public
79436,0.3264335,Private
79443,0.563507,Public
79453,0.2568814,Private
79455,0.3501144,Public
79459,0.1748578,Private
79464,0.608753,Private
79465,0.4512169,Private
79468,0.3430448,Private
79472,0.3832679,Private
79473,0.2176003,Private
79478,0.5376559,Private
79481,0.5659193,Public
79483,0.2666709,Public
79491,0.6167293,Public
79507,0.1231115,Private
79509,0.6321561,Private
79522,0.72704,Private
79526,0.1376934,Private
79530,0.1960505,Public
79534,0.1257826,Private
79538,0.1180799,Public
79544,0.08629957,Public
79552,0.06767999,Private
79553,0.529963,Public
79557,0.2935658,Private
79558,0.1374094,Private
79561,0.07597518,Private
79563,0.4730287,Public
79566,0.3502507,Public
79569,0.1287771,Public
79575,0.5381179,Public
79578,0.03125774,Public
79579,0.1191547,Public
79587,0.3871367,Private
79599,0.5032032,Private
79605,0.14201,Private
79614,0.5309887,Public
79618,0.4567613,Private
79622,0.3697338,Public
79623,0.07320052,Public
79624,0.1339135,Public
79632,0.1416981,Private
79634,0.09544631,Private
79637,0.1981107,Public
79646,0.1000667,Private
79650,0.1070463,Private
79655,0.5261263,Public
79671,0.4967526,Private
79674,0.07182463,Public
79675,0.1530884,Public
79676,0.6070892,Private
79693,0.0914171,Public
79697,0.0592237,Private
79698,0.3562658,Public
79702,0.1373068,Private
79703,0.0713333,Private
79711,0.6110038,Private
79714,0.1921159,Private
79720,0.02379455,Private
79731,0.5624404,Public
79732,0.6567982,Public
79737,0.1901408,Private
79741,0.2103569,Public
79747,0.07114934,Public
79751,0.1486522,Private
79762,0.1092978,Public
79763,0.04744124,Public
79767,0.1656285,Private
79768,0.5137415,Private
79777,0.2156218,Private
79781,0.0443321,Public
79782,0.2031531,Public
79788,0.3000009,Private
79789,0.697334,Public
79790,0.3273638,Private
79794,0.4720297,Public
79795,0.09584324,Public
79803,0.5284277,Public
79810,0.06110521,Public
79818,0.4889105,Public
79823,0.3816093,Private
79830,0.5044804,Private
79832,0.1159235,Public
79833,0.3339626,Private
79834,0.08391203,Public
79841,0.2615393,Public
79845,0.09761531,Private
79852,0.4415612,Private
79854,0.2268734,Private
79858,0.5415781,Public
79865,0.09461295,Public
79866,0.09508174,Private
79872,0.13609,Private
79876,0.2757711,Private
79878,0.07135686,Private
79888,0.3055323,Public
79900,0.6409579,Private
79905,0.6731129,Private
79909,0.1527829,Public
79910,0.04897499,Public
79915,0.1232443,Private
79921,0.170937,Public
79923,0.2015287,Private
79930,0.1094295,Private
79943,0.6286648,Public
79944,0.2205299,Private
79955,0.3651408,Private
79968,0.07395138,Public
79971,0.4410677,Private
79973,0.341549,Public
79980,0.149102,Private
79991,0.02297334,Public
79993,0.08458104,Public
80015,0.5683761,Private
80018,0.6734127,Public
80021,0.1060129,Public
80032,0.07078518,Public
80038,0.09982197,Private
80039,0.4863153,Private
80051,0.07327009,Public
80052,0.5244991,Public
80055,0.1008638,Public
80059,0.128852,Private
80070,0.5269024,Public
80072,0.6622857,Private
80073,0.1556422,Public
80077,0.07488535,Private
80083,0.5016165,Private
80084,0.1070437,Public
80093,0.536724,Private
80097,0.05314326,Public
80098,0.1436462,Private
80102,0.3845797,Public
80103,0.07421371,Public
80105,0.5896018,Public
80107,0.279878,Public
80122,0.4595706,Private
80135,0.663853,Private
80140,0.3838967,Public
80141,0.04151601,Private
80145,0.6393142,Private
80146,0.1058632,Public
80152,0.08456133,Public
80158,0.07813819,Private
80165,0.4900445,Public
80171,0.203494,Private
80199,0.5846947,Public
80201,0.3968644,Public
80205,0.6924551,Private
80206,0.7070776,Private
80210,0.4130459,Private
80212,0.5106395,Public
80219,0.7112364,Private
80221,0.09779949,Private
80224,0.08691785,Private
80227,0.134302,Private
80249,0.1554896,Private
80253,0.5834163,Private
80257,0.620796,Private
80262,0.6199184,Private
80263,0.0483577,Public
80268,0.5033094,Private
80274,0.5998242,Private
80280,0.07042278,Public
80291,0.3112273,Public
80294,0.2343029,Public
80298,0.4906048,Private
80303,0.02045678,Public
80308,0.492708,Public
80317,0.318388,Private
80331,0.3706969,Public
80336,0.135013,Private
80337,0.4960227,Public
80354,0.08137715,Public
80356,0.4413823,Public
80357,0.5290068,Private
80360,0.08267321,Private
80373,0.03403576,Public
80378,0.6314811,Public
80382,0.05968636,Private
80383,0.3312815,Private
80388,0.350871,Private
80391,0.05287475,Public
80395,0.1391913,Private
80398,0.09074919,Private
80399,0.1624263,Public
80402,0.1061556,Private
80404,0.104157,Private
80409,0.6784285,Private
80426,0.5045248,Private
80428,0.1352009,Public
80435,0.332722,Private
80437,0.4214979,Public
80440,0.1592546,Private
80442,0.1418131,Public
80459,0.1274091,Public
80488,0.4741319,Private
80516,0.09386811,Public
80520,0.09644508,Private
80522,0.3768562,Public
80532,0.5333301,Public
80541,0.07242708,Public
80543,0.6402208,Public
80559,0.6326618,Public
80562,0.08515176,Public
80570,0.2970812,Private
80578,0.1359964,Public
80583,0.45525,Public
80589,0.7802331,Public
80591,0.06718843,Public
80596,0.6423184,Public
80602,0.05139483,Public
80618,0.1282416,Private
80623,0.5111637,Private
80630,0.4996317,Private
80632,0.4920294,Private
80636,0.5673523,Private
80639,0.466408,Public
80642,0.04512854,Public
80645,0.4532267,Private
80650,0.08828086,Public
80659,0.3162229,Public
80664,0.1204075,Private
80672,0.1758884,Public
80674,0.3555995,Public
80685,0.1329087,Private
80688,0.4977568,Public
80691,0.5714653,Public
80702,0.5886768,Public
80703,0.4139927,Public
80719,0.1391742,Private
80720,0.560108,Private
80722,0.3471885,Public
80729,0.09429112,Public
80730,0.1168255,Public
80731,0.452597,Private
80732,0.4804528,Public
80738,0.5665054,Public
80739,0.08246551,Private
80742,0.5207447,Private
80746,0.7468309,Private
80758,0.462276,Private
80763,0.02892721,Private
80764,0.6700344,Private
80765,0.2489587,Private
80769,0.66486,Public
80770,0.07648049,Public
80771,0.04814888,Public
80781,0.541934,Private
80792,0.145175,Private
80797,0.07270008,Private
80799,0.5040318,Public
80807,0.265064,Private
80811,0.06894552,Public
80818,0.04155246,Public
80820,0.2853882,Private
80821,0.09749129,Private
80840,0.09970546,Private
80846,0.6981968,Public
80857,0.5491664,Public
80859,0.683161,Public
80863,0.08132694,Public
80865,0.5024518,Private
80869,0.328594,Public
80876,0.08209429,Public
80879,0.6407908,Public
80880,0.03316506,Private
80885,0.1212437,Private
80896,0.5281422,Public
80901,0.109929,Public
80903,0.2781879,Private
80905,0.04726164,Private
80907,0.5157612,Public
80908,0.1697619,Public
80909,0.5362462,Private
80910,0.04215007,Private
80913,0.6026137,Public
80934,0.4577971,Public
80946,0.5244031,Public
80960,0.6184164,Public
80972,0.08397347,Public
80974,0.5059845,Public
80978,0.1648412,Public
80981,0.08620496,Public
80983,0.08786306,Public
80984,0.1051769,Public
80986,0.6412516,Private
80989,0.09672578,Public
80992,0.06304871,Private
80997,0.08356383,Private
81006,0.3827896,Private
81007,0.6391171,Public
81008,0.07511833,Public
81010,0.4879076,Private
81015,0.4687091,Public
81029,0.20813,Public
81032,0.4497733,Public
81040,0.2166555,Private
81046,0.5273222,Private
81047,0.5630865,Public
81049,0.4065914,Private
81050,0.31431,Private
81051,0.4106938,Public
81060,0.3488359,Public
81061,0.3901473,Public
81067,0.1881074,Private
81071,0.1245229,Private
81072,0.6404123,Private
81080,0.3818653,Private
81081,0.1172467,Public
81088,0.2506754,Private
81098,0.5555648,Private
81099,0.3883463,Private
81103,0.1217425,Public
81110,0.04991206,Public
81113,0.6117473,Public
81121,0.09583504,Public
81131,0.0456798,Private
81132,0.4307356,Private
81136,0.5104505,Private
81144,0.08481334,Public
81147,0.4796892,Public
81149,0.5067009,Public
81159,0.4509157,Private
81163,0.6119235,Private
81165,0.4750965,Public
81171,0.494199,Private
81182,0.5302837,Private
81187,0.07312416,Public
81190,0.0538599,Public
81195,0.434485,Public
81196,0.4280759,Public
81199,0.2220279,Private
81214,0.1994903,Public
81218,0.1362004,Private
81219,0.07212607,Private
81227,0.4814656,Private
81238,0.1510289,Private
81244,0.0806485,Public
81251,0.06914078,Private
81253,0.1500004,Public
81256,0.08334256,Private
81257,0.06656979,Private
81258,0.09260047,Public
81264,0.317396,Public
81268,0.07469249,Private
81271,0.05398621,Private
81288,0.271243,Private
81297,0.2624933,Public
81301,0.2065454,Private
81304,0.5883049,Private
81311,0.09068018,Public
81317,0.07281017,Private
81326,0.2743156,Private
81335,0.1438641,Private
81343,0.07105332,Public
81348,0.5447046,Public
81352,0.02935644,Private
81363,0.2334405,Private
81371,0.1292277,Public
81383,0.2247241,Private
81384,0.1312059,Public
81395,0.06623567,Private
81397,0.1343469,Public
81405,0.530314,Public
81406,0.1475208,Private
81412,0.5137625,Public
81417,0.5512485,Private
81418,0.2768529,Public
81422,0.3500407,Public
81423,0.5180444,Private
81426,0.1304573,Private
81434,0.3507533,Private
81437,0.3427704,Private
81439,0.6092851,Public
81441,0.6672771,Public
81442,0.05890076,Public
81443,0.4752036,Private
81447,0.5371441,Public
81449,0.5704718,Public
81455,0.1903115,Private
81459,0.06824604,Public
81462,0.1166363,Private
81463,0.1311046,Public
81468,0.03964859,Public
81470,0.6378162,Public
81471,0.07864487,Public
81478,0.7009682,Private
81481,0.2126087,Public
81486,0.7189601,Private
81490,0.4934187,Private
81494,0.02836727,Public
81502,0.1562303,Private
81512,0.1275055,Private
81515,0.3392172,Public
81526,0.6162587,Private
81527,0.09361932,Public
81531,0.5870243,Private
81532,0.1116158,Public
81533,0.09856151,Private
81537,0.1450069,Private
81541,0.56795,Private
81542,0.5790505,Private
81548,0.1541286,Public
81551,0.4283629,Private
81552,0.1659126,Public
81554,0.3656059,Public
81556,0.05996159,Public
81557,0.1358583,Private
81570,0.1268978,Private
81571,0.08355015,Public
81574,0.09045883,Private
81578,0.1144971,Private
81580,0.1062602,Public
81588,0.2697845,Public
81614,0.3927101,Private
81617,0.3550496,Private
81623,0.2955897,Public
81638,0.7501361,Private
81641,0.08713663,Public
81653,0.4632678,Private
81662,0.3552088,Public
81664,0.2184055,Public
81673,0.1690593,Public
81678,0.1511406,Private
81685,0.1489072,Public
81686,0.1219967,Public
81696,0.4266086,Public
81701,0.06663253,Private
81707,0.08446339,Public
81709,0.3769016,Public
81713,0.1672505,Public
81718,0.05059279,Private
81720,0.3555436,Public
81730,0.08640798,Public
81731,0.3013249,Private
81734,0.158448,Private
81738,0.1343382,Private
81741,0.401512,Public
81748,0.4036954,Private
81754,0.06793938,Private
81767,0.07643677,Private
81768,0.3357654,Private
81778,0.3515313,Private
81780,0.1295073,Private
81782,0.4668481,Public
81787,0.09650316,Private
81788,0.5383704,Private
81789,0.5385005,Private
81795,0.6453636,Public
81816,0.04045626,Public
81818,0.2470351,Private
81835,0.2270326,Private
81837,0.6119958,Public
81844,0.6580106,Private
81845,0.4755814,Public
81867,0.08656003,Public
81871,0.05695876,Private
81882,0.03738776,Private
81889,0.5487519,Public
81897,0.2010153,Public
81899,0.3888886,Public
81905,0.3178411,Private
81906,0.04268936,Private
81909,0.4539118,Private
81912,0.1500548,Private
81914,0.5844705,Public
81916,0.2737521,Public
81924,0.1163893,Private
81926,0.3146735,Private
81929,0.08983242,Public
81931,0.5267804,Private
81932,0.08058253,Private
81938,0.5220432,Public
81941,0.1215733,Public
81942,0.03381574,Private
81943,0.1470214,Public
81948,0.06438201,Public
81951,0.7654806,Private
81958,0.6409451,Private
81972,0.08399272,Public
81974,0.6159605,Public
81976,0.1079182,Public
81981,0.4706685,Public
81982,0.1620824,Private
81984,0.1666396,Private
81985,0.12107,Public
81991,0.04703373,Private
81993,0.4922275,Public
81994,0.4887711,Private
81998,0.06184504,Private
82001,0.1768238,Public
82011,0.3185855,Public
82015,0.5703745,Private
82016,0.3407899,Public
82018,0.06080503,Public
82020,0.7334214,Public
82025,0.5958674,Public
82027,0.2720485,Private
82032,0.3290158,Public
82035,0.1369681,Public
82050,0.206605,Public
82055,0.1325672,Private
82062,0.4318303,Private
82063,0.1094153,Private
82074,0.05247921,Private
82093,0.5457709,Private
82094,0.7402069,Public
82096,0.10632,Public
82103,0.07326164,Public
82104,0.4373848,Public
82129,0.1139401,Private
82130,0.1956699,Public
82136,0.6535578,Private
82140,0.1157532,Public
82143,0.1367872,Public
82152,0.5963055,Public
82168,0.3111802,Public
82172,0.575249,Public
82174,0.251908,Private
82180,0.3205017,Public
82189,0.3274938,Private
82190,0.1493787,Private
82197,0.3414262,Public
82201,0.1660588,Private
82203,0.5382546,Public
82205,0.4878088,Public
82208,0.08582029,Public
82212,0.1641374,Private
82214,0.1821907,Private
82215,0.1573557,Private
82227,0.3917213,Private
82234,0.06449472,Public
82238,0.1039782,Private
82249,0.1010237,Private
82256,0.5160572,Public
82257,0.181454,Public
82259,0.05633905,Public
82260,0.07781932,Public
82263,0.4676597,Private
82264,0.2635258,Public
82269,0.7503333,Public
82275,0.2698014,Private
82277,0.6204293,Private
82279,0.4600939,Private
82289,0.0819279,Private
82291,0.5968974,Private
82297,0.6863253,Public
82301,0.6071396,Private
82302,0.1296912,Public
82310,0.2821047,Public
82315,0.07278185,Private
82324,0.5448393,Private
82325,0.3171154,Private
82335,0.2810698,Public
82336,0.1082043,Private
82357,0.474146,Public
82368,0.06904218,Public
82379,0.3856396,Public
82381,0.6018174,Public
82384,0.478328,Public
82386,0.1513473,Private
82395,0.3388857,Public
82399,0.1509071,Private
82409,0.09156924,Private
82410,0.05817,Public
82413,0.535446,Private
82418,0.5682248,Public
82421,0.3178439,Private
82427,0.0189459,Public
82428,0.1701588,Public
82464,0.4108029,Public
82476,0.1897347,Private
82486,0.09888076,Public
82494,0.07505257,Private
82495,0.6142814,Public
82500,0.4470944,Private
82501,0.1467278,Public
82503,0.1370688,Public
82508,0.4143575,Public
82516,0.1611214,Public
82522,0.1098494,Private
82524,0.0964492,Private
82533,0.06372016,Public
82534,0.3224657,Public
82542,0.5966879,Public
82543,0.3309222,Private
82544,0.2813143,Private
82558,0.2182059,Private
82565,0.08210196,Private
82566,0.1884782,Public
82569,0.1091967,Public
82576,0.06916666,Private
82579,0.5665108,Public
82583,0.3406907,Public
82591,0.1105115,Public
82594,0.0855913,Private
82597,0.4663347,Private
82598,0.07045649,Private
82600,0.3223755,Public
82606,0.2329957,Public
82612,0.1293968,Public
82617,0.05308868,Private
82618,0.1087122,Public
82629,0.04545194,Private
82630,0.1227049,Private
82631,0.02815996,Private
82632,0.1737791,Private
82633,0.6107346,Public
82636,0.5684312,Private
82637,0.1292612,Public
82640,0.627849,Private
82641,0.2240697,Private
82643,0.5240419,Private
82646,0.693772,Public
82665,0.5633192,Private
82666,0.162661,Private
82667,0.4881783,Private
82673,0.2101353,Private
82674,0.6951878,Private
82678,0.5138249,Public
82681,0.03012766,Public
82694,0.6504107,Public
82702,0.1122672,Private
82711,0.2117561,Private
82720,0.1029091,Public
82722,0.5155432,Public
82733,0.03178924,Private
82735,0.03760296,Private
82736,0.1105188,Private
82737,0.07190197,Public
82742,0.2989764,Private
82745,0.1917051,Public
82747,0.08783971,Public
82750,0.1937913,Private
82753,0.01967638,Public
82762,0.05958891,Private
82768,0.1282066,Public
82779,0.05510959,Public
82781,0.7254912,Private
82787,0.3016477,Public
82790,0.3769589,Public
82793,0.1085518,Public
82796,0.5873799,Public
82797,0.6424462,Private
82798,0.6945225,Public
82799,0.08518615,Private
82800,0.6903498,Private
82805,0.2128925,Private
82806,0.158741,Public
82809,0.07496426,Private
82811,0.1153243,Private
82821,0.04578607,Public
82824,0.08021138,Private
82832,0.07398686,Public
82837,0.3548585,Public
82838,0.04105178,Private
82839,0.1468838,Public
82844,0.375006,Public
82848,0.09396164,Public
82856,0.0911722,Public
82861,0.4569308,Private
82862,0.1245088,Public
82867,0.07783196,Private
82870,0.2852009,Private
82873,0.05613316,Public
82879,0.2802773,Public
82886,0.0693726,Public
82895,0.04730976,Private
82896,0.08893347,Public
82909,0.02368337,Public
82910,0.4933041,Private
82911,0.1124594,Public
82912,0.08034378,Public
82916,0.5472538,Private
82928,0.1576152,Private
82936,0.2207294,Public
82938,0.1411522,Public
82942,0.4920189,Public
82948,0.1458613,Public
82954,0.4358749,Public
82956,0.1370569,Public
82963,0.08581275,Private
82966,0.5640562,Private
82970,0.3942232,Private
82971,0.08082636,Private
82979,0.1540565,Public
82985,0.133462,Public
82986,0.19825,Private
82987,0.4891588,Public
82989,0.3461492,Public
82994,0.1364156,Private
82999,0.5373661,Public
83000,0.5951354,Public
83008,0.1718256,Private
83014,0.3463118,Private
83019,0.2376706,Private
83021,0.5532621,Public
83024,0.1167087,Private
83028,0.49827,Private
83029,0.1709664,Public
83030,0.06874239,Private
83038,0.6172751,Private
83042,0.2595055,Private
83045,0.2338842,Public
83049,0.2704216,Private
83053,0.4605576,Public
83055,0.274196,Public
83063,0.07246896,Public
83071,0.4735567,Public
83083,0.05154363,Public
83086,0.6109421,Private
83087,0.5412505,Private
83088,0.4679921,Public
83094,0.6778336,Private
83096,0.2609731,Private
83098,0.529237,Public
83100,0.2956461,Private
83104,0.01247929,Private
83106,0.1227644,Private
83108,0.1070099,Private
83111,0.1689715,Private
83115,0.06721203,Private
83122,0.4393177,Public
83123,0.3099238,Public
83127,0.3008275,Private
83130,0.3953268,Public
83136,0.5458313,Public
83137,0.09357496,Public
83151,0.1195647,Private
83160,0.6368098,Private
83161,0.6243619,Public
83163,0.2111715,Public
83168,0.4977188,Public
83169,0.0551569,Public
83172,0.02839598,Private
83178,0.3609633,Public
83183,0.03483004,Private
83184,0.5380579,Public
83186,0.2327003,Public
83194,0.52128,Private
83201,0.2480177,Public
83203,0.3320357,Public
83205,0.1430541,Public
83206,0.1549277,Private
83211,0.4916485,Public
83213,0.07486065,Private
83218,0.588163,Private
83231,0.1038785,Private
83232,0.3490201,Private
83245,0.06979206,Private
83251,0.4978432,Private
83255,0.09607393,Public
83265,0.4403161,Private
83268,0.1107554,Private
83274,0.5784041,Public
83276,0.1281879,Private
83279,0.1159536,Public
83285,0.53561,Private
83286,0.4534927,Public
83290,0.3598518,Public
83291,0.1399899,Public
83297,0.1568186,Public
83300,0.1585032,Public
83301,0.05198551,Public
83308,0.3187764,Private
83309,0.4054197,Public
83310,0.5025546,Private
83312,0.2199873,Private
83319,0.1024046,Public
83323,0.4945051,Public
83329,0.06558695,Public
83332,0.4233481,Public
83337,0.513618,Public
83340,0.6353714,Private
83344,0.06230127,Private
83346,0.5035746,Public
83360,0.1035058,Private
83362,0.5728678,Public
83369,0.3037533,Private
83375,0.4307536,Private
83384,0.0928579,Public
83385,0.1397272,Private
83391,0.2184219,Private
83397,0.08264157,Public
83400,0.08632223,Public
83401,0.7184124,Private
83402,0.09463245,Public
83415,0.3506997,Public
83420,0.1101435,Private
83424,0.1430859,Public
83434,0.5639562,Public
83441,0.5123103,Private
83446,0.04722258,Public
83456,0.619094,Private
83457,0.1869139,Private
83460,0.5287852,Public
83468,0.1693741,Private
83481,0.7738151,Private
83482,0.4657243,Public
83488,0.1350165,Private
83494,0.6455331,Private
83496,0.5664567,Private
83509,0.4149506,Public
83512,0.2195342,Public
83521,0.1476246,Private
83524,0.4362267,Private
83529,0.4615142,Private
83533,0.07587362,Public
83536,0.09696837,Private
83551,0.4808103,Public
83555,0.1204487,Public
83559,0.5181013,Private
83560,0.3792042,Public
83561,0.4919476,Private
83564,0.2759943,Public
83565,0.0735016,Private
83569,0.175632,Private
83572,0.1536701,Public
83576,0.09734286,Private
83583,0.07605052,Private
83588,0.1206351,Public
83589,0.4029326,Private
83591,0.04457381,Private
83596,0.1463839,Public
83597,0.1319128,Private
83600,0.2913544,Public
83602,0.2115278,Public
83609,0.1748515,Public
83613,0.2245073,Private
83624,0.144104,Private
83629,0.3038633,Public
83634,0.0845268,Public
83637,0.4262755,Public
83639,0.1816434,Private
83641,0.5279527,Public
83643,0.5389075,Public
83654,0.658332,Public
83656,0.5782201,Public
83658,0.3005483,Private
83661,0.5424711,Private
83666,0.6650245,Public
83683,0.7133906,Public
83691,0.1168396,Public
83692,0.5418794,Private
83694,0.435453,Public
83697,0.5229586,Public
83700,0.1618611,Private
83704,0.622182,Public
83706,0.3976044,Private
83707,0.1197276,Public
83710,0.157342,Public
83721,0.06243035,Private
83729,0.4729477,Public
83732,0.4921824,Public
83747,0.09212866,Private
83749,0.4607535,Public
83761,0.2512959,Private
83763,0.4987875,Public
83766,0.1796225,Private
83767,0.4892739,Private
83768,0.1412124,Public
83770,0.1787375,Private
83772,0.4603707,Private
83774,0.6066585,Public
83778,0.4003435,Public
83785,0.4419667,Private
83788,0.6222488,Private
83791,0.08141311,Private
83793,0.07389674,Private
83795,0.09982654,Private
83797,0.474868,Private
83804,0.3118795,Private
83805,0.4628898,Private
83807,0.1900769,Private
83816,0.03745807,Public
83817,0.5912451,Private
83820,0.08841518,Public
83824,0.6281518,Private
83828,0.5703036,Private
83829,0.2747134,Private
83831,0.6647961,Public
83833,0.1326116,Private
83847,0.1563105,Public
83848,0.4549454,Private
83855,0.07914614,Private
83860,0.05411645,Public
83869,0.2472375,Public
83871,0.4298953,Private
83879,0.2725444,Public
83886,0.4224939,Private
83906,0.3655959,Private
83916,0.07641494,Private
83920,0.1196328,Public
83930,0.05494406,Public
83938,0.6366352,Private
83940,0.5409929,Private
83948,0.08853395,Public
83961,0.07142814,Private
83969,0.5180883,Public
83973,0.5414833,Public
83976,0.1636893,Private
83981,0.1601757,Private
83984,0.4485556,Private
83986,0.08580142,Public
83990,0.1568473,Public
83996,0.1289108,Private
84003,0.5349777,Private
84008,0.6547449,Public
84010,0.09188673,Private
84021,0.4290428,Public
84040,0.1542219,Private
84045,0.08953027,Private
84046,0.1076139,Public
84050,0.6906826,Public
84053,0.2360109,Private
84056,0.1559331,Private
84076,0.1629631,Public
84078,0.06355572,Public
84080,0.6497878,Private
84082,0.5834588,Public
84083,0.2224922,Private
84084,0.1050321,Private
84085,0.1308362,Public
84092,0.09304791,Private
84101,0.5506917,Private
84102,0.7099924,Private
84105,0.2757205,Private
84106,0.5508612,Public
84117,0.5190759,Public
84118,0.4018618,Public
84119,0.491309,Public
84120,0.1031459,Public
84124,0.7372462,Public
84142,0.562714,Private
84146,0.3528827,Public
84149,0.3010697,Private
84153,0.1521046,Private
84156,0.06997678,Public
84161,0.1577332,Private
84162,0.06085289,Public
84164,0.02816473,Private
84171,0.2847734,Private
84178,0.0749561,Private
84179,0.5664961,Private
84181,0.2942599,Private
84182,0.6202354,Private
84183,0.4849034,Private
84193,0.3232874,Public
84196,0.1188926,Private
84208,0.4572938,Private
84214,0.02224951,Public
84216,0.06880876,Private
84226,0.2325161,Private
84227,0.2935642,Private
84232,0.06841948,Public
84234,0.1188643,Private
84238,0.2241767,Private
84242,0.6626479,Public
84246,0.05659883,Private
84258,0.4356115,Private
84263,0.04595067,Public
84268,0.1419358,Private
84269,0.3732612,Public
84270,0.6154469,Private
84274,0.3613234,Private
84284,0.4813546,Public
84289,0.4990927,Private
84291,0.09214113,Public
84292,0.0494008,Public
84294,0.1558018,Private
84297,0.4712524,Public
84303,0.5522574,Public
84304,0.1464753,Public
84307,0.1433291,Private
84314,0.02497198,Private
84326,0.6824073,Public
84328,0.08084624,Public
84332,0.5992411,Public
84335,0.1867297,Public
84360,0.08614033,Public
84361,0.4673277,Private
84363,0.394242,Private
84367,0.1866048,Public
84370,0.1442172,Private
84381,0.4837251,Private
84386,0.5826587,Public
84388,0.1732712,Public
84390,0.2378763,Private
84411,0.1009102,Public
84416,0.4023493,Private
84418,0.169994,Private
84422,0.6712934,Private
84425,0.5945895,Public
84431,0.3092121,Public
84432,0.07254208,Private
84433,0.07340783,Public
84437,0.09145312,Public
84438,0.04555313,Private
84444,0.04960245,Public
84458,0.280136,Private
84471,0.09638529,Private
84472,0.2713979,Private
84478,0.4133726,Public
84481,0.638316,Private
84482,0.1411503,Private
84486,0.1258519,Public
84500,0.2593674,Private
84511,0.1268433,Public
84514,0.1217546,Public
84516,0.0861149,Private
84517,0.02144004,Public
84518,0.02734063,Public
84523,0.2814438,Private
84526,0.4964943,Public
84530,0.1384865,Private
84534,0.05263608,Public
84544,0.2573165,Private
84553,0.1213458,Private
84555,0.1414768,Public
84565,0.6939219,Private
84569,0.06479508,Public
84573,0.1551634,Public
84577,0.07001538,Public
84579,0.07986479,Public
84583,0.5051945,Public
84585,0.5586103,Private
84607,0.4481033,Private
84612,0.5146715,Private
84615,0.1541218,Private
84624,0.1872993,Public
84627,0.6000017,Public
84629,0.0992294,Public
84631,0.537067,Private
84633,0.1317685,Private
84637,0.5430306,Public
84651,0.1980006,Public
84654,0.5210741,Public
84659,0.5718423,Private
84664,0.2923515,Public
84665,0.6290201,Private
84667,0.1278446,Public
84685,0.5532154,Public
84692,0.5455872,Public
84694,0.5137183,Private
84695,0.08777918,Private
84698,0.1251823,Public
84700,0.667755,Public
84703,0.4934548,Public
84717,0.06264772,Public
84719,0.3403294,Public
84720,0.120227,Public
84723,0.08628615,Private
84725,0.2181034,Private
84726,0.08349255,Private
84728,0.437078,Private
84730,0.07322332,Private
84731,0.1288253,Private
84734,0.04924854,Public
84736,0.3423308,Public
84739,0.0666622,Public
84742,0.173352,Private
84743,0.1020841,Public
84748,0.09103639,Public
84754,0.4776607,Private
84761,0.4190356,Private
84762,0.06010407,Private
84766,0.5360482,Private
84770,0.1567313,Private
84773,0.2370118,Private
84774,0.5881752,Public
84785,0.1279971,Private
84787,0.140783,Private
84790,0.303395,Public
84791,0.1127607,Private
84793,0.1289482,Private
84811,0.3287591,Private
84816,0.6030749,Private
84817,0.5229324,Public
84821,0.049688,Public
84832,0.04603218,Public
84846,0.0950762,Private
84853,0.1575314,Private
84860,0.1997894,Private
84861,0.6531973,Private
84866,0.1314506,Private
84874,0.5320514,Public
84878,0.1846741,Public
84880,0.3834444,Public
84891,0.6675364,Private
84892,0.588997,Public
84896,0.01622732,Private
84899,0.1435413,Private
84902,0.4071646,Public
84904,0.5226957,Private
84925,0.1473709,Private
84932,0.1608386,Private
84943,0.319723,Public
84964,0.05454532,Public
84976,0.1735868,Public
84977,0.08341529,Private
84981,0.1507721,Private
84983,0.663375,Private
84995,0.02238173,Private
85001,0.1021505,Public
85006,0.7037831,Private
85013,0.5857778,Public
85015,0.08667581,Public
85016,0.5074223,Private
85024,0.3258584,Private
85029,0.2462827,Private
85038,0.5742766,Private
85042,0.645018,Public
85053,0.3137819,Public
85058,0.5698128,Public
85067,0.3446063,Private
85076,0.4214143,Public
85081,0.2051493,Public
85090,0.03702575,Public
85091,0.04085006,Private
85092,0.4937181,Private
85103,0.641354,Public
85107,0.4630381,Public
85112,0.4550216,Private
85119,0.09003381,Private
85120,0.04043909,Public
85122,0.3862951,Public
85128,0.1960996,Private
85132,0.2039801,Private
85133,0.2263875,Public
85140,0.2302354,Private
85149,0.5319104,Private
85150,0.1306418,Public
85155,0.7429013,Public
85160,0.5293126,Private
85166,0.4883023,Private
85169,0.08437274,Public
85177,0.1711598,Private
85178,0.4771961,Public
85179,0.5119297,Private
85184,0.3914575,Public
85192,0.5681028,Public
85193,0.5372073,Public
85195,0.4891064,Private
85201,0.5541826,Private
85204,0.4783224,Private
85205,0.5515711,Public
85211,0.2030361,Private
85214,0.6079999,Public
85216,0.09601203,Private
85219,0.08231244,Public
85228,0.3230219,Private
85230,0.2224611,Public
85238,0.3345593,Public
85239,0.1145965,Private
85245,0.1141002,Public
85266,0.3375695,Public
85269,0.1507351,Private
85279,0.1148413,Public
85280,0.4700278,Private
85283,0.4920414,Private
85291,0.1163972,Private
85294,0.2170852,Public
85305,0.6054547,Private
85311,0.3339983,Private
85314,0.07635539,Public
85326,0.5918759,Private
85335,0.5951546,Private
85350,0.2488326,Public
85354,0.08142546,Public
85359,0.4951009,Private
85362,0.09516273,Public
85366,0.1109055,Private
85371,0.07954229,Public
85374,0.5559154,Public
85376,0.5764896,Private
85382,0.08161454,Private
85389,0.02420437,Public
85392,0.09217956,Private
85395,0.2187918,Public
85398,0.6711448,Public
85410,0.03291619,Private
85414,0.1840149,Public
85423,0.1037589,Private
85426,0.1981451,Public
85430,0.5685487,Public
85431,0.06353467,Public
85435,0.3132667,Private
85436,0.1159022,Private
85443,0.09863064,Public
85445,0.2285101,Public
85447,0.1391391,Private
85451,0.1127818,Public
85457,0.5038844,Private
85464,0.142495,Private
85468,0.6410526,Private
85469,0.03913496,Public
85473,0.06826232,Public
85474,0.5961816,Public
85481,0.05085982,Public
85488,0.1177148,Public
85489,0.7266214,Private
85490,0.6879605,Public
85501,0.04312858,Public
85503,0.5754515,Public
85514,0.212938,Public
85518,0.1655204,Private
85525,0.08091522,Public
85527,0.2118091,Private
85530,0.6140872,Private
85532,0.5509143,Public
85543,0.0835162,Private
85548,0.08822539,Public
85549,0.5797787,Public
85550,0.1596249,Private
85553,0.182859,Private
85577,0.1050355,Public
85579,0.04208474,Public
85581,0.07354025,Public
85595,0.6837668,Private
85597,0.1431372,Private
85599,0.3420256,Public
85603,0.1179621,Private
85610,0.1382466,Private
85615,0.1612352,Public
85616,0.04070032,Private
85617,0.0844039,Private
85637,0.568803,Public
85643,0.07974839,Private
85649,0.1644115,Private
85654,0.4811681,Private
85655,0.08581428,Public
85657,0.1372002,Private
85663,0.3237897,Private
85667,0.4773779,Private
85669,0.5845599,Public
85674,0.4922245,Private
85677,0.1238531,Private
85678,0.5221242,Public
85679,0.1003665,Public
85680,0.6972361,Private
85687,0.1299297,Private
85690,0.2726142,Private
85693,0.133302,Public
85703,0.3575343,Private
85707,0.08616031,Public
85708,0.3215985,Private
85709,0.5278769,Public
85711,0.614002,Public
85712,0.1505607,Private
85716,0.3933133,Private
85725,0.07743,Public
85729,0.6081765,Public
85731,0.08217889,Private
85744,0.5465718,Private
85751,0.5271265,Public
85757,0.5145109,Private
85759,0.05989973,Public
85761,0.09917583,Private
85765,0.1531008,Public
85774,0.06721691,Public
85779,0.1103812,Private
85781,0.6086198,Public
85782,0.05988188,Private
85805,0.09136406,Public
85812,0.5984058,Public
85813,0.1505211,Private
85814,0.1480748,Private
85818,0.05874954,Public
85820,0.1006397,Private
85824,0.3527248,Public
85825,0.01688305,Private
85831,0.4638425,Public
85836,0.2599552,Private
85842,0.1355367,Public
85843,0.1194189,Private
85844,0.5366415,Private
85848,0.5455633,Private
85850,0.4519275,Public
85853,0.0245632,Public
85854,0.1097319,Public
85863,0.0323582,Private
85867,0.0816967,Public
85874,0.3386382,Private
85879,0.1394045,Public
85886,0.4861716,Private
85887,0.1160011,Private
85889,0.1047811,Private
85896,0.484137,Private
85909,0.6202065,Private
85914,0.4519976,Private
85915,0.06287523,Private
85920,0.07609839,Private
85925,0.2603309,Public
85929,0.1213335,Public
85933,0.5930735,Private
85936,0.1918176,Private
85937,0.179962,Public
85940,0.4409389,Public
85945,0.1573474,Private
85947,0.6958741,Public
85956,0.2704791,Private
85957,0.6296178,Private
85959,0.7370198,Public
85961,0.3526155,Public
85962,0.5793288,Public
85971,0.4325034,Public
85972,0.1227983,Private
85973,0.4507372,Private
85981,0.4462084,Private
85982,0.588652,Public
85983,0.1937732,Private
85984,0.1846685,Public
85987,0.06063198,Private
85988,0.2529629,Public
85990,0.5277767,Private
85991,0.1741792,Private
85992,0.5638602,Public
85996,0.1379602,Private
85998,0.1343807,Public
85999,0.4613532,Public
86005,0.1659922,Private
86006,0.09098784,Private
86008,0.1733315,Public
86024,0.3666401,Public
86027,0.1530344,Public
86029,0.1650289,Private
86036,0.2349722,Private
86038,0.3304153,Public
86041,0.1345947,Public
86055,0.545693,Private
86063,0.1715999,Private
86064,0.4889117,Public
86066,0.5236287,Private
86072,0.1517588,Public
86081,0.160605,Public
86084,0.02750987,Private
86089,0.07371081,Private
86102,0.2694021,Public
86103,0.05342223,Private
86105,0.06728649,Private
86108,0.5585555,Private
86111,0.3678701,Private
86120,0.1068669,Private
86123,0.07852492,Private
86124,0.02700927,Public
86126,0.03149462,Private
86129,0.1336608,Public
86130,0.4962561,Private
86133,0.6885738,Public
86134,0.3066318,Public
86135,0.1636964,Private
86143,0.5409012,Public
86145,0.4363376,Public
86148,0.06529115,Public
86153,0.3180682,Private
86155,0.04991518,Public
86156,0.13509,Public
86158,0.5640674,Private
86164,0.5854867,Private
86168,0.309536,Private
86184,0.6636364,Public
86188,0.4270743,Private
86202,0.4927496,Private
86205,0.127993,Private
86206,0.4908877,Private
86207,0.07560913,Public
86210,0.3947013,Private
86213,0.5361765,Private
86218,0.1532358,Public
86226,0.5221156,Public
86231,0.17582,Public
86232,0.6719576,Private
86240,0.4548007,Public
86242,0.662575,Private
86246,0.6277334,Private
86250,0.1038842,Public
86261,0.1579193,Public
86268,0.1840353,Public
86269,0.2136453,Public
86274,0.5607849,Private
86282,0.07764946,Private
86285,0.06586693,Private
86292,0.158077,Private
86296,0.03231089,Public
86308,0.4777933,Private
86310,0.1269568,Public
86314,0.4870186,Public
86315,0.145991,Public
86322,0.5420584,Public
86328,0.4937086,Private
86332,0.2482546,Private
86335,0.4107735,Public
86336,0.195381,Public
86338,0.636893,Private
86339,0.06753061,Private
86346,0.1356413,Private
86348,0.5724972,Public
86365,0.2185774,Public
86370,0.3592564,Private
86373,0.540517,Private
86378,0.07105833,Public
86394,0.66654,Public
86402,0.08528036,Public
86416,0.1511907,Private
86436,0.0326836,Public
86437,0.04700845,Private
86442,0.5085446,Private
86444,0.08740819,Public
86450,0.4447179,Public
86457,0.081778,Public
86465,0.1379852,Public
86467,0.1294068,Private
86470,0.6471221,Private
86475,0.107786,Public
86478,0.546284,Private
86483,0.1610156,Public
86486,0.5789129,Private
86488,0.06682035,Private
86489,0.09676105,Public
86497,0.4709382,Private
86511,0.1570989,Private
86516,0.07836048,Public
86522,0.05523856,Private
86529,0.1548182,Public
86544,0.05612789,Public
86551,0.08332279,Private
86555,0.5426337,Public
86565,0.1051086,Public
86567,0.1396283,Public
86569,0.1588731,Public
86570,0.7151758,Public
86574,0.2832095,Public
86576,0.5658833,Private
86590,0.4819858,Public
86593,0.1014677,Private
86597,0.01991638,Private
86598,0.0459858,Public
86602,0.1258975,Private
86610,0.04330433,Private
86612,0.1283869,Private
86613,0.1319269,Private
86616,0.09968778,Public
86618,0.101902,Public
86623,0.06518213,Private
86628,0.7709455,Private
86649,0.7852294,Private
86652,0.4623893,Private
86654,0.06197698,Public
86655,0.335727,Public
86661,0.3296471,Private
86664,0.1284153,Public
86668,0.04799161,Private
86669,0.06560577,Private
86672,0.2509436,Public
86673,0.0728616,Public
86676,0.08093016,Private
86682,0.5020375,Private
86691,0.4029973,Private
86694,0.4208457,Public
86695,0.05748039,Public
86698,0.06693467,Public
86700,0.2919956,Public
86703,0.04750015,Public
86704,0.4335953,Private
86707,0.1280382,Public
86710,0.1568827,Private
86711,0.7586895,Private
86713,0.1428874,Private
86716,0.2744086,Private
86717,0.5629139,Public
86719,0.4548679,Private
86724,0.09173884,Public
86727,0.3010005,Public
86729,0.2886318,Private
86738,0.3286064,Public
86740,0.07124121,Public
86741,0.3637128,Private
86748,0.5685526,Public
86753,0.2119665,Public
86757,0.5451519,Public
86758,0.08190063,Public
86760,0.4907691,Private
86763,0.07963698,Private
86769,0.6937258,Public
86779,0.2051255,Private
86784,0.1868118,Private
86787,0.4665519,Private
86795,0.6067849,Private
86799,0.1015986,Private
86803,0.4124429,Private
86807,0.08346166,Private
86818,0.07058363,Public
86831,0.5142498,Public
86836,0.07761486,Public
86839,0.3434811,Private
86840,0.1769424,Public
86859,0.3057793,Private
86862,0.6285825,Public
86863,0.5981979,Private
86869,0.4530361,Public
86889,0.5685293,Public
86890,0.200332,Public
86891,0.2012352,Private
86900,0.5264181,Public
86907,0.4935709,Public
86908,0.3343197,Private
86912,0.1075635,Private
86914,0.6935906,Private
86918,0.1449117,Private
86921,0.05582571,Public
86923,0.1223917,Private
86925,0.5391287,Public
86928,0.03975186,Private
86936,0.6740982,Private
86938,0.5455427,Public
86958,0.4691804,Public
86968,0.5350488,Private
86971,0.03957737,Private
86982,0.6537665,Private
86984,0.1037217,Private
86988,0.490375,Private
86998,0.08084578,Public
87001,0.5089464,Private
87011,0.06078196,Public
87029,0.4084755,Private
87043,0.7974534,Private
87044,0.6479942,Public
87046,0.1105133,Private
87051,0.382385,Private
87052,0.1139461,Public
87054,0.4400311,Private
87059,0.5016855,Private
87062,0.7967579,Public
87072,0.270366,Public
87086,0.3686862,Public
87087,0.09253796,Private
87088,0.1503223,Public
87092,0.5832078,Public
87096,0.1447954,Private
87103,0.08257855,Private
87104,0.2912186,Private
87119,0.3243559,Private
87122,0.07149711,Public
87123,0.1285076,Public
87127,0.1305367,Private
87128,0.08556731,Public
87130,0.5614676,Public
87132,0.1586872,Private
87133,0.2746487,Public
87134,0.06182253,Private
87136,0.5025918,Private
87142,0.5640046,Private
87143,0.2999969,Public
87148,0.07745723,Public
87154,0.0729289,Private
87163,0.3345046,Private
87171,0.08797117,Public
87173,0.1306307,Public
87178,0.5731131,Private
87182,0.4738373,Public
87193,0.1361538,Public
87198,0.07994381,Public
87201,0.1396433,Public
87212,0.2398052,Public
87225,0.6050112,Public
87227,0.1467275,Private
87228,0.0935129,Public
87231,0.07964293,Public
87234,0.1915245,Public
87235,0.3630143,Private
87236,0.1551372,Public
87237,0.699703,Public
87238,0.1537032,Private
87245,0.1349777,Private
87262,0.1000832,Private
87263,0.06274454,Public
87265,0.3648051,Public
87266,0.4962447,Public
87272,0.0550583,Private
87273,0.02877753,Public
87275,0.3072583,Public
87276,0.4793239,Public
87278,0.481841,Private
87287,0.1069983,Public
87292,0.6500778,Public
87293,0.2738245,Private
87310,0.6380635,Private
87312,0.637483,Private
87313,0.5041265,Private
87317,0.1321305,Public
87318,0.1036801,Private
87323,0.06582209,Public
87325,0.5180656,Private
87329,0.1293117,Public
87331,0.08324323,Private
87332,0.4605404,Private
87333,0.5646133,Public
87335,0.4405855,Public
87344,0.4426426,Private
87345,0.1430826,Public
87346,0.5847934,Private
87347,0.09884299,Public
87359,0.5392047,Private
87362,0.1057176,Private
87363,0.6041715,Public
87369,0.4789975,Private
87377,0.554072,Private
87380,0.275707,Private
87382,0.3535877,Private
87388,0.3047606,Private
87396,0.5214224,Public
87404,0.3864093,Public
87407,0.6012967,Public
87410,0.1537023,Private
87412,0.1589798,Private
87416,0.1755126,Public
87421,0.2311623,Private
87438,0.07151999,Public
87440,0.03228601,Private
87445,0.4907561,Private
87453,0.105021,Private
87454,0.1519756,Private
87455,0.1120478,Private
87458,0.1654258,Public
87459,0.6414632,Private
87460,0.3293288,Public
87464,0.09183483,Private
87468,0.08868725,Private
87475,0.5232369,Public
87483,0.09789904,Public
87487,0.4646682,Public
87489,0.08638504,Private
87492,0.5665747,Public
87493,0.3275224,Private
87495,0.4549072,Public
87496,0.08794776,Private
87498,0.07643996,Private
87502,0.1056499,Public
87505,0.5502517,Private
87508,0.5737193,Public
87510,0.3418403,Private
87512,0.1029414,Public
87513,0.6292492,Private
87519,0.09492305,Public
87520,0.2118952,Private
87527,0.3360181,Public
87533,0.5849834,Private
87535,0.1289772,Public
87538,0.2314751,Public
87544,0.2233175,Private
87545,0.262467,Public
87546,0.3030721,Public
87553,0.4814473,Private
87566,0.05789621,Public
87571,0.4566122,Private
87572,0.132348,Public
87573,0.1570557,Private
87580,0.2482306,Private
87586,0.059319,Public
87589,0.5217716,Public
87592,0.2095708,Private
87593,0.1151017,Private
87599,0.1553894,Public
87611,0.08616721,Public
87616,0.2385776,Public
87621,0.1604845,Private
87625,0.040739,Private
87630,0.08414234,Public
87640,0.1427347,Private
87647,0.01705606,Private
87656,0.5946299,Private
87668,0.1199354,Public
87670,0.1625721,Public
87675,0.07406395,Public
87679,0.6252442,Private
87686,0.09826997,Public
87695,0.4139038,Public
87697,0.5133544,Private
87700,0.1098,Private
87710,0.1925683,Public
87711,0.2281323,Public
87728,0.5899997,Public
87731,0.2796452,Public
87736,0.1120538,Public
87744,0.4652053,Public
87746,0.6604937,Public
87755,0.03750645,Private
87759,0.1576255,Private
87767,0.2948411,Public
87775,0.1023957,Private
87786,0.1079039,Public
87793,0.1370549,Private
87794,0.2393733,Private
87796,0.5370286,Private
87804,0.2785716,Private
87822,0.06076288,Public
87833,0.1517597,Public
87838,0.397851,Public
87840,0.05037632,Public
87858,0.1186944,Private
87864,0.05948219,Public
87876,0.1087439,Public
87886,0.02560334,Private
87889,0.5572163,Private
87891,0.5093836,Private
87892,0.2731378,Private
87893,0.4721976,Private
87895,0.09621719,Public
87896,0.339947,Private
87897,0.1229922,Public
87901,0.4117756,Public
87902,0.2936408,Private
87904,0.5918669,Public
87908,0.2899917,Public
87910,0.06635644,Public
87911,0.139525,Private
87922,0.4598153,Private
87923,0.433405,Public
87924,0.1375694,Private
87927,0.05087622,Public
87937,0.06016178,Private
87939,0.166668,Public
87945,0.5046582,Public
87948,0.4058206,Private
87949,0.5293727,Private
87954,0.473867,Public
87955,0.07350758,Public
87958,0.3517841,Private
87959,0.05608968,Public
87960,0.5516409,Public
87965,0.05111438,Private
87967,0.05338539,Public
87968,0.5518912,Public
87969,0.1455467,Public
87970,0.1977006,Public
87980,0.07028466,Private
87981,0.1052457,Private
87983,0.07212581,Public
87984,0.1453734,Private
87985,0.1796066,Public
87986,0.1153839,Public
87988,0.3582546,Private
87999,0.2324476,Public
88001,0.09652437,Private
88006,0.07220283,Public
88009,0.5267081,Private
88020,0.5050837,Private
88021,0.475693,Public
88027,0.3200468,Private
88031,0.596256,Public
88040,0.676966,Public
88045,0.3118304,Public
88051,0.2252163,Private
88055,0.2848895,Private
88056,0.04884933,Private
88059,0.6954558,Private
88072,0.1269735,Public
88074,0.4924367,Private
88076,0.3520831,Private
88077,0.139453,Private
88080,0.09334964,Private
88085,0.126917,Private
88088,0.05249343,Public
88090,0.24329,Private
88092,0.07350172,Private
88095,0.5217326,Private
88098,0.5511362,Public
88100,0.1351496,Public
88105,0.3571312,Private
88116,0.6440734,Private
88136,0.6335797,Private
88144,0.02798641,Private
88147,0.1839926,Private
88150,0.7328992,Private
88151,0.5326275,Public
88152,0.2031613,Public
88161,0.04769441,Private
88177,0.3333943,Public
88186,0.05483357,Public
88188,0.1436176,Private
88199,0.159493,Public
88204,0.1423171,Private
88207,0.1270075,Public
88209,0.09489801,Private
88219,0.08651918,Public
88220,0.1050912,Private
88222,0.4526846,Private
88223,0.5695798,Public
88226,0.5441965,Public
88229,0.7564076,Public
88236,0.1747336,Public
88239,0.03332464,Public
88240,0.07104395,Public
88247,0.6058315,Private
88263,0.01625506,Public
88267,0.5735922,Public
88278,0.1791696,Public
88284,0.5175918,Public
88288,0.3739588,Private
88290,0.3226622,Private
88296,0.2934966,Private
88302,0.5211393,Public
88304,0.5744498,Public
88314,0.1575591,Public
88315,0.4392413,Private
88317,0.07455699,Public
88321,0.02163714,Private
88323,0.4656179,Private
88330,0.592639,Private
88339,0.3425063,Private
88340,0.1779098,Private
88366,0.1328078,Public
88370,0.1434842,Public
88379,0.4902115,Private
88388,0.04135616,Private
88392,0.193935,Public
88397,0.5125187,Public
88410,0.772165,Public
88411,0.06156669,Private
88416,0.4025098,Public
88420,0.5550553,Public
88422,0.09350894,Public
88427,0.09298228,Private
88432,0.2034629,Private
88439,0.06162564,Public
88441,0.6333898,Private
88442,0.1195784,Public
88444,0.08419397,Private
88454,0.5434818,Private
88461,0.08162931,Public
88464,0.1233874,Private
88471,0.3895715,Private
88478,0.5237666,Public
88482,0.4274681,Public
88499,0.1352074,Private
88500,0.5226542,Public
88503,0.5375053,Private
88509,0.2471612,Public
88517,0.3114134,Private
88523,0.6445175,Private
88529,0.2759891,Private
88530,0.031248,Public
88534,0.5114118,Private
88535,0.08356476,Private
88540,0.05231408,Private
88545,0.3860085,Private
88553,0.1325722,Public
88559,0.3320918,Private
88560,0.07270075,Public
88568,0.5232009,Public
88572,0.03961409,Private
88576,0.02908881,Public
88578,0.6118685,Private
88579,0.3333391,Public
88583,0.1322835,Public
88584,0.1496097,Private
88593,0.5808741,Public
88594,0.1141871,Private
88603,0.2218504,Private
88607,0.1123759,Public
88614,0.122434,Public
88616,0.3038524,Public
88635,0.7523354,Private
88646,0.1351678,Public
88648,0.5747381,Private
88652,0.1703112,Private
88657,0.08973011,Public
88658,0.4171762,Private
88660,0.3257217,Public
88664,0.2851228,Private
88668,0.5593567,Public
88672,0.01179282,Private
88679,0.1650486,Public
88687,0.4607939,Private
88691,0.5791072,Public
88697,0.1055972,Private
88700,0.5762042,Private
88708,0.3060552,Private
88711,0.2669861,Private
88714,0.55752,Public
88719,0.1435614,Public
88720,0.486408,Public
88721,0.525561,Private
88723,0.2912917,Public
88726,0.2109906,Public
88730,0.08639086,Private
88731,0.5854295,Public
88733,0.5125438,Private
88736,0.1389167,Public
88738,0.4948277,Public
88741,0.4717327,Private
88743,0.3222544,Private
88755,0.6049348,Private
88761,0.1360414,Public
88772,0.06525065,Public
88774,0.2939098,Public
88779,0.07748014,Public
88780,0.569855,Private
88781,0.0705988,Public
88789,0.09136761,Private
88791,0.2109769,Private
88793,0.6042086,Public
88794,0.149103,Private
88801,0.1659937,Public
88802,0.4041716,Private
88803,0.4860962,Public
88811,0.1279533,Private
88815,0.1096722,Public
88817,0.04515773,Public
88822,0.5196177,Public
88834,0.03300101,Public
88835,0.04614291,Private
88839,0.07697792,Public
88844,0.3052303,Private
88845,0.6810249,Public
88849,0.3724891,Public
88851,0.4833788,Public
88858,0.1635622,Public
88860,0.1349008,Private
88861,0.6058363,Public
88869,0.3089301,Private
88877,0.5795228,Public
88879,0.5280961,Public
88887,0.08918291,Public
88891,0.138472,Private
88893,0.5278427,Private
88896,0.2058469,Private
88898,0.04345074,Public
88905,0.5464412,Public
88913,0.09890626,Private
88916,0.5617929,Private
88917,0.2064507,Private
88920,0.2251359,Public
88921,0.2643654,Private
88929,0.484399,Public
88935,0.2128888,Private
88947,0.4262708,Public
88950,0.5097603,Private
88960,0.5066362,Public
88964,0.7990898,Private
88977,0.1613906,Private
88979,0.02822194,Private
88982,0.1510055,Public
88983,0.7079473,Public
88992,0.3863679,Private
88995,0.1026829,Private
89022,0.4555284,Private
89031,0.05388058,Public
89037,0.1645388,Public
89038,0.07596898,Public
89044,0.08769493,Private
89045,0.2967491,Public
89047,0.3403095,Public
89049,0.4991551,Private
89051,0.6709314,Private
89060,0.1233271,Private
89067,0.4596646,Public
89074,0.09335504,Public
89075,0.3156853,Private
89080,0.413785,Public
89081,0.04472557,Private
89084,0.4243026,Public
89087,0.6672843,Private
89090,0.5579569,Public
89094,0.1503531,Private
89097,0.6392406,Private
89099,0.1855551,Public
89106,0.1689084,Public
89110,0.2167315,Public
89112,0.6401251,Private
89116,0.08463933,Public
89118,0.289596,Public
89126,0.648831,Private
89131,0.1457199,Private
89132,0.1462927,Private
89135,0.08530836,Public
89152,0.2551275,Private
89153,0.7400005,Public
89156,0.05178822,Public
89160,0.1460805,Private
89164,0.6372362,Public
89169,0.2252257,Private
89186,0.356751,Public
89195,0.07636094,Public
89201,0.3592125,Private
89204,0.3334863,Public
89211,0.5555871,Private
89212,0.5616055,Private
89226,0.06086145,Public
89233,0.4941841,Private
89234,0.04709794,Private
89241,0.1788068,Private
89242,0.2919903,Public
89243,0.4493673,Private
89254,0.7279698,Private
89262,0.5955467,Private
89267,0.6051877,Public
89269,0.1432661,Public
89272,0.2205871,Private
89281,0.1535652,Private
89285,0.733794,Private
89297,0.229646,Private
89299,0.1968846,Public
89312,0.15187,Private
89313,0.0839247,Public
89317,0.5020235,Public
89326,0.5013345,Public
89328,0.5347182,Private
89330,0.4907904,Public
89335,0.2980359,Public
89339,0.3902504,Public
89353,0.4624131,Public
89360,0.08040059,Private
89366,0.5000232,Public
89367,0.6772755,Public
89373,0.6322089,Public
89376,0.03888865,Private
89384,0.4974149,Private
89385,0.6981131,Private
89387,0.3491862,Public
89388,0.4844473,Public
89389,0.5435961,Public
89390,0.09656183,Private
89393,0.5677016,Public
89397,0.3469141,Public
89399,0.1163337,Private
89400,0.05521714,Private
89402,0.1276388,Public
89406,0.09925536,Private
89411,0.3146023,Public
89412,0.09307031,Public
89417,0.0520988,Public
89424,0.3119195,Private
89426,0.4318737,Public
89431,0.1514539,Private
89432,0.6283888,Public
89435,0.6984255,Private
89451,0.3004971,Private
89452,0.5892192,Private
89462,0.1147159,Private
89464,0.1894949,Private
89467,0.5838422,Private
89474,0.2431619,Public
89475,0.3703681,Private
89480,0.0994158,Public
89489,0.4924589,Public
89494,0.07327001,Private
89495,0.09410349,Public
89496,0.1502738,Private
89499,0.1632541,Public
89506,0.5101796,Public
89518,0.1376075,Private
89524,0.09258045,Private
89540,0.05998683,Public
89545,0.5085869,Private
89547,0.1357739,Public
89556,0.4883634,Public
89563,0.05640796,Private
89565,0.4286591,Private
89570,0.1020707,Private
89571,0.08565534,Public
89588,0.5216146,Public
89595,0.1942279,Public
89599,0.4783489,Private
89601,0.08328897,Public
89613,0.6337702,Public
89614,0.2338421,Public
89617,0.3685731,Private
89626,0.3607568,Public
89630,0.05223791,Private
89643,0.05733609,Private
89647,0.4494898,Public
89648,0.7609531,Public
89653,0.2106604,Public
89654,0.2926502,Private
89655,0.07552806,Private
89662,0.3309158,Public
89677,0.4954447,Private
89678,0.1091928,Public
89684,0.4962592,Private
89693,0.6587659,Private
89694,0.6641756,Private
89695,0.625357,Public
89703,0.7253423,Public
89709,0.4424343,Private
89719,0.06946325,Public
89722,0.3292829,Private
89734,0.6202289,Private
89737,0.1066292,Private
89741,0.1889417,Private
89742,0.1405895,Private
89743,0.2973073,Private
89745,0.7032562,Public
89751,0.5020144,Private
89759,0.1048623,Public
89760,0.5522602,Private
89765,0.5691321,Private
89766,0.6291205,Private
89778,0.6233216,Public
89780,0.5607162,Public
89783,0.06383906,Private
89787,0.6198018,Private
89788,0.2581989,Public
89789,0.07785012,Private
89791,0.3940896,Private
89792,0.08859544,Private
89795,0.2535987,Private
89796,0.4980186,Private
89802,0.08566981,Private
89805,0.1162945,Public
89811,0.102203,Private
89812,0.04735364,Private
89813,0.0464054,Private
89815,0.6713839,Private
89818,0.1111895,Private
89822,0.4651916,Public
89824,0.654742,Public
89826,0.01211255,Public
89833,0.3119478,Private
89846,0.4925847,Private
89847,0.08740553,Public
89852,0.6367893,Public
89859,0.08280907,Private
89862,0.124359,Public
89863,0.6116425,Public
89871,0.06465819,Public
89874,0.1860328,Private
89876,0.1485856,Private
89881,0.7220268,Private
89883,0.08135569,Public
89891,0.1228739,Public
89892,0.04819306,Private
89895,0.5892812,Private
89898,0.1184668,Public
89899,0.07191895,Private
89900,0.1021742,Private
89904,0.5352989,Private
89906,0.321305,Public
89910,0.2381433,Public
89912,0.5416967,Public
89914,0.5365027,Private
89919,0.588031,Private
89922,0.2346594,Public
89928,0.5404402,Public
89930,0.1111337,Public
89934,0.07620858,Private
89941,0.696758,Private
89950,0.5671898,Public
89951,0.3394907,Private
89953,0.09436746,Private
89954,0.4082172,Private
89959,0.05986096,Private
89962,0.1483867,Public
89963,0.1303729,Private
89970,0.5232379,Private
90009,0.0912966,Private
90012,0.1573732,Private
90014,0.04265235,Public
90020,0.5162115,Private
90022,0.1467244,Private
90023,0.03974821,Public
90025,0.7178872,Private
90031,0.2820337,Public
90037,0.2184905,Private
90045,0.1168798,Public
90051,0.07302083,Public
90052,0.525569,Private
90053,0.4335233,Private
90054,0.1027285,Private
90057,0.6277342,Private
90058,0.09013139,Public
90063,0.1285767,Private
90071,0.6196635,Private
90084,0.1697318,Public
90093,0.07342252,Private
90101,0.108535,Public
90102,0.4112498,Public
90106,0.5054231,Private
90125,0.7464216,Private
90127,0.4763093,Private
90135,0.2093693,Private
90140,0.08198188,Public
90147,0.07577974,Private
90149,0.5995299,Public
90157,0.4525327,Public
90188,0.1893304,Public
90191,0.4284658,Public
90194,0.3099155,Public
90197,0.105024,Private
90198,0.04919437,Private
90201,0.4796807,Private
90202,0.07651248,Public
90207,0.4424266,Private
90208,0.1323816,Public
90221,0.5780967,Private
90225,0.609856,Private
90226,0.4874249,Public
90239,0.1155047,Private
90240,0.0611449,Private
90246,0.2079847,Public
90253,0.3361592,Private
90260,0.4292075,Private
90265,0.6196987,Public
90270,0.3577612,Public
90272,0.6657667,Public
90277,0.06914265,Private
90282,0.3256939,Public
90283,0.2744443,Public
90301,0.02720466,Public
90304,0.1415496,Private
90306,0.06499801,Private
90327,0.05420568,Private
90338,0.4299251,Private
90347,0.6305274,Private
90349,0.7081842,Private
90353,0.6785766,Public
90355,0.3074209,Public
90356,0.5674331,Private
90365,0.09329388,Public
90367,0.3777174,Public
90369,0.06096312,Private
90373,0.11955,Private
90381,0.1044685,Public
90385,0.323656,Public
90386,0.3633626,Public
90387,0.5641495,Public
90396,0.1604911,Public
90397,0.150655,Private
90398,0.4248261,Private
90407,0.1448833,Public
90417,0.489354,Public
90418,0.1683298,Private
90419,0.5059984,Public
90421,0.1496952,Public
90422,0.255644,Public
90436,0.7266381,Private
90449,0.4182954,Public
90453,0.4891371,Public
90456,0.3584956,Private
90467,0.05312207,Private
90469,0.06189978,Private
90471,0.1502266,Private
90474,0.1263324,Private
90477,0.07234304,Public
90480,0.2759986,Public
90486,0.07480314,Public
90494,0.1520427,Public
90498,0.5498539,Public
90501,0.06957484,Public
90505,0.1282064,Private
90507,0.1592057,Private
90510,0.0544089,Public
90517,0.137021,Private
90518,0.6212949,Public
90536,0.6823814,Private
90545,0.06252001,Private
90551,0.03250927,Public
90562,0.5670494,Public
90563,0.1130123,Private
90584,0.0861528,Private
90586,0.06992353,Private
90587,0.1508299,Public
90588,0.1027762,Public
90590,0.3517005,Public
90600,0.5263169,Private
90605,0.05799849,Public
90608,0.04565877,Public
90610,0.5280798,Private
90614,0.4703831,Public
90615,0.1285956,Public
90633,0.09288567,Private
90639,0.5540124,Public
90663,0.09856024,Private
90678,0.3738153,Public
90692,0.6507103,Private
90695,0.04828871,Public
90697,0.02411783,Private
90710,0.2578209,Private
90712,0.102783,Private
90720,0.1682814,Private
90724,0.07227418,Private
90725,0.504519,Public
90733,0.3283693,Public
90735,0.5242503,Public
90745,0.4580181,Public
90746,0.1326405,Public
90748,0.02823887,Private
90751,0.5188708,Private
90759,0.3154352,Private
90768,0.4766184,Public
90770,0.2836173,Private
90771,0.1576591,Private
90775,0.04647616,Private
90777,0.5734076,Private
90780,0.1108888,Public
90793,0.07865398,Public
90797,0.5946583,Private
90800,0.7643891,Private
90802,0.2865016,Private
90805,0.5919164,Private
90810,0.5579513,Private
90811,0.1301653,Private
90816,0.09017089,Private
90820,0.334272,Private
90821,0.3192306,Public
90822,0.1020035,Public
90825,0.3941554,Public
90827,0.2337428,Public
90844,0.06465084,Private
90852,0.4303345,Private
90874,0.0968567,Public
90878,0.206587,Public
90879,0.05998402,Private
90880,0.4552972,Private
90881,0.06855103,Private
90882,0.01183405,Public
90884,0.3655152,Public
90887,0.1441083,Private
90895,0.5422321,Private
90896,0.06133536,Private
90900,0.5403139,Private
90902,0.08232943,Public
90904,0.2350316,Public
90909,0.0629045,Public
90917,0.506852,Public
90925,0.1318504,Public
90927,0.462841,Public
90928,0.5492007,Public
90930,0.5426431,Private
90932,0.05980428,Public
90936,0.621264,Private
90937,0.4569334,Public
90950,0.4562257,Public
90972,0.1077053,Public
90982,0.1145211,Public
90992,0.5204836,Public
90997,0.03865421,Private
91002,0.06527617,Private
91006,0.05499059,Public
91007,0.142248,Public
91009,0.4820983,Public
91010,0.1035316,Private
91012,0.4688405,Public
91020,0.586108,Public
91024,0.1757664,Private
91027,0.3844485,Private
91031,0.1796081,Private
91036,0.4033049,Public
91038,0.132088,Public
91051,0.0836473,Public
91055,0.7620685,Private
91056,0.09418526,Private
91057,0.1173714,Public
91062,0.08692396,Private
91063,0.4991646,Public
91064,0.09359865,Private
91066,0.1294568,Public
91068,0.6089981,Public
91072,0.2312384,Public
91074,0.5376983,Private
91076,0.5505641,Public
91083,0.1917388,Public
91088,0.5751014,Private
91090,0.1082028,Private
91102,0.1723312,Private
91106,0.1328314,Private
91107,0.1425823,Private
91115,0.06207697,Private
91118,0.05685396,Public
91119,0.3133476,Public
91128,0.08491015,Public
91137,0.06715865,Public
91141,0.5919572,Public
91142,0.4884963,Public
91148,0.1244486,Public
91150,0.1771151,Private
91155,0.04024837,Private
91160,0.565207,Private
91164,0.07485883,Private
91165,0.1607707,Public
91170,0.5477935,Public
91176,0.4837683,Public
91179,0.1142635,Private
91186,0.07999562,Public
91194,0.3490919,Private
91197,0.1467002,Public
91198,0.6278021,Public
91199,0.5090591,Private
91200,0.3344834,Public
91218,0.3316022,Private
91221,0.640532,Private
91222,0.714773,Private
91223,0.5460455,Private
91226,0.1667531,Public
91229,0.06256176,Public
91230,0.4712923,Private
91234,0.550496,Public
91245,0.1098196,Public
91247,0.3413922,Public
91248,0.5574724,Private
91267,0.2102276,Public
91268,0.2503637,Private
91271,0.2918236,Public
91279,0.2955426,Public
91288,0.5718684,Public
91289,0.1880663,Public
91294,0.4740456,Public
91296,0.1795195,Private
91299,0.0391103,Public
91302,0.1297857,Public
91314,0.5387884,Public
91318,0.09161451,Public
91319,0.4909679,Private
91321,0.5263656,Public
91322,0.5609679,Private
91325,0.5067858,Public
91328,0.1107707,Public
91329,0.09032489,Private
91335,0.4951045,Public
91353,0.1239587,Private
91356,0.1154704,Public
91357,0.3663223,Public
91362,0.08544998,Private
91363,0.5750948,Public
91368,0.3666125,Private
91369,0.6891446,Private
91373,0.3622974,Public
91383,0.7449704,Public
91387,0.2916576,Private
91390,0.5481552,Public
91391,0.101157,Private
91396,0.08986507,Public
91400,0.56731,Public
91404,0.04858522,Private
91412,0.09185842,Private
91419,0.5201173,Private
91420,0.1051208,Private
91428,0.08237683,Public
91429,0.1665391,Public
91452,0.5895,Public
91456,0.3085279,Public
91464,0.1920228,Public
91470,0.3237138,Private
91492,0.1038264,Public
91493,0.4436381,Public
91495,0.589879,Private
91496,0.4452932,Public
91498,0.5565493,Private
91502,0.4592743,Public
91510,0.2512461,Public
91522,0.05432961,Private
91532,0.4126174,Private
91537,0.4196149,Private
91554,0.3991289,Public
91555,0.1565537,Public
91558,0.5587584,Private
91561,0.5348868,Public
91563,0.7012793,Private
91575,0.4753863,Public
91578,0.442773,Public
91580,0.1977517,Public
91581,0.2364001,Private
91592,0.4603635,Public
91593,0.172136,Private
91598,0.1411871,Public
91599,0.1036276,Public
91603,0.07336567,Public
91605,0.512169,Private
91614,0.0426956,Private
91621,0.3177305,Public
91632,0.09712666,Public
91639,0.2848231,Private
91642,0.07342413,Public
91643,0.5387807,Private
91647,0.05581399,Private
91649,0.3982095,Public
91652,0.04284711,Private
91655,0.7274382,Private
91658,0.524586,Public
91659,0.1204794,Public
91663,0.3822043,Public
91668,0.1173343,Private
91672,0.1176771,Private
91678,0.5539151,Public
91679,0.1380553,Public
91680,0.6876585,Public
91683,0.4202311,Public
91684,0.4641029,Public
91685,0.4128307,Public
91696,0.321481,Public
91703,0.6344973,Private
91712,0.07566427,Private
91717,0.4878098,Public
91735,0.2506623,Private
91736,0.5606551,Public
91747,0.4212283,Public
91748,0.7288143,Private
91749,0.3421761,Private
91751,0.4282344,Public
91754,0.5828587,Public
91756,0.3647726,Private
91759,0.1645982,Public
91785,0.1044215,Private
91792,0.01395278,Public
91794,0.4795924,Public
91795,0.1744376,Private
91798,0.5765808,Private
91807,0.179446,Public
91817,0.4474128,Private
91828,0.3674855,Private
91829,0.0350748,Public
91836,0.08402669,Public
91848,0.5247607,Public
91860,0.4743624,Private
91861,0.5603919,Private
91862,0.5680894,Public
91864,0.1783703,Private
91865,0.5871245,Public
91867,0.1129865,Private
91873,0.4870963,Private
91876,0.5910882,Public
91878,0.406256,Public
91879,0.07608236,Public
91881,0.4696878,Private
91884,0.5403134,Public
91892,0.1269101,Private
91906,0.3592415,Public
91911,0.04263492,Public
91919,0.1009516,Private
91920,0.5731784,Public
91922,0.5576367,Private
91958,0.5190981,Public
91959,0.07984148,Public
91960,0.118179,Public
91961,0.2916527,Public
91962,0.4799019,Private
91966,0.1032193,Public
91967,0.06997588,Public
91975,0.5475307,Public
91980,0.6433691,Private
91981,0.2014879,Private
91985,0.1702175,Private
91994,0.1089951,Private
91996,0.110409,Public
92002,0.5186812,Public
92004,0.04713981,Private
92005,0.5281049,Public
92006,0.3070249,Private
92010,0.3338401,Private
92021,0.02915535,Public
92036,0.1673946,Private
92049,0.06571893,Public
92050,0.2020775,Private
92051,0.07810145,Public
92059,0.1516536,Private
92062,0.07580838,Public
92067,0.3816356,Private
92071,0.2968348,Private
92072,0.5140927,Private
92080,0.39852,Private
92086,0.0583421,Private
92090,0.1042226,Private
92093,0.08222562,Private
92108,0.7036889,Private
92116,0.07912444,Private
92118,0.06213404,Private
92121,0.1565933,Public
92122,0.09437577,Private
92124,0.4658835,Public
92125,0.505423,Public
92134,0.140563,Private
92152,0.0352282,Public
92156,0.5197515,Public
92160,0.2278565,Private
92167,0.02941856,Private
92172,0.1327013,Public
92175,0.1745383,Public
92183,0.1751157,Public
92185,0.7103238,Public
92192,0.5865361,Public
92193,0.04499204,Public
92197,0.09255324,Private
92201,0.1151708,Private
92205,0.09492826,Private
92207,0.3267334,Private
92210,0.07402495,Private
92213,0.09938397,Private
92218,0.6545697,Public
92221,0.3724764,Private
92231,0.5017516,Private
92233,0.3091696,Public
92234,0.6787987,Public
92235,0.6399895,Public
92236,0.1534496,Public
92237,0.05452342,Private
92238,0.06372923,Public
92241,0.2924973,Public
92243,0.5982253,Public
92247,0.07552467,Private
92260,0.692821,Public
92261,0.2914484,Public
92263,0.1366433,Private
92268,0.4851348,Private
92274,0.2841462,Private
92277,0.2127367,Private
92282,0.5243078,Public
92284,0.5353332,Private
92288,0.6167834,Private
92291,0.6372963,Private
92292,0.09657118,Public
92296,0.4763698,Private
92298,0.2127643,Public
92301,0.6215926,Public
92308,0.4411337,Private
92311,0.1293294,Private
92314,0.5757255,Public
92315,0.1064059,Private
92317,0.1322254,Public
92324,0.3622566,Private
92328,0.08440015,Public
92337,0.09741767,Public
92340,0.6325802,Private
92345,0.1245005,Public
92358,0.1844462,Private
92360,0.09915312,Public
92365,0.6957664,Private
92368,0.2651695,Public
92374,0.5346687,Private
92377,0.6672527,Private
92378,0.5915968,Private
92389,0.5976803,Public
92399,0.1367878,Private
92415,0.1832262,Private
92419,0.3642766,Public
92420,0.4924978,Private
92424,0.6115121,Private
92425,0.05280247,Private
92435,0.1046337,Public
92436,0.05690052,Public
92438,0.689823,Private
92439,0.6247262,Private
92441,0.4909044,Private
92442,0.1077515,Private
92443,0.1153559,Public
92446,0.6026071,Public
92447,0.02864143,Private
92464,0.4526879,Private
92465,0.1710565,Private
92469,0.03127363,Private
92471,0.1080668,Public
92472,0.3157884,Public
92488,0.08042105,Public
92491,0.05410612,Private
92492,0.05098117,Public
92493,0.4009604,Private
92512,0.5247383,Public
92515,0.520483,Public
92517,0.5505363,Public
92526,0.4906669,Private
92536,0.6390695,Public
92541,0.09969034,Private
92542,0.671984,Private
92543,0.4512566,Public
92545,0.4740805,Private
92563,0.1485805,Public
92573,0.1441234,Public
92576,0.1033155,Public
92578,0.1076771,Private
92579,0.6442136,Private
92583,0.07231443,Public
92588,0.1292426,Private
92601,0.3556571,Private
92617,0.05622445,Private
92620,0.4843766,Private
92628,0.08439558,Private
92634,0.5078469,Private
92646,0.1744641,Public
92653,0.1219215,Private
92658,0.6045011,Public
92661,0.4378071,Private
92669,0.6319588,Private
92679,0.1555441,Public
92688,0.1490283,Public
92691,0.06788429,Private
92696,0.2532544,Private
92705,0.2507757,Private
92708,0.1795072,Private
92722,0.312063,Public
92738,0.1529446,Public
92756,0.4376557,Private
92759,0.1019693,Public
92761,0.6024342,Private
92762,0.4736444,Public
92764,0.4521928,Public
92769,0.07898822,Private
92772,0.5375523,Private
92774,0.3972478,Private
92785,0.4627292,Public
92787,0.2579,Private
92789,0.6431589,Public
92791,0.4853965,Private
92815,0.6267183,Private
92816,0.08325666,Public
92822,0.6768126,Private
92835,0.03604489,Private
92836,0.06427475,Private
92841,0.0872341,Private
92847,0.7642807,Public
92850,0.09689932,Private
92861,0.06303046,Public
92868,0.121022,Public
92876,0.1411816,Private
92879,0.1203061,Public
92880,0.2012616,Private
92892,0.1059894,Public
92910,0.120255,Public
92920,0.1465424,Public
92926,0.144238,Public
92928,0.1862051,Public
92929,0.1874007,Public
92938,0.1006564,Public
92939,0.1233931,Public
92949,0.3011018,Public
92961,0.04677729,Public
92973,0.08508987,Public
92994,0.6140417,Public
92998,0.3363899,Public
93000,0.1625335,Public
93006,0.3359926,Public
93008,0.07693103,Public
93014,0.4766524,Private
93015,0.1962654,Public
93016,0.1733995,Public
93027,0.5402763,Private
93036,0.4033991,Public
93038,0.2095443,Public
93041,0.07366101,Private
93043,0.1139385,Private
93045,0.463928,Private
93055,0.04939845,Private
93059,0.1313583,Private
93063,0.1957242,Private
93065,0.08666961,Public
93070,0.5542017,Private
93071,0.455285,Private
93076,0.412143,Public
93078,0.2969768,Public
93079,0.1182184,Private
93084,0.05173026,Private
93087,0.175037,Private
93094,0.07016065,Public
93095,0.5249436,Private
93100,0.4499449,Public
93102,0.1621195,Private
93105,0.118347,Public
93106,0.6204488,Public
93110,0.1877389,Public
93117,0.7045853,Public
93118,0.5967047,Public
93121,0.3630523,Private
93126,0.1555847,Public
93133,0.5105894,Private
93134,0.5517899,Private
93140,0.09774147,Public
93147,0.5240998,Private
93148,0.2877795,Private
93149,0.05479876,Private
93150,0.5738732,Private
93172,0.1263884,Private
93175,0.1350036,Private
93179,0.1138118,Public
93185,0.1964236,Public
93197,0.239783,Private
93205,0.1395445,Public
93208,0.1044416,Private
93212,0.1294392,Public
93217,0.508534,Public
93224,0.5124307,Private
93229,0.5572157,Public
93230,0.05277403,Public
93262,0.6585934,Private
93264,0.1140399,Private
93267,0.6279245,Private
93269,0.4498173,Public
93293,0.06910703,Private
93297,0.09238447,Private
93300,0.5986328,Private
93305,0.264664,Public
93307,0.5514037,Public
93308,0.1610573,Private
93309,0.07946531,Private
93310,0.07199164,Public
93324,0.06018861,Private
93326,0.1144169,Private
93330,0.6455344,Public
93332,0.1680374,Private
93333,0.5428892,Public
93344,0.6819929,Private
93345,0.1278362,Private
93357,0.07868797,Private
93363,0.07439492,Private
93368,0.3938325,Private
93373,0.09102458,Public
93374,0.09201236,Private
93376,0.1218764,Private
93378,0.02294924,Public
93382,0.06416113,Private
93384,0.604683,Public
93386,0.1087471,Private
93388,0.1364596,Private
93396,0.2300058,Private
93405,0.05136527,Private
93416,0.6337032,Public
93418,0.5864391,Private
93419,0.1874239,Private
93422,0.4659049,Public
93423,0.4842694,Public
93426,0.5523745,Private
93429,0.07881864,Private
93431,0.07507495,Public
93434,0.2199101,Public
93435,0.05672902,Public
93442,0.08671471,Private
93443,0.0719265,Public
93444,0.1357498,Public
93449,0.6596795,Private
93459,0.1222166,Public
93468,0.06355569,Private
93471,0.124815,Public
93474,0.1266263,Public
93500,0.08238391,Private
93501,0.5905889,Private
93502,0.1275788,Private
93512,0.1407733,Public
93526,0.06872379,Public
93533,0.09279951,Public
93534,0.4104915,Private
93538,0.2408484,Public
93542,0.7327939,Private
93547,0.6637579,Private
93552,0.09241132,Public
93556,0.1951506,Public
93557,0.1506622,Public
93563,0.05555472,Private
93565,0.4252581,Private
93570,0.6154578,Private
93574,0.06158994,Private
93577,0.5348502,Public
93578,0.09860164,Public
93583,0.4617125,Public
93585,0.1790951,Private
93599,0.5887462,Private
93607,0.1970003,Private
93608,0.04687628,Private
93610,0.07566619,Public
93617,0.6415582,Private
93618,0.1093872,Private
93623,0.0926945,Public
93626,0.4178444,Public
93629,0.5201115,Private
93634,0.07121953,Private
93635,0.07981443,Public
93638,0.4904427,Private
93645,0.151407,Private
93664,0.07581986,Private
93676,0.5061081,Public
93677,0.6523324,Public
93679,0.1107264,Private
93680,0.3380822,Public
93683,0.1070854,Public
93686,0.4895946,Private
93688,0.1761074,Public
93694,0.06904124,Public
93695,0.126855,Private
93696,0.1742827,Public
93705,0.1888442,Private
93709,0.0227484,Public
93710,0.08547904,Public
93714,0.3461806,Public
93715,0.458873,Public
93718,0.4862881,Public
93719,0.6014781,Private
93724,0.2282448,Private
93729,0.08213432,Public
93741,0.2313705,Public
93742,0.09768663,Private
93743,0.1525726,Public
93745,0.1043029,Public
93747,0.05359759,Public
93762,0.05857999,Public
93764,0.4815772,Private
93771,0.1516154,Public
93772,0.3432625,Private
93782,0.08988839,Public
93783,0.07142396,Public
93787,0.08403987,Private
93789,0.1011011,Public
93803,0.1156951,Private
93808,0.1103325,Private
93809,0.4205851,Private
93812,0.03031204,Public
93814,0.3935758,Public
93823,0.7796567,Public
93836,0.1344502,Private
93837,0.1112404,Private
93838,0.04179531,Public
93846,0.1463397,Public
93848,0.7200199,Public
93854,0.06924681,Public
93863,0.7501501,Public
93890,0.08977819,Private
93891,0.084289,Private
93898,0.2181281,Public
93902,0.2045424,Public
93905,0.4428689,Public
93910,0.1617288,Public
93913,0.1426649,Private
93917,0.5290542,Public
93920,0.102352,Private
93923,0.08863652,Private
93927,0.4811355,Public
93929,0.2182085,Private
93930,0.392071,Private
93935,0.2814391,Private
93938,0.04169106,Public
93939,0.558134,Private
93940,0.2014057,Public
93943,0.2661188,Public
93947,0.09202772,Private
93966,0.5248291,Public
93977,0.1731587,Public
93978,0.3746699,Public
93980,0.4334297,Public
93994,0.1292039,Public
93995,0.07068325,Public
93996,0.2119916,Private
94004,0.5277711,Private
94005,0.5609888,Public
94006,0.341458,Private
94012,0.4980004,Private
94018,0.0607331,Private
94019,0.5692801,Private
94029,0.5061834,Private
94031,0.6855923,Public
94032,0.08850789,Private
94062,0.5239128,Private
94071,0.3938126,Private
94074,0.1174828,Public
94077,0.251377,Private
94079,0.1143924,Private
94080,0.5825385,Public
94086,0.1478541,Private
94088,0.0756255,Private
94090,0.1467189,Private
94092,0.1543462,Public
94101,0.3475481,Private
94108,0.6026909,Private
94113,0.1340589,Public
94120,0.08123573,Private
94121,0.5566081,Public
94122,0.3357729,Private
94126,0.08046216,Private
94132,0.2128836,Private
94139,0.06541241,Private
94141,0.1186467,Public
94142,0.1524295,Private
94147,0.5433983,Public
94166,0.4252129,Private
94171,0.1040372,Public
94179,0.2255523,Private
94183,0.647634,Private
94187,0.5504611,Public
94191,0.4558565,Public
94209,0.248083,Public
94210,0.07292306,Public
94213,0.08422434,Public
94220,0.1439243,Private
94223,0.3331017,Private
94229,0.3424227,Private
94230,0.219422,Public
94242,0.08916855,Public
94244,0.07885357,Public
94246,0.1358701,Private
94270,0.1048963,Private
94279,0.7632319,Private
94286,0.13004,Public
94289,0.5366219,Private
94291,0.1428,Private
94294,0.3595095,Public
94297,0.0740428,Private
94298,0.5533076,Private
94299,0.5708783,Public
94304,0.1531567,Private
94319,0.4217663,Private
94326,0.1278259,Private
94333,0.1015019,Public
94334,0.325343,Public
94338,0.2924322,Private
94344,0.07532126,Public
94350,0.5082003,Public
94359,0.1326682,Public
94365,0.1966598,Public
94370,0.5035644,Private
94371,0.5116088,Private
94373,0.2429609,Public
94374,0.1793713,Private
94377,0.1000813,Public
94380,0.1637955,Public
94381,0.3037547,Public
94386,0.1504253,Public
94393,0.3070093,Public
94394,0.1350838,Private
94397,0.2851298,Public
94400,0.4653678,Private
94407,0.0840472,Public
94410,0.1236187,Private
94418,0.1065077,Private
94426,0.03494744,Public
94427,0.3907103,Private
94428,0.1845666,Private
94432,0.6011902,Public
94439,0.180201,Private
94442,0.03489741,Private
94445,0.3055831,Public
94452,0.1120535,Private
94455,0.6658092,Public
94456,0.5865286,Private
94457,0.103975,Private
94463,0.4896193,Private
94467,0.01179171,Private
94473,0.1059516,Private
94475,0.09332556,Public
94476,0.4833546,Public
94482,0.3064905,Private
94483,0.5355854,Public
94485,0.548266,Private
94492,0.3289642,Public
94506,0.5906966,Public
94517,0.4994318,Public
94521,0.1266664,Private
94533,0.6045696,Public
94534,0.2572335,Public
94538,0.5456411,Private
94543,0.02301857,Private
94554,0.3897078,Private
94559,0.08825149,Public
94563,0.6320271,Public
94574,0.4864451,Private
94575,0.03921973,Public
94580,0.4998698,Public
94586,0.1778799,Private
94588,0.3804389,Public
94600,0.315513,Private
94611,0.184009,Public
94613,0.09322716,Public
94619,0.4840136,Public
94625,0.1499953,Private
94628,0.5833746,Private
94630,0.07914902,Private
94635,0.1152779,Public
94636,0.1035261,Private
94648,0.3306538,Private
94650,0.5764592,Private
94658,0.2980269,Private
94660,0.1222952,Private
94661,0.01502913,Private
94663,0.3665843,Public
94666,0.5126101,Private
94669,0.4128474,Public
94672,0.1545926,Private
94680,0.5810483,Public
94687,0.06142147,Public
94695,0.1374779,Public
94704,0.1061165,Private
94710,0.6002414,Public
94712,0.4792678,Private
94715,0.0606252,Private
94718,0.02136064,Public
94726,0.1313801,Private
94732,0.09998373,Private
94733,0.1182065,Private
94736,0.1254506,Public
94737,0.08903481,Private
94741,0.1518352,Public
94744,0.06880776,Private
94748,0.3132797,Private
94749,0.3422295,Public
94750,0.1187681,Public
94754,0.6632346,Private
94758,0.6222782,Public
94767,0.1553717,Public
94769,0.4257419,Public
94776,0.5349174,Private
94784,0.08508668,Public
94788,0.09932847,Public
94795,0.2951787,Private
94803,0.0879569,Private
94806,0.0808112,Private
94809,0.5071774,Private
94812,0.3442606,Public
94818,0.158031,Public
94819,0.4989465,Public
94822,0.5607847,Public
94826,0.08952475,Public
94828,0.2635787,Private
94832,0.6157032,Public
94833,0.2395926,Public
94835,0.352912,Private
94836,0.2722708,Public
94838,0.09672018,Private
94840,0.08403784,Public
94841,0.3354436,Private
94847,0.6185079,Public
94848,0.1551692,Public
94851,0.6205162,Private
94856,0.3187785,Public
94861,0.3655752,Public
94864,0.06114155,Public
94870,0.271472,Private
94873,0.06342128,Public
94875,0.08161695,Private
94876,0.2322391,Private
94880,0.07676188,Private
94883,0.08491098,Private
94894,0.4675193,Public
94904,0.5701984,Private
94908,0.09649661,Public
94913,0.4298713,Public
94914,0.08281686,Private
94922,0.6775835,Private
94933,0.2147916,Public
94934,0.5594006,Private
94936,0.2988759,Private
94939,0.4190811,Public
94941,0.4859126,Private
94947,0.4608553,Private
94950,0.5064494,Private
94955,0.5918314,Private
94960,0.1408061,Public
94964,0.1237457,Private
94973,0.01497989,Public
94974,0.1307212,Private
94986,0.07558938,Private
94991,0.4979079,Private
94993,0.5826775,Public
95002,0.08321924,Public
95003,0.04428948,Private
95005,0.04558562,Public
95007,0.4792118,Public
95010,0.4485016,Public
95017,0.5177035,Private
95018,0.5690732,Public
95021,0.3187494,Private
95025,0.1203429,Private
95028,0.06990261,Private
95035,0.1488285,Private
95036,0.3208314,Public
95037,0.667878,Public
95040,0.6724764,Public
95043,0.5290947,Private
95055,0.1031142,Private
95071,0.158816,Private
95074,0.03208696,Private
95077,0.2594534,Private
95081,0.1782777,Private
95083,0.3575885,Private
95084,0.4886114,Public
95087,0.5044518,Public
95089,0.2001291,Private
95091,0.02217323,Private
95095,0.5719969,Private
95097,0.04872566,Public
95102,0.366636,Private
95106,0.09538879,Public
95126,0.123437,Public
95135,0.2600586,Private
95139,0.1342444,Private
95143,0.07584739,Public
95150,0.06606501,Public
95155,0.1285905,Private
95158,0.1477874,Public
95162,0.3757677,Public
95167,0.149298,Private
95168,0.4521947,Private
95172,0.5540465,Public
95173,0.08430874,Private
95178,0.5740819,Private
95189,0.3013738,Public
95193,0.5232366,Public
95195,0.1045641,Public
95197,0.1132426,Public
95217,0.02937941,Private
95230,0.0475889,Public
95232,0.6084709,Private
95237,0.7403796,Public
95238,0.489377,Private
95241,0.233196,Private
95242,0.4172768,Private
95243,0.222352,Private
95244,0.5135649,Private
95250,0.0907606,Public
95257,0.283412,Private
95259,0.3360778,Private
95276,0.1201406,Private
95279,0.1367534,Public
95285,0.6613384,Public
95286,0.3076873,Public
95294,0.3998313,Private
95298,0.225333,Public
95302,0.5374919,Public
95307,0.3345748,Private
95311,0.1608758,Public
95314,0.4074302,Private
95315,0.5377442,Public
95317,0.2033388,Private
95319,0.1157022,Public
95321,0.3447181,Private
95344,0.3625433,Private
95353,0.416448,Public
95355,0.09540908,Public
95360,0.5371719,Private
95361,0.05295066,Private
95364,0.08730923,Public
95365,0.1251597,Private
95368,0.09038326,Public
95369,0.7117794,Public
95370,0.5254366,Public
95372,0.5134975,Public
95373,0.1010256,Public
95385,0.5073602,Public
95387,0.0845853,Public
95391,0.5667806,Public
95393,0.06880355,Private
95394,0.1151105,Private
95402,0.1666557,Public
95405,0.05225234,Public
95422,0.08159424,Private
95432,0.2665283,Private
95435,0.4514346,Private
95450,0.3821349,Public
95457,0.3333327,Public
95462,0.3109448,Public
95465,0.4525018,Private
95467,0.4750668,Public
95478,0.2056154,Public
95479,0.5949454,Public
95488,0.2692658,Private
95505,0.1462882,Public
95508,0.5532181,Private
95512,0.1229175,Public
95514,0.1507546,Public
95548,0.08441848,Public
95561,0.6082426,Private
95564,0.1429268,Public
95566,0.5377561,Public
95570,0.5291311,Private
95574,0.5986329,Public
95575,0.04471013,Public
95576,0.4705652,Public
95582,0.5522335,Private
95583,0.08645446,Public
95596,0.4877037,Private
95598,0.2728457,Private
95605,0.6883078,Private
95608,0.1495282,Public
95619,0.08572347,Private
95627,0.08077193,Private
95640,0.4438937,Private
95647,0.7355078,Public
95648,0.5814065,Private
95655,0.1054696,Private
95660,0.3191719,Private
95665,0.06142839,Public
95668,0.5268387,Private
95669,0.1050899,Private
95671,0.146014,Private
95673,0.3385024,Private
95676,0.5327505,Private
95679,0.1378267,Public
95682,0.08645649,Public
95685,0.06848297,Public
95686,0.08744049,Private
95689,0.2760702,Public
95690,0.4915806,Private
95694,0.1603801,Private
95712,0.1315867,Private
95722,0.5371262,Private
95726,0.2321058,Private
95729,0.3599474,Public
95730,0.7209706,Public
95742,0.5454887,Private
95755,0.5802449,Private
95756,0.07339855,Public
95761,0.06598884,Public
95765,0.4693979,Private
95776,0.1432777,Public
95797,0.4924225,Private
95798,0.1320808,Public
95804,0.2469052,Private
95807,0.5010029,Private
95818,0.5662735,Private
95831,0.5396134,Private
95839,0.1154799,Public
95844,0.07436737,Public
95850,0.1128031,Private
95871,0.07624723,Public
95874,0.5370179,Private
95883,0.09928264,Public
95895,0.5139498,Private
95904,0.2427495,Public
95912,0.2253756,Private
95914,0.1200697,Private
95917,0.09186206,Public
95920,0.6463946,Public
95924,0.3196213,Private
95932,0.5662557,Private
95941,0.2947595,Private
95942,0.3064528,Private
95946,0.09424671,Private
95952,0.5436534,Private
95957,0.1128361,Private
95966,0.5777678,Private
95971,0.5413774,Public
95980,0.293276,Private
95981,0.3404577,Private
95998,0.3305858,Public
96004,0.544489,Public
96005,0.1336065,Private
96006,0.2770637,Private
96011,0.1659187,Public
96013,0.06652561,Private
96019,0.5433809,Private
96020,0.5654579,Public
96025,0.1649229,Private
96029,0.0765709,Public
96038,0.05492125,Private
96044,0.1229093,Public
96049,0.1489925,Private
96052,0.4157189,Public
96053,0.1136988,Private
96055,0.1802149,Private
96056,0.4809963,Public
96059,0.7710784,Private
96063,0.5692949,Public
96074,0.631519,Private
96077,0.5015661,Private
96084,0.6377055,Private
96090,0.5566536,Private
96102,0.434751,Private
96111,0.4369213,Public
96113,0.5321231,Public
96121,0.3234144,Public
96122,0.2355414,Public
96126,0.04954237,Private
96134,0.05298357,Public
96136,0.07188293,Private
96157,0.05494548,Public
96159,0.6200526,Public
96164,0.111213,Private
96167,0.1259101,Public
96170,0.3311633,Private
96172,0.6077009,Private
96176,0.6731454,Private
96178,0.4544123,Private
96190,0.08090048,Private
96195,0.2978304,Public
96198,0.5142984,Private
96211,0.4119798,Public
96214,0.5535164,Public
96218,0.04227131,Private
96228,0.135569,Private
96230,0.6435416,Private
96235,0.6202931,Private
96248,0.2160153,Private
96255,0.7770985,Private
96257,0.02788383,Public
96258,0.1069277,Public
96262,0.5401975,Private
96264,0.4366124,Private
96271,0.1557024,Public
96276,0.3693912,Public
96278,0.0550167,Public
96294,0.1459112,Private
96299,0.3252218,Public
96300,0.1546621,Public
96304,0.5804858,Public
96305,0.1646432,Public
96320,0.3940321,Private
96324,0.08826312,Private
96326,0.04665102,Public
96328,0.3515896,Private
96334,0.1185048,Private
96339,0.198094,Private
96341,0.05100819,Public
96342,0.1215352,Public
96343,0.6073062,Private
96347,0.1118383,Private
96349,0.1523802,Public
96350,0.2343892,Private
96354,0.3209033,Public
96358,0.08017568,Public
96359,0.4306419,Public
96362,0.3187149,Private
96366,0.3600802,Public
96368,0.4994939,Public
96376,0.4965332,Public
96384,0.1195101,Public
96388,0.1866986,Public
96389,0.1137084,Private
96393,0.271248,Private
96398,0.348076,Public
96399,0.4861596,Public
96400,0.5094168,Private
96402,0.4620298,Public
96409,0.3531487,Public
96410,0.1151684,Private
96415,0.07184681,Private
96425,0.4406103,Public
96443,0.206989,Public
96448,0.6061927,Public
96456,0.1009949,Public
96458,0.115562,Private
96459,0.5208923,Private
96463,0.5215913,Public
96467,0.059148,Public
96468,0.6883076,Public
96469,0.03609461,Public
96478,0.1215244,Private
96497,0.5548425,Public
96500,0.03815429,Private
96501,0.09243759,Private
96502,0.5530761,Private
96507,0.09880417,Private
96510,0.1070459,Private
96519,0.558043,Private
96523,0.5186732,Public
96526,0.2883438,Public
96534,0.4233957,Public
96545,0.08956462,Private
96546,0.5599307,Private
96552,0.1459565,Public
96573,0.1492974,Private
96574,0.1688238,Private
96580,0.5914951,Private
96595,0.1451982,Public
96601,0.2472913,Public
96604,0.1225422,Private
96607,0.1724035,Public
96619,0.09636232,Private
96632,0.5886046,Public
96633,0.09914768,Public
96635,0.1227145,Public
96637,0.06679584,Private
96638,0.3465585,Public
96645,0.1293153,Private
96646,0.4771599,Public
96652,0.5207952,Private
96653,0.1285049,Public
96658,0.5477256,Public
96664,0.04648475,Private
96666,0.0776303,Private
96671,0.1677787,Private
96674,0.2032019,Private
96681,0.2814004,Public
96682,0.49115,Private
96686,0.03980267,Public
96689,0.07312912,Private
96691,0.1399521,Private
96705,0.2467998,Private
96708,0.1463245,Private
96709,0.1806096,Private
96712,0.416509,Private
96717,0.6163439,Public
96718,0.1260991,Private
96722,0.6057009,Private
96726,0.6761614,Public
96731,0.3847093,Private
96737,0.0682596,Public
96745,0.1401307,Private
96752,0.1621409,Private
96764,0.1230771,Public
96765,0.5630593,Public
96766,0.7628608,Private
96770,0.07718105,Public
96774,0.15761,Private
96784,0.08475629,Public
96800,0.06694046,Public
96804,0.1538367,Public
96807,0.1332216,Private
96808,0.5526609,Private
96809,0.1579394,Private
96815,0.1270456,Private
96817,0.2308724,Private
96822,0.1107583,Public
96825,0.09902819,Public
96826,0.5930148,Private
96828,0.5847533,Public
96834,0.5014997,Private
96836,0.1525882,Private
96837,0.04543201,Private
96869,0.5428466,Private
96877,0.3061965,Private
96880,0.291495,Private
96894,0.1481404,Private
96898,0.07894425,Public
96899,0.691965,Public
96906,0.1543782,Public
96914,0.07576036,Private
96918,0.3513706,Private
96925,0.1214889,Private
96931,0.1045547,Public
96934,0.09710079,Private
96946,0.08076182,Public
96955,0.1580664,Private
96965,0.7670613,Public
96967,0.05922559,Private
96969,0.6389071,Private
96972,0.05677673,Public
96982,0.6092159,Public
96987,0.4411806,Public
96992,0.5229616,Public
96999,0.5348473,Public
97001,0.05981423,Public
97007,0.08151718,Public
97013,0.5594317,Public
97016,0.0219117,Private
97019,0.06030205,Public
97033,0.301026,Public
97048,0.49218,Private
97049,0.02715337,Public
97050,0.1655501,Private
97053,0.1604876,Private
97064,0.62365,Private
97065,0.4877163,Private
97067,0.798402,Private
97069,0.5304381,Private
97070,0.08466171,Private
97095,0.07366729,Public
97097,0.5809814,Private
97101,0.6669096,Private
97102,0.09408414,Private
97114,0.1327857,Public
97117,0.7263623,Public
97132,0.5709,Private
97134,0.6001548,Public
97138,0.3785825,Private
97156,0.1908906,Public
97158,0.4849221,Public
97162,0.4243939,Public
97164,0.1055562,Private
97167,0.1227259,Private
97168,0.1460235,Private
97170,0.06329191,Private
97171,0.06398206,Private
97175,0.07420308,Public
97177,0.1045651,Public
97183,0.3496076,Private
97187,0.1863652,Private
97193,0.1892672,Public
97198,0.1375478,Private
97201,0.3379114,Public
97203,0.2918594,Private
97210,0.5027662,Private
97212,0.05502642,Public
97214,0.6034482,Private
97215,0.2216168,Private
97224,0.5962931,Private
97227,0.63445,Private
97233,0.1597682,Public
97234,0.543917,Public
97236,0.5280168,Public
97239,0.4572287,Public
97241,0.3123335,Public
97244,0.6387507,Private
97260,0.1530547,Public
97262,0.04953291,Private
97272,0.08773968,Public
97273,0.09559735,Public
97279,0.1062381,Private
97282,0.6036819,Private
97283,0.2641456,Private
97299,0.1033769,Public
97300,0.486384,Private
97321,0.01706246,Public
97327,0.06436711,Private
97328,0.1142736,Private
97341,0.07851467,Public
97347,0.07306721,Private
97352,0.4390553,Private
97353,0.1153941,Public
97355,0.1036693,Public
97359,0.5382431,Private
97365,0.1112107,Public
97376,0.03191409,Public
97379,0.116039,Public
97382,0.5531204,Private
97386,0.1646741,Public
97391,0.1163023,Private
97393,0.1771865,Private
97394,0.04698724,Public
97395,0.06623797,Public
97399,0.3862894,Private
97400,0.08520246,Public
97401,0.1628818,Public
97406,0.4807757,Public
97416,0.4981616,Private
97418,0.0938316,Private
97419,0.04174544,Private
97425,0.1357055,Public
97432,0.2069837,Public
97434,0.5037757,Private
97445,0.1612867,Public
97454,0.1361432,Private
97455,0.5285237,Private
97462,0.1355239,Public
97468,0.1045914,Private
97470,0.5801938,Private
97482,0.0792526,Private
97483,0.08043136,Public
97484,0.09180105,Private
97495,0.08554322,Public
97504,0.05269837,Private
97507,0.2182699,Public
97516,0.3264063,Public
97518,0.2641592,Private
97520,0.0991978,Public
97532,0.4982214,Public
97543,0.2387337,Private
97544,0.1304577,Public
97550,0.1650954,Private
97551,0.4192864,Private
97553,0.3689072,Public
97556,0.1965401,Private
97557,0.4827202,Private
97575,0.5247568,Private
97577,0.1112389,Private
97579,0.08320992,Private
97583,0.2971465,Private
97584,0.09561463,Public
97604,0.09520487,Private
97615,0.134917,Public
97616,0.05443212,Public
97617,0.5109494,Public
97624,0.07371612,Private
97628,0.4723741,Public
97647,0.07802351,Public
97648,0.06342384,Public
97655,0.08557171,Public
97659,0.08138328,Private
97660,0.4854723,Public
97670,0.08368025,Public
97673,0.06620066,Private
97675,0.07799255,Public
97684,0.6303446,Public
97687,0.03681003,Private
97691,0.3306427,Private
97696,0.3208284,Public
97701,0.2951785,Private
97703,0.4902837,Private
97708,0.1304569,Private
97719,0.4724336,Public
97720,0.0624944,Private
97724,0.1826769,Private
97727,0.69142,Private
97731,0.5354988,Private
97737,0.08345412,Private
97738,0.1851237,Private
97746,0.3116147,Public
97747,0.173402,Public
97765,0.07216702,Private
97768,0.6064489,Public
97778,0.06555928,Private
97782,0.07474634,Private
97785,0.06449239,Private
97787,0.09204379,Public
97788,0.5959915,Private
97793,0.580308,Private
97794,0.2192324,Private
97802,0.1453422,Private
97803,0.123948,Public
97813,0.134286,Private
97814,0.09846142,Public
97815,0.1387804,Private
97816,0.4687473,Public
97819,0.5534105,Public
97820,0.05209059,Public
97823,0.06401768,Public
97829,0.293474,Private
97834,0.08250277,Private
97839,0.2613126,Public
97843,0.07625361,Public
97846,0.05565664,Private
97851,0.5949845,Public
97856,0.30569,Public
97859,0.1161198,Public
97860,0.3630038,Private
97867,0.09526276,Private
97868,0.06333613,Public
97883,0.06316815,Private
97885,0.6801903,Private
97888,0.05738206,Private
97912,0.4757465,Private
97915,0.5560931,Private
97921,0.1770907,Private
97935,0.1375727,Private
97938,0.4985611,Public
97939,0.2175688,Private
97944,0.6162432,Private
97945,0.1212762,Public
97949,0.2847593,Public
97950,0.484433,Public
97966,0.1045717,Public
97975,0.04050322,Public
97978,0.1593714,Public
97983,0.02519568,Public
97992,0.573159,Private
97995,0.6171808,Public
97996,0.6552809,Public
98004,0.1486368,Public
98008,0.05642163,Public
98009,0.5834792,Public
98010,0.5952083,Private
98018,0.6181663,Public
98019,0.3951776,Public
98028,0.1322521,Private
98034,0.4306687,Private
98039,0.5589908,Public
98049,0.326587,Public
98054,0.15376,Private
98058,0.6193602,Public
98062,0.04905637,Public
98064,0.1060637,Private
98068,0.1452228,Private
98074,0.6767807,Private
98085,0.7484622,Public
98095,0.09821378,Private
98098,0.6229197,Private
98102,0.4497826,Private
98107,0.3009376,Public
98116,0.1108661,Public
98119,0.09876739,Public
98121,0.06159806,Private
98127,0.08429325,Public
98129,0.5156462,Public
98130,0.4283902,Public
98131,0.1270827,Public
98132,0.7907606,Private
98134,0.1268734,Public
98141,0.1219127,Public
98142,0.4764243,Private
98147,0.109332,Private
98153,0.60406,Private
98154,0.0870124,Private
98155,0.1187741,Public
98165,0.1286481,Public
98168,0.3611058,Public
98169,0.08630793,Private
98171,0.4843702,Private
98173,0.6053612,Public
98187,0.5537587,Private
98197,0.714251,Private
98207,0.08677489,Private
98209,0.4743422,Public
98216,0.113333,Public
98217,0.194473,Private
98221,0.3124416,Private
98239,0.08107906,Private
98242,0.3839645,Private
98243,0.03810316,Public
98250,0.1036336,Private
98251,0.5125563,Public
98258,0.09631256,Public
98262,0.1015305,Public
98268,0.6100072,Public
98270,0.695935,Public
98276,0.183586,Private
98289,0.08077021,Private
98296,0.6971608,Public
98300,0.5734372,Public
98315,0.1108504,Public
98317,0.281552,Public
98318,0.3037069,Public
98322,0.1370989,Private
98327,0.1225178,Private
98328,0.2654257,Private
98331,0.5216061,Private
98333,0.1957184,Private
98343,0.4806055,Public
98354,0.2217659,Public
98355,0.09544475,Public
98358,0.5323263,Public
98373,0.1245378,Private
98374,0.05577925,Public
98378,0.1687114,Public
98384,0.5674998,Public
98387,0.0531129,Public
98396,0.06537989,Private
98414,0.5832196,Public
98416,0.1484894,Private
98420,0.3361877,Public
98421,0.7139956,Public
98439,0.4336101,Public
98440,0.1517036,Private
98455,0.2084348,Public
98458,0.1147031,Private
98464,0.120322,Public
98472,0.2679115,Private
98484,0.1412547,Private
98485,0.4721742,Private
98487,0.1272387,Public
98490,0.6461036,Public
98492,0.4485324,Private
98495,0.2952833,Private
98498,0.6162395,Public
98501,0.6826315,Public
98502,0.495208,Public
98506,0.1479671,Public
98510,0.1190168,Public
98514,0.5177802,Public
98515,0.5537078,Public
98521,0.081349,Private
98526,0.4705311,Private
98532,0.6096175,Private
98539,0.5074053,Private
98549,0.3713846,Private
98553,0.1754589,Public
98560,0.480125,Private
98561,0.6269762,Public
98571,0.3269198,Public
98575,0.5373605,Private
98576,0.1392278,Public
98578,0.5070429,Private
98581,0.3780442,Private
98582,0.4944698,Public
98591,0.1683044,Public
98594,0.4781089,Private
98596,0.1376945,Private
98610,0.02640814,Private
98612,0.08624507,Public
98615,0.4909445,Private
98621,0.6175727,Public
98624,0.1389814,Public
98625,0.2354021,Private
98627,0.04987767,Public
98630,0.05972902,Public
98635,0.6370996,Public
98636,0.2794602,Private
98643,0.3491352,Private
98644,0.5327002,Private
98661,0.5358024,Public
98663,0.1503911,Public
98664,0.1351471,Private
98671,0.2433556,Public
98672,0.6753621,Public
98673,0.5338204,Public
98676,0.2294416,Private
98678,0.3860399,Private
98679,0.1080439,Public
98683,0.5801056,Public
98685,0.2249632,Private
98693,0.07612818,Private
98705,0.09466498,Public
98709,0.6238478,Public
98711,0.3140188,Private
98713,0.07190846,Private
98714,0.05732014,Private
98721,0.08024869,Private
98723,0.0809841,Private
98730,0.06137506,Public
98736,0.5060495,Public
98737,0.1501205,Public
98740,0.4628502,Private
98752,0.3664976,Public
98753,0.4630574,Public
98756,0.08721984,Public
98759,0.6424429,Private
98761,0.5746657,Private
98764,0.03022094,Public
98766,0.06133238,Public
98771,0.4862527,Private
98774,0.5006133,Public
98781,0.509904,Private
98782,0.5057976,Public
98785,0.6171501,Private
98794,0.483094,Public
98797,0.2653151,Private
98800,0.6007095,Public
98806,0.06261506,Public
98818,0.3412364,Private
98825,0.5122885,Private
98829,0.07639315,Private
98830,0.3794758,Private
98832,0.06279659,Private
98833,0.3631777,Private
98841,0.2922954,Public
98844,0.6366205,Private
98848,0.2579848,Public
98854,0.05762018,Public
98864,0.4939469,Private
98872,0.0409084,Public
98874,0.2869294,Public
98877,0.4953746,Public
98884,0.2855387,Private
98889,0.06531749,Private
98897,0.1057926,Public
98900,0.4720968,Public
98906,0.1229349,Public
98908,0.08777621,Public
98912,0.3320462,Public
98920,0.07894685,Public
98925,0.2904888,Private
98929,0.4426592,Private
98935,0.4804892,Public
98938,0.5077099,Public
98945,0.4103029,Public
98951,0.597021,Public
98954,0.4386287,Public
98957,0.08278728,Private
98961,0.1308052,Private
98965,0.02786669,Public
98966,0.2893799,Public
98979,0.0666977,Private
98992,0.5197082,Private
98993,0.3657762,Public
98997,0.5183619,Private
99003,0.2229285,Public
99016,0.4590448,Private
99019,0.1274934,Public
99020,0.4440641,Private
99027,0.3547951,Public
99037,0.08446673,Private
99039,0.4189356,Private
99044,0.2949742,Private
99046,0.05142314,Private
99048,0.1201522,Public
99050,0.142838,Private
99052,0.5062738,Public
99055,0.07831715,Private
99082,0.1070939,Public
99085,0.5998064,Public
99086,0.5455808,Public
99092,0.05308695,Private
99093,0.4453453,Private
99094,0.1341534,Public
99095,0.114134,Private
99112,0.3187482,Public
99117,0.5230144,Public
99119,0.4632644,Public
99122,0.4832932,Private
99128,0.5513092,Private
99130,0.3468635,Private
99133,0.3231292,Public
99144,0.4422022,Public
99153,0.1544268,Private
99157,0.4046291,Public
99162,0.1210718,Private
99165,0.5716764,Private
99166,0.5199172,Public
99168,0.1707062,Public
99183,0.0769567,Private
99188,0.6160839,Private
99189,0.6005692,Private
99196,0.05930577,Private
99206,0.08280204,Public
99207,0.07684657,Private
99212,0.07248433,Private
99214,0.1257009,Private
99225,0.338687,Public
99235,0.5249479,Private
99239,0.2965203,Public
99247,0.25705,Public
99248,0.1021237,Private
99256,0.04977458,Private
99257,0.3666812,Private
99262,0.08153594,Private
99283,0.4555865,Public
99287,0.116949,Private
99290,0.175968,Private
99292,0.6829173,Private
99299,0.2768525,Private
99301,0.3774304,Private
99312,0.5606548,Private
99313,0.5534403,Public
99320,0.140161,Private
99325,0.7258311,Public
99328,0.445348,Public
99331,0.2779322,Private
99332,0.1088507,Private
99333,0.060183,Private
99334,0.06185151,Public
99338,0.05660348,Public
99339,0.09453434,Private
99341,0.6715348,Private
99343,0.5819741,Private
99347,0.5702744,Private
99350,0.2891328,Public
99360,0.332842,Private
99361,0.6424524,Public
99364,0.5321432,Private
99368,0.2025228,Private
99375,0.1126793,Public
99381,0.04837527,Private
99382,0.07482788,Private
99385,0.07539304,Public
99386,0.7332573,Public
99395,0.6521661,Private
99398,0.6201136,Private
99407,0.5501938,Private
99409,0.1037298,Public
99410,0.5496383,Private
99414,0.2453023,Public
99416,0.02741024,Public
99419,0.6333989,Public
99421,0.3134488,Public
99423,0.5915667,Public
99436,0.7565505,Public
99437,0.341534,Public
99441,0.04171393,Private
99444,0.1424508,Public
99445,0.1479828,Public
99460,0.1446502,Private
99466,0.4391974,Private
99468,0.06789015,Private
99473,0.2638084,Public
99479,0.6255597,Private
99491,0.1288712,Private
99493,0.4980665,Private
99494,0.162283,Private
99495,0.08854833,Public
99502,0.4779669,Public
99504,0.3101113,Public
99507,0.4622289,Public
99515,0.3707205,Private
99519,0.08284736,Public
99522,0.5331633,Private
99523,0.1312729,Private
99529,0.489729,Private
99533,0.5212495,Public
99539,0.07068223,Private
99551,0.0750481,Public
99553,0.2943554,Public
99557,0.1133807,Public
99558,0.08420157,Public
99559,0.111237,Private
99561,0.08150384,Public
99562,0.1065456,Private
99564,0.5505297,Public
99567,0.1451678,Private
99572,0.2511831,Public
99573,0.6079147,Private
99575,0.5100434,Public
99583,0.1005809,Private
99589,0.3932462,Private
99592,0.4381638,Private
99598,0.1196026,Public
99602,0.1031901,Private
99606,0.6209761,Private
99613,0.02755378,Private
99626,0.1228217,Private
99628,0.1334562,Private
99633,0.08367479,Private
99640,0.5215387,Private
99642,0.1471711,Public
99648,0.4140186,Public
99657,0.5274116,Private
99659,0.1639762,Private
99663,0.05842526,Public
99670,0.3117982,Public
99672,0.1430667,Public
99675,0.1448035,Public
99680,0.1707575,Private
99683,0.5123704,Private
99686,0.1620206,Public
99694,0.4138478,Public
99700,0.0219903,Public
99703,0.07629371,Private
99711,0.05812117,Private
99713,0.08336411,Public
99717,0.5588108,Public
99721,0.07314108,Private
99723,0.09291233,Private
99731,0.1084119,Private
99733,0.3504579,Public
99741,0.5212537,Private
99747,0.6372709,Private
99751,0.5325035,Private
99757,0.07137981,Public
99765,0.1840103,Public
99771,0.0695468,Public
99774,0.5374519,Private
99775,0.4852237,Private
99780,0.6692105,Public
99788,0.6170255,Private
99792,0.1523044,Private
99808,0.05891568,Public
99812,0.7438892,Private
99822,0.09518365,Private
99826,0.07727248,Public
99830,0.1439348,Private
99834,0.05073459,Public
99838,0.3481264,Private
99847,0.2801146,Private
99849,0.1515326,Private
99851,0.1469415,Private
99856,0.1349208,Public
99860,0.6073875,Public
99862,0.103723,Private
99868,0.4741479,Public
99870,0.1117009,Private
99878,0.1273592,Public
99880,0.5121179,Public
99888,0.4464847,Private
99890,0.0933057,Private
99910,0.551393,Private
99926,0.2736975,Private
99928,0.1552124,Public
99942,0.1011299,Private
99944,0.08055501,Private
99949,0.1238702,Private
99951,0.1303352,Public
99959,0.1088221,Private
99961,0.2381814,Public
99962,0.4915804,Private
99979,0.07167053,Public
99981,0.1253211,Private
99982,0.1926476,Private
99985,0.5220959,Private
99990,0.4148946,Private
99995,0.4820265,Private
99997,0.4111195,Public
